ISO-10303-21;
HEADER;
FILE_DESCRIPTION(('ViewDefinition [ReferenceView_V1.2]','RevitIdentifiers [ContentGUID: 5e0321e6-8559-4e76-8107-13dbbda34446, VersionGUID: fa7d7377-5a09-4ea7-9a13-082165c926bd, NumberOfSaves: 0]','CoordinateReference [CoordinateBase: Shared Coordinates]','ExchangeRequirement [Architecture]'),'2;1');
FILE_NAME('native.ifc','2026-09-11T21:54:42+01:00',(''),(''),'ODA SDAI 24.12','Autodesk Revit 25.4.50.35 (ENG) - IFC 25.4.50.35','');
FILE_SCHEMA(('IFC4'));
ENDSEC;

DATA;
#1=IFCORGANIZATION($,'Autodesk Revit 2025 (ENG)',$,$,$);
#2=IFCAPPLICATION(#1,'2025','Autodesk Revit 2025 (ENG)','Revit');
#3=IFCCARTESIANPOINT((0.,0.,0.));
#4=IFCCARTESIANPOINT((0.,0.));
#5=IFCDIRECTION((1.,0.,0.));
#6=IFCDIRECTION((-1.,0.,0.));
#7=IFCDIRECTION((0.,1.,0.));
#8=IFCDIRECTION((0.,-1.,0.));
#9=IFCDIRECTION((0.,0.,1.));
#10=IFCDIRECTION((0.,0.,-1.));
#11=IFCDIRECTION((1.,0.));
#12=IFCDIRECTION((-1.,0.));
#13=IFCDIRECTION((0.,1.));
#14=IFCDIRECTION((0.,-1.));
#15=IFCPERSON($,'','peiling.song',$,$,$,$,$);
#16=IFCORGANIZATION($,'','',$,$);
#17=IFCPERSONANDORGANIZATION(#15,#16,$);
#18=IFCOWNERHISTORY(#17,#2,$,.NOCHANGE.,$,$,$,1789156480);
#19=IFCSIUNIT(*,.LENGTHUNIT.,.MILLI.,.METRE.);
#20=IFCSIUNIT(*,.AREAUNIT.,$,.SQUARE_METRE.);
#21=IFCSIUNIT(*,.VOLUMEUNIT.,$,.CUBIC_METRE.);
#22=IFCAXIS2PLACEMENT3D(#3,$,$);
#23=IFCDIRECTION((6.123233995736766E-017,1.));
#24=IFCGEOMETRICREPRESENTATIONCONTEXT($,'Model',3,0.01,#22,#23);
#25=IFCGEOMETRICREPRESENTATIONSUBCONTEXT('Axis','Model',*,*,*,*,#24,$,.GRAPH_VIEW.,$);
#26=IFCGEOMETRICREPRESENTATIONSUBCONTEXT('Body','Model',*,*,*,*,#24,$,.MODEL_VIEW.,$);
#27=IFCGEOMETRICREPRESENTATIONSUBCONTEXT('Box','Model',*,*,*,*,#24,$,.MODEL_VIEW.,$);
#28=IFCGEOMETRICREPRESENTATIONSUBCONTEXT('FootPrint','Model',*,*,*,*,#24,$,.MODEL_VIEW.,$);
#29=IFCPROJECT('1U0o7cXLbETe474zj2NBks',#18,'Project Number',$,$,'Project Name','Project Status',(#24),#4797);
#30=IFCCLASSIFICATION('CSI (Construction Specifications Institute)','1998',$,'Uniformat','UniFormat Classification','https://www.csiresources.org/standards/uniformat',$);
#31=IFCAXIS2PLACEMENT3D(#3,$,$);
#32=IFCLOCALPLACEMENT(#43,#31);
#33=IFCPOSTALADDRESS($,$,$,$,('Enter address here'),$,'London','London','','United Kingdom');
#34=IFCBUILDING('1U0o7cXLbETe474zj2NBkt',#18,'',$,$,#32,$,'',.ELEMENT.,$,$,#33);
#35=IFCAXIS2PLACEMENT3D(#3,$,$);
#36=IFCLOCALPLACEMENT(#32,#35);
#37=IFCBUILDINGSTOREY('3Zu5Bv0LOHrPC10026FoQQ',#18,'Level 0',$,'Level:Circle Head - Project Datum',#36,$,'Level 0',.ELEMENT.,0.);
#38=IFCCARTESIANPOINT((0.,0.,4000.));
#39=IFCAXIS2PLACEMENT3D(#38,$,$);
#40=IFCLOCALPLACEMENT(#32,#39);
#41=IFCBUILDINGSTOREY('15Z0v90RiHrPC20026FoKR',#18,'Level 1',$,'Level:Circle Head - Project Datum',#40,$,'Level 1',.ELEMENT.,3999.9999999999995);
#42=IFCAXIS2PLACEMENT3D(#3,$,$);
#43=IFCLOCALPLACEMENT($,#42);
#44=IFCSITE('1U0o7cXLbETe474zj2NBkq',#18,'Default',$,$,#43,$,$,.ELEMENT.,(51,30,23,112487),(0,-7,-37,-956022),0.,$,$);
#45=IFCPROPERTYSINGLEVALUE('Reference',$,IFCIDENTIFIER('Project Information'),$);
#46=IFCPROPERTYSET('0FDQphprtdlWn4aNnsT1Mb',#18,'Pset_SiteCommon',$,(#45));
#47=IFCRELDEFINESBYPROPERTIES('3Kkc$ym9u4fJL15Tmo$dGt',#18,$,$,(#44),#46);
#48=IFCCARTESIANPOINT((-8503.7815747839832,3973.8453227365471,0.));
#49=IFCAXIS2PLACEMENT3D(#48,$,$);
#50=IFCLOCALPLACEMENT(#36,#49);
#51=IFCCARTESIANPOINTLIST3D(((2.1480283411876043E-013,0.,0.),(13290.000000000024,0.,0.)));
#52=IFCINDEXEDPOLYCURVE(#51,$,.F.);
#53=IFCSHAPEREPRESENTATION(#25,'Axis','Curve3D',(#52));
#54=IFCPRODUCTDEFINITIONSHAPE($,$,(#53,#99));
#55=IFCCARTESIANPOINTLIST2D(((-6818.7500000000109,-3.1249999999781735),(1328.750000000007,-3.1250000000041624),(1453.750000000008,-3.1250000000047038),(5891.2500000000082,-3.125000000018781),(5903.7500000000073,-3.125000000018781),(5903.7500000000073,9.3749999999810836),(-6831.2500000000146,9.3750000000216911),(-6831.2500000000127,-3.1249999999781735),(-6818.7500000000109,-3.1249999999781735)));
#56=IFCINDEXEDPOLYCURVE(#55,$,.F.);
#57=IFCARBITRARYCLOSEDPROFILEDEF(.AREA.,'Wall-Ext_102Bwk-75Ins-100LBlk-12P',#56);
#58=IFCCARTESIANPOINT((7108.7500000000155,-141.87499999999969,0.));
#59=IFCAXIS2PLACEMENT3D(#58,$,$);
#60=IFCEXTRUDEDAREASOLID(#57,#59,#9,3999.9999999999995);
#61=IFCSIUNIT(*,.PLANEANGLEUNIT.,$,.RADIAN.);
#62=IFCDIMENSIONALEXPONENTS(0,0,0,0,0,0,0);
#63=IFCMEASUREWITHUNIT(IFCPLANEANGLEMEASURE(0.017453292519943278),#61);
#64=IFCCONVERSIONBASEDUNIT(#62,.PLANEANGLEUNIT.,'DEGREE',#63);
#65=IFCCARTESIANPOINTLIST2D(((-6467.50000000001,-49.99999999997889),(6467.5000000000109,-50.000000000020577),(6467.5000000000109,49.99999999997943),(-6467.5000000000109,50.000000000021117),(-6467.50000000001,-49.99999999997889)));
#66=IFCINDEXEDPOLYCURVE(#65,$,.F.);
#67=IFCARBITRARYCLOSEDPROFILEDEF(.AREA.,'Wall-Ext_102Bwk-75Ins-100LBlk-12P',#66);
#68=IFCCARTESIANPOINT((6645.,-82.500000000000199,0.));
#69=IFCAXIS2PLACEMENT3D(#68,$,$);
#70=IFCEXTRUDEDAREASOLID(#67,#69,#9,3999.9999999999995);
#71=IFCCARTESIANPOINTLIST2D(((-6542.5000000000109,-37.499999999979565),(6542.5000000000091,-37.500000000021252),(6542.5000000000091,37.499999999979025),(-6542.5000000000091,37.500000000020712),(-6542.5000000000109,-37.499999999979565)));
#72=IFCINDEXEDPOLYCURVE(#71,$,.F.);
#73=IFCARBITRARYCLOSEDPROFILEDEF(.AREA.,'Wall-Ext_102Bwk-75Ins-100LBlk-12P',#72);
#74=IFCCARTESIANPOINT((6645.,5.,0.));
#75=IFCAXIS2PLACEMENT3D(#74,$,$);
#76=IFCEXTRUDEDAREASOLID(#73,#75,#9,3999.9999999999995);
#77=IFCCARTESIANPOINTLIST2D(((-51.250000000021373,-6645.00000000001),(51.249999999978606,-6645.00000000001),(51.250000000021373,6645.00000000001),(-51.249999999978606,6645.00000000001),(-51.250000000021373,-6645.00000000001)));
#78=IFCINDEXEDPOLYCURVE(#77,$,.F.);
#79=IFCARBITRARYCLOSEDPROFILEDEF(.AREA.,'Wall-Ext_102Bwk-75Ins-100LBlk-12P',#78);
#80=IFCCARTESIANPOINT((6645.,93.750000000000341,0.));
#81=IFCAXIS2PLACEMENT3D(#80,#9,#8);
#82=IFCEXTRUDEDAREASOLID(#79,#81,#9,3999.9999999999995);
#83=IFCCOLOURRGB($,0.97647058823529409,0.97647058823529409,0.97647058823529409);
#84=IFCSURFACESTYLERENDERING(#83,0.,$,$,$,$,IFCNORMALISEDRATIOMEASURE(0.5),IFCSPECULAREXPONENT(128.),.NOTDEFINED.);
#85=IFCSURFACESTYLE('Plaster',.BOTH.,(#84));
#86=IFCSTYLEDITEM(#60,(#85),$);
#87=IFCCOLOURRGB($,0.70980392156862748,0.70980392156862748,0.70980392156862748);
#88=IFCSURFACESTYLERENDERING(#87,0.,$,$,$,$,IFCNORMALISEDRATIOMEASURE(0.5),IFCSPECULAREXPONENT(64.),.NOTDEFINED.);
#89=IFCSURFACESTYLE('Concrete Masonry Units _Low Density',.BOTH.,(#88));
#90=IFCSTYLEDITEM(#70,(#89),$);
#91=IFCCOLOURRGB($,0.49803921568627452,0.49803921568627452,0.49803921568627452);
#92=IFCSURFACESTYLERENDERING(#91,0.,$,$,$,$,IFCNORMALISEDRATIOMEASURE(0.5),IFCSPECULAREXPONENT(64.),.NOTDEFINED.);
#93=IFCSURFACESTYLE('Fiberglass Batt',.BOTH.,(#92));
#94=IFCSTYLEDITEM(#76,(#93),$);
#95=IFCCOLOURRGB($,0.66666666666666663,0.39215686274509803,0.41176470588235292);
#96=IFCSURFACESTYLERENDERING(#95,0.,$,$,$,$,IFCNORMALISEDRATIOMEASURE(0.5),IFCSPECULAREXPONENT(128.),.NOTDEFINED.);
#97=IFCSURFACESTYLE('Brick, Common',.BOTH.,(#96));
#98=IFCSTYLEDITEM(#82,(#97),$);
#99=IFCSHAPEREPRESENTATION(#26,'Body','SweptSolid',(#60,#70,#76,#82));
#100=IFCSHAPEREPRESENTATION(#26,'Body','SweptSolid',(#82));
#101=IFCSHAPEASPECT((#100),'Brick, Common',$,.U.,#54);
#102=IFCSHAPEREPRESENTATION(#26,'Body','SweptSolid',(#76));
#103=IFCSHAPEASPECT((#102),'Fiberglass Batt',$,.U.,#54);
#104=IFCSHAPEREPRESENTATION(#26,'Body','SweptSolid',(#70));
#105=IFCSHAPEASPECT((#104),'Concrete Masonry Units _Low Density',$,.U.,#54);
#106=IFCSHAPEREPRESENTATION(#26,'Body','SweptSolid',(#60));
#107=IFCSHAPEASPECT((#106),'Plaster',$,.U.,#54);
#108=IFCWALL('3wVNDtMWbEfveJ225bpUrN',#18,'Basic Wall:Wall-Ext_102Bwk-75Ins-100LBlk-12P:314346',$,'Basic Wall:Wall-Ext_102Bwk-75Ins-100LBlk-12P',#50,#54,'314346',.NOTDEFINED.);
#109=IFCMATERIAL('Brick, Common',$,'Masonry');
#110=IFCMATERIAL('Fiberglass Batt',$,'Generic');
#111=IFCMATERIAL('Concrete Masonry Units _Low Density',$,'Masonry');
#112=IFCMATERIAL('Plaster',$,'Generic');
#113=IFCMATERIALCONSTITUENT('Brick, Common',$,#109,0.35344827586206895,'Masonry');
#114=IFCQUANTITYLENGTH('Width',$,$,102.5,$);
#115=IFCMATERIALCONSTITUENT('Fiberglass Batt',$,#110,0.25862068965517243,'Generic');
#116=IFCQUANTITYLENGTH('Width',$,$,75.,$);
#117=IFCMATERIALCONSTITUENT('Concrete Masonry Units _Low Density',$,#111,0.34482758620689657,'Masonry');
#118=IFCQUANTITYLENGTH('Width',$,$,100.,$);
#119=IFCMATERIALCONSTITUENT('Plaster',$,#112,0.043103448275862072,'Generic');
#120=IFCQUANTITYLENGTH('Width',$,$,12.5,$);
#121=IFCMATERIALCONSTITUENTSET('Basic Wall:Wall-Ext_102Bwk-75Ins-100LBlk-12P',$,(#113,#115,#117,#119));
#122=IFCPHYSICALCOMPLEXQUANTITY('Brick, Common',$,(#114),'Layer',$,$);
#123=IFCPHYSICALCOMPLEXQUANTITY('Fiberglass Batt',$,(#116),'Layer',$,$);
#124=IFCPHYSICALCOMPLEXQUANTITY('Concrete Masonry Units _Low Density',$,(#118),'Layer',$,$);
#125=IFCPHYSICALCOMPLEXQUANTITY('Plaster',$,(#120),'Layer',$,$);
#126=IFCQUANTITYLENGTH('Width',$,$,290.,$);
#127=IFCQUANTITYLENGTH('Height',$,$,3999.9999999999995,$);
#128=IFCQUANTITYLENGTH('Length',$,$,13000.,$);
#129=IFCQUANTITYVOLUME('GrossVolume',$,$,15.416400000000023,$);
#130=IFCQUANTITYAREA('GrossSideArea',$,$,53.160000000000082,$);
#131=IFCQUANTITYAREA('NetSideArea',$,$,53.160000000000082,$);
#132=IFCQUANTITYVOLUME('NetVolume',$,$,15.41640000000003,$);
#133=IFCELEMENTQUANTITY('10m5rKb3jMN2w3np5nzM2z',#18,'Qto_WallBaseQuantities',$,$,(#122,#123,#124,#125,#126,#127,#128,#129,#130,#131,#132));
#134=IFCRELDEFINESBYPROPERTIES('3ayqYQaonnHW4z0jOqtb$m',#18,$,$,(#108),#133);
#135=IFCWALLTYPE('2ru7YPT4T9MuTpOS4FRzxX',#18,'Basic Wall:Wall-Ext_102Bwk-75Ins-100LBlk-12P',$,$,(#155),$,'45419',$,.STANDARD.);
#136=IFCPROPERTYSINGLEVALUE('Reference',$,IFCIDENTIFIER('Wall-Ext_102Bwk-75Ins-100LBlk-12P'),$);
#137=IFCPROPERTYSET('1Ggbzl9ofxlSb5rOpDy5B3',#18,'Pset_EnvironmentalImpactIndicators',$,(#136));
#138=IFCPROPERTYSINGLEVALUE('Reference',$,IFCLABEL('Wall-Ext_102Bwk-75Ins-100LBlk-12P'),$);
#139=IFCPROPERTYSET('3fysuvBBOKk0NZsrzUAKP3',#18,'Pset_ReinforcementBarPitchOfWall',$,(#138));
#140=IFCPROPERTYSINGLEVALUE('IsExternal',$,IFCBOOLEAN(.T.),$);
#141=IFCPROPERTYSINGLEVALUE('LoadBearing',$,IFCBOOLEAN(.F.),$);
#142=IFCPROPERTYSINGLEVALUE('ExtendToStructure',$,IFCBOOLEAN(.F.),$);
#143=IFCPROPERTYSET('0aVL2Le3KiIoUzxWSxRFFS',#18,'Pset_WallCommon',$,(#136,#140,#141,#142));
#144=IFCRELDEFINESBYPROPERTIES('0$cKT97zQcg1pJGRqPPR9L',#18,$,$,(#108),#137);
#145=IFCRELDEFINESBYPROPERTIES('2cgMi$uZbqMLumRmPN2z9o',#18,$,$,(#108),#139);
#146=IFCRELDEFINESBYPROPERTIES('1aZkwZfcTxMR2wA5AlkupG',#18,$,$,(#108),#143);
#147=IFCSIUNIT(*,.MASSUNIT.,.KILO.,.GRAM.);
#148=IFCDERIVEDUNITELEMENT(#147,1);
#149=IFCSIUNIT(*,.THERMODYNAMICTEMPERATUREUNIT.,$,.KELVIN.);
#150=IFCDERIVEDUNITELEMENT(#149,-1);
#151=IFCSIUNIT(*,.TIMEUNIT.,$,.SECOND.);
#152=IFCDERIVEDUNITELEMENT(#151,-3);
#153=IFCDERIVEDUNIT((#148,#150,#152),.THERMALTRANSMITTANCEUNIT.,$);
#154=IFCPROPERTYSINGLEVALUE('ThermalTransmittance',$,IFCTHERMALTRANSMITTANCEMEASURE(0.23592605993668123),$);
#155=IFCPROPERTYSET('3orq6BN_LwRCX23Dley2E6',#18,'Pset_WallCommon',$,(#154));
#156=IFCCARTESIANPOINT((4641.2184252160396,3828.8453227365053,0.));
#157=IFCAXIS2PLACEMENT3D(#156,#9,#8);
#158=IFCLOCALPLACEMENT(#36,#157);
#159=IFCCARTESIANPOINTLIST3D(((0.,1.9989335970598987E-013,0.),(9800.,2.8762764650235974E-013,0.)));
#160=IFCINDEXEDPOLYCURVE(#159,$,.F.);
#161=IFCSHAPEREPRESENTATION(#25,'Axis','Curve3D',(#160));
#162=IFCPRODUCTDEFINITIONSHAPE($,$,(#161,#191));
#163=IFCCARTESIANPOINTLIST2D(((-6.2500000000180709,-4761.2500000000009),(6.249999999981795,-4761.2500000000009),(6.2500000000175291,4761.25),(-6.2499999999823359,4761.25),(-6.2500000000180709,-4761.2500000000009)));
#164=IFCINDEXEDPOLYCURVE(#163,$,.F.);
#165=IFCARBITRARYCLOSEDPROFILEDEF(.AREA.,'Wall-Ext_102Bwk-75Ins-100LBlk-12P',#164);
#166=IFCCARTESIANPOINT((4761.2500000000009,-138.7499999999996,0.));
#167=IFCAXIS2PLACEMENT3D(#166,#9,#7);
#168=IFCEXTRUDEDAREASOLID(#165,#167,#9,3999.9999999999995);
#169=IFCCARTESIANPOINTLIST2D(((-4817.5000000000009,-49.999999999981597),(4817.5000000000009,-50.00000000001787),(4817.5,49.999999999982137),(-4817.5000000000009,50.00000000001841),(-4817.5000000000009,-49.999999999981597)));
#170=IFCINDEXEDPOLYCURVE(#169,$,.F.);
#171=IFCARBITRARYCLOSEDPROFILEDEF(.AREA.,'Wall-Ext_102Bwk-75Ins-100LBlk-12P',#170);
#172=IFCCARTESIANPOINT((4805.,-82.500000000000313,0.));
#173=IFCAXIS2PLACEMENT3D(#172,$,$);
#174=IFCEXTRUDEDAREASOLID(#171,#173,#9,3999.9999999999995);
#175=IFCCARTESIANPOINTLIST2D(((-4904.9999999999991,-37.499999999981732),(4905.,-37.500000000018545),(4905.,37.499999999981732),(-4905.,37.500000000018545),(-4904.9999999999991,-37.499999999981732)));
#176=IFCINDEXEDPOLYCURVE(#175,$,.F.);
#177=IFCARBITRARYCLOSEDPROFILEDEF(.AREA.,'Wall-Ext_102Bwk-75Ins-100LBlk-12P',#176);
#178=IFCCARTESIANPOINT((4792.5,5.,0.));
#179=IFCAXIS2PLACEMENT3D(#178,$,$);
#180=IFCEXTRUDEDAREASOLID(#177,#179,#9,3999.9999999999995);
#181=IFCCARTESIANPOINTLIST2D(((-51.249999999992291,-4993.75),(51.250000000007688,-4993.75),(51.249999999992291,4993.75),(-51.250000000007688,4993.75),(-51.249999999992291,-4993.75)));
#182=IFCINDEXEDPOLYCURVE(#181,$,.F.);
#183=IFCARBITRARYCLOSEDPROFILEDEF(.AREA.,'Wall-Ext_102Bwk-75Ins-100LBlk-12P',#182);
#184=IFCCARTESIANPOINT((4806.25,93.750000000000242,0.));
#185=IFCAXIS2PLACEMENT3D(#184,#9,#8);
#186=IFCEXTRUDEDAREASOLID(#183,#185,#9,3999.9999999999995);
#187=IFCSTYLEDITEM(#168,(#85),$);
#188=IFCSTYLEDITEM(#174,(#89),$);
#189=IFCSTYLEDITEM(#180,(#93),$);
#190=IFCSTYLEDITEM(#186,(#97),$);
#191=IFCSHAPEREPRESENTATION(#26,'Body','SweptSolid',(#168,#174,#180,#186));
#192=IFCSHAPEREPRESENTATION(#26,'Body','SweptSolid',(#186));
#193=IFCSHAPEASPECT((#192),'Brick, Common',$,.U.,#162);
#194=IFCSHAPEREPRESENTATION(#26,'Body','SweptSolid',(#180));
#195=IFCSHAPEASPECT((#194),'Fiberglass Batt',$,.U.,#162);
#196=IFCSHAPEREPRESENTATION(#26,'Body','SweptSolid',(#174));
#197=IFCSHAPEASPECT((#196),'Concrete Masonry Units _Low Density',$,.U.,#162);
#198=IFCSHAPEREPRESENTATION(#26,'Body','SweptSolid',(#168));
#199=IFCSHAPEASPECT((#198),'Plaster',$,.U.,#162);
#200=IFCWALL('3wVNDtMWbEfveJ225bpUgY',#18,'Basic Wall:Wall-Ext_102Bwk-75Ins-100LBlk-12P:314399',$,'Basic Wall:Wall-Ext_102Bwk-75Ins-100LBlk-12P',#158,#162,'314399',.NOTDEFINED.);
#201=IFCQUANTITYLENGTH('Height',$,$,3999.9999999999995,$);
#202=IFCQUANTITYLENGTH('Length',$,$,9800.,$);
#203=IFCQUANTITYVOLUME('GrossVolume',$,$,11.367999999999999,$);
#204=IFCQUANTITYAREA('GrossSideArea',$,$,39.199999999999996,$);
#205=IFCQUANTITYAREA('NetSideArea',$,$,39.199999999999996,$);
#206=IFCQUANTITYVOLUME('NetVolume',$,$,11.367999999999997,$);
#207=IFCELEMENTQUANTITY('0m9cjHpRqTM2vN1_RgDB2C',#18,'Qto_WallBaseQuantities',$,$,(#122,#123,#124,#125,#126,#201,#202,#203,#204,#205,#206));
#208=IFCRELDEFINESBYPROPERTIES('3Tx0E1wUIcP6$bmzAWN01s',#18,$,$,(#200),#207);
#209=IFCPROPERTYSET('1hNKVLxb4b9WR8ASTt1_I1',#18,'Pset_EnvironmentalImpactIndicators',$,(#136));
#210=IFCPROPERTYSINGLEVALUE('Reference',$,IFCLABEL('Wall-Ext_102Bwk-75Ins-100LBlk-12P'),$);
#211=IFCPROPERTYSET('30SqnkDm_uFPVndIlOD3gI',#18,'Pset_ReinforcementBarPitchOfWall',$,(#210));
#212=IFCPROPERTYSET('3nTyp904UevOld$yubafEo',#18,'Pset_WallCommon',$,(#136,#140,#141,#142));
#213=IFCRELDEFINESBYPROPERTIES('3Hwhit9hY7Ez5rKy7_dzNH',#18,$,$,(#200),#209);
#214=IFCRELDEFINESBYPROPERTIES('1uzwHyUPfLY8BAamrlhqSc',#18,$,$,(#200),#211);
#215=IFCRELDEFINESBYPROPERTIES('2ekehtjNZz7I1p_hihud48',#18,$,$,(#200),#212);
#216=IFCCARTESIANPOINT((4496.2184252160041,-5826.1546772634956,0.));
#217=IFCAXIS2PLACEMENT3D(#216,#9,#6);
#218=IFCLOCALPLACEMENT(#36,#217);
#219=IFCCARTESIANPOINTLIST3D(((2.3320592071700252E-014,0.,0.),(13000.,0.,0.)));
#220=IFCINDEXEDPOLYCURVE(#219,$,.F.);
#221=IFCSHAPEREPRESENTATION(#25,'Axis','Curve3D',(#220));
#222=IFCPRODUCTDEFINITIONSHAPE($,$,(#221,#251));
#223=IFCCARTESIANPOINTLIST2D(((-1730.4166666666649,-4.1666666666603049),(-1192.9166666666833,-4.1666666666624712),(7092.0833333333376,-4.1666666666884593),(7092.0833333333376,8.3333333333119466),(-5630.4166666666633,8.3333333333530959),(-5630.4166666666633,-4.1666666666473109),(-1730.4166666666649,-4.1666666666603049)));
#224=IFCINDEXEDPOLYCURVE(#223,$,.F.);
#225=IFCARBITRARYCLOSEDPROFILEDEF(.AREA.,'Wall-Ext_102Bwk-75Ins-100LBlk-12P',#224);
#226=IFCCARTESIANPOINT((5630.4166666666642,-140.83333333333596,0.));
#227=IFCAXIS2PLACEMENT3D(#226,$,$);
#228=IFCEXTRUDEDAREASOLID(#225,#227,#9,3999.9999999999995);
#229=IFCCARTESIANPOINTLIST2D(((-6417.5000000000009,-49.99999999997997),(6417.5000000000009,-50.000000000021117),(6417.5,49.99999999997889),(-6417.5,50.000000000020037),(-6417.5000000000009,-49.99999999997997)));
#230=IFCINDEXEDPOLYCURVE(#229,$,.F.);
#231=IFCARBITRARYCLOSEDPROFILEDEF(.AREA.,'Wall-Ext_102Bwk-75Ins-100LBlk-12P',#230);
#232=IFCCARTESIANPOINT((6405.,-82.499999999999659,0.));
#233=IFCAXIS2PLACEMENT3D(#232,$,$);
#234=IFCEXTRUDEDAREASOLID(#231,#233,#9,3999.9999999999995);
#235=IFCCARTESIANPOINTLIST2D(((-6505.,-37.499999999979565),(6505.0000000000018,-37.500000000021792),(6505.,37.499999999978478),(-6505.,37.500000000020712),(-6505.,-37.499999999979565)));
#236=IFCINDEXEDPOLYCURVE(#235,$,.F.);
#237=IFCARBITRARYCLOSEDPROFILEDEF(.AREA.,'Wall-Ext_102Bwk-75Ins-100LBlk-12P',#236);
#238=IFCCARTESIANPOINT((6392.5000000000018,5.,0.));
#239=IFCAXIS2PLACEMENT3D(#238,$,$);
#240=IFCEXTRUDEDAREASOLID(#237,#239,#9,3999.9999999999995);
#241=IFCCARTESIANPOINTLIST2D(((-51.250000000090495,-6593.75),(51.249999999907864,-6593.75),(51.250000000090495,6593.75),(-51.249999999908944,6593.7500000000009),(-51.250000000090495,-6593.75)));
#242=IFCINDEXEDPOLYCURVE(#241,$,.F.);
#243=IFCARBITRARYCLOSEDPROFILEDEF(.AREA.,'Wall-Ext_102Bwk-75Ins-100LBlk-12P',#242);
#244=IFCCARTESIANPOINT((6406.25,93.749999999999261,0.));
#245=IFCAXIS2PLACEMENT3D(#244,#9,#8);
#246=IFCEXTRUDEDAREASOLID(#243,#245,#9,3999.9999999999995);
#247=IFCSTYLEDITEM(#228,(#85),$);
#248=IFCSTYLEDITEM(#234,(#89),$);
#249=IFCSTYLEDITEM(#240,(#93),$);
#250=IFCSTYLEDITEM(#246,(#97),$);
#251=IFCSHAPEREPRESENTATION(#26,'Body','SweptSolid',(#228,#234,#240,#246));
#252=IFCSHAPEREPRESENTATION(#26,'Body','SweptSolid',(#246));
#253=IFCSHAPEASPECT((#252),'Brick, Common',$,.U.,#222);
#254=IFCSHAPEREPRESENTATION(#26,'Body','SweptSolid',(#240));
#255=IFCSHAPEASPECT((#254),'Fiberglass Batt',$,.U.,#222);
#256=IFCSHAPEREPRESENTATION(#26,'Body','SweptSolid',(#234));
#257=IFCSHAPEASPECT((#256),'Concrete Masonry Units _Low Density',$,.U.,#222);
#258=IFCSHAPEREPRESENTATION(#26,'Body','SweptSolid',(#228));
#259=IFCSHAPEASPECT((#258),'Plaster',$,.U.,#222);
#260=IFCWALL('3wVNDtMWbEfveJ225bpUgF',#18,'Basic Wall:Wall-Ext_102Bwk-75Ins-100LBlk-12P:314418',$,'Basic Wall:Wall-Ext_102Bwk-75Ins-100LBlk-12P',#218,#222,'314418',.NOTDEFINED.);
#261=IFCQUANTITYLENGTH('Height',$,$,3999.9999999999995,$);
#262=IFCQUANTITYLENGTH('Length',$,$,13000.,$);
#263=IFCQUANTITYVOLUME('GrossVolume',$,$,15.08,$);
#264=IFCQUANTITYAREA('GrossSideArea',$,$,52.,$);
#265=IFCQUANTITYAREA('NetSideArea',$,$,52.,$);
#266=IFCQUANTITYVOLUME('NetVolume',$,$,15.079999999999993,$);
#267=IFCELEMENTQUANTITY('0ZZzOU3JLZ7vyQ09M7xU6B',#18,'Qto_WallBaseQuantities',$,$,(#122,#123,#124,#125,#126,#261,#262,#263,#264,#265,#266));
#268=IFCRELDEFINESBYPROPERTIES('1n4Zmhi9MCuMY6xzY64cUY',#18,$,$,(#260),#267);
#269=IFCPROPERTYSET('1UnSwoU$pxk98GPpqoS_KL',#18,'Pset_EnvironmentalImpactIndicators',$,(#136));
#270=IFCPROPERTYSINGLEVALUE('Reference',$,IFCLABEL('Wall-Ext_102Bwk-75Ins-100LBlk-12P'),$);
#271=IFCPROPERTYSET('3Q1kQrESO3VLY8Xi8fkNk6',#18,'Pset_ReinforcementBarPitchOfWall',$,(#270));
#272=IFCPROPERTYSINGLEVALUE('LoadBearing',$,IFCBOOLEAN(.T.),$);
#273=IFCPROPERTYSET('0c22wRrXeI7BKbdPjK1p5V',#18,'Pset_WallCommon',$,(#136,#140,#142,#272));
#274=IFCRELDEFINESBYPROPERTIES('2$l$mqhJg8rTMVbZv0bGKn',#18,$,$,(#260),#269);
#275=IFCRELDEFINESBYPROPERTIES('0R3sG0gYIy9DJNdvV3ssA9',#18,$,$,(#260),#271);
#276=IFCRELDEFINESBYPROPERTIES('2QVE2Tju7K2z4h9VqYXEzp',#18,$,$,(#260),#273);
#277=IFCCARTESIANPOINT((-8358.7815747839977,-5681.1546772634529,0.));
#278=IFCAXIS2PLACEMENT3D(#277,#9,#7);
#279=IFCLOCALPLACEMENT(#36,#278);
#280=IFCCARTESIANPOINTLIST3D(((0.,3.2957611807061696E-013,0.),(9510.,-1.510842913628517E-013,0.)));
#281=IFCINDEXEDPOLYCURVE(#280,$,.F.);
#282=IFCSHAPEREPRESENTATION(#25,'Axis','Curve3D',(#281));
#283=IFCPRODUCTDEFINITIONSHAPE($,$,(#282,#320));
#284=IFCCARTESIANPOINTLIST2D(((-1527.5,769.99999999999955),(-1527.5,-5929.9999999999991),(2472.5,-5929.9999999999991),(2472.5,3579.9999999999995),(-1527.5,3579.9999999999995),(-1527.5,1579.9999999999995),(582.5,1579.9999999999995),(582.5,769.99999999999955),(-1527.5,769.99999999999955)));
#285=IFCINDEXEDPOLYCURVE(#284,$,.F.);
#286=IFCCARTESIANPOINTLIST2D(((582.49999999999943,-3529.9999999999986),(-327.50000000000159,-3529.9999999999986),(-327.50000000000159,-2619.9999999999977),(582.49999999999943,-2619.9999999999977),(582.49999999999943,-3529.9999999999986)));
#287=IFCINDEXEDPOLYCURVE(#286,$,.F.);
#288=IFCARBITRARYPROFILEDEFWITHVOIDS(.AREA.,'Wall-Ext_102Bwk-75Ins-100LBlk-12P',#285,(#287));
#289=IFCCARTESIANPOINT((5930.,-132.49999999999872,1527.5));
#290=IFCAXIS2PLACEMENT3D(#289,#7,#9);
#291=IFCEXTRUDEDAREASOLID(#288,#290,#10,12.500000000000407);
#292=IFCCARTESIANPOINTLIST2D(((-1527.5,769.99999999999955),(-1527.5,-5942.4999999999991),(2472.5,-5942.4999999999991),(2472.5,3592.5),(-1527.5,3592.5),(-1527.5,1579.9999999999995),(582.5,1579.9999999999995),(582.5,769.99999999999955),(-1527.5,769.99999999999955)));
#293=IFCINDEXEDPOLYCURVE(#292,$,.F.);
#294=IFCCARTESIANPOINTLIST2D(((582.49999999999943,-3529.9999999999986),(-327.50000000000159,-3529.9999999999986),(-327.50000000000159,-2619.9999999999977),(582.49999999999943,-2619.9999999999977),(582.49999999999943,-3529.9999999999986)));
#295=IFCINDEXEDPOLYCURVE(#294,$,.F.);
#296=IFCARBITRARYPROFILEDEFWITHVOIDS(.AREA.,'Wall-Ext_102Bwk-75Ins-100LBlk-12P',#293,(#295));
#297=IFCCARTESIANPOINT((5930.,-32.50000000000086,1527.5));
#298=IFCAXIS2PLACEMENT3D(#297,#7,#9);
#299=IFCEXTRUDEDAREASOLID(#296,#298,#10,100.);
#300=IFCCARTESIANPOINTLIST2D(((-1527.5,770.00000000000034),(-1527.5,-6042.4999999999991),(2472.5,-6042.4999999999991),(2472.5,3692.5),(-1527.5,3692.5),(-1527.5,1579.9999999999993),(582.5,1579.9999999999993),(582.5,770.00000000000034),(-1527.5,770.00000000000034)));
#301=IFCINDEXEDPOLYCURVE(#300,$,.F.);
#302=IFCCARTESIANPOINTLIST2D(((582.49999999999943,-3529.9999999999982),(-327.50000000000159,-3529.9999999999982),(-327.50000000000159,-2619.9999999999977),(582.49999999999943,-2619.9999999999977),(582.49999999999943,-3529.9999999999982)));
#303=IFCINDEXEDPOLYCURVE(#302,$,.F.);
#304=IFCARBITRARYPROFILEDEFWITHVOIDS(.AREA.,'Wall-Ext_102Bwk-75Ins-100LBlk-12P',#301,(#303));
#305=IFCCARTESIANPOINT((5930.,42.499999999999417,1527.5));
#306=IFCAXIS2PLACEMENT3D(#305,#7,#9);
#307=IFCEXTRUDEDAREASOLID(#304,#306,#10,75.00000000000027);
#308=IFCCARTESIANPOINTLIST2D(((-2472.5,-6117.4999999999982),(1527.4999999999998,-6117.4999999999982),(1527.4999999999998,770.00000000000011),(-582.50000000000023,770.00000000000011),(-582.50000000000023,1579.9999999999989),(1527.4999999999998,1579.9999999999989),(1527.4999999999998,3767.5),(-2472.5,3767.5),(-2472.5,-6117.4999999999982)));
#309=IFCINDEXEDPOLYCURVE(#308,$,.F.);
#310=IFCCARTESIANPOINTLIST2D(((-582.49999999999966,-3529.9999999999986),(-582.49999999999966,-2619.9999999999977),(327.50000000000119,-2619.9999999999977),(327.50000000000119,-3529.9999999999986),(-582.49999999999966,-3529.9999999999986)));
#311=IFCINDEXEDPOLYCURVE(#310,$,.F.);
#312=IFCARBITRARYPROFILEDEFWITHVOIDS(.AREA.,'Wall-Ext_102Bwk-75Ins-100LBlk-12P',#309,(#311));
#313=IFCCARTESIANPOINT((5930.,145.,1527.4999999999998));
#314=IFCAXIS2PLACEMENT3D(#313,#8,#10);
#315=IFCEXTRUDEDAREASOLID(#312,#314,#9,102.49999999999943);
#316=IFCSTYLEDITEM(#291,(#85),$);
#317=IFCSTYLEDITEM(#299,(#89),$);
#318=IFCSTYLEDITEM(#307,(#93),$);
#319=IFCSTYLEDITEM(#315,(#97),$);
#320=IFCSHAPEREPRESENTATION(#26,'Body','SweptSolid',(#291,#299,#307,#315));
#321=IFCSHAPEREPRESENTATION(#26,'Body','SweptSolid',(#315));
#322=IFCSHAPEASPECT((#321),'Brick, Common',$,.U.,#283);
#323=IFCSHAPEREPRESENTATION(#26,'Body','SweptSolid',(#307));
#324=IFCSHAPEASPECT((#323),'Fiberglass Batt',$,.U.,#283);
#325=IFCSHAPEREPRESENTATION(#26,'Body','SweptSolid',(#299));
#326=IFCSHAPEASPECT((#325),'Concrete Masonry Units _Low Density',$,.U.,#283);
#327=IFCSHAPEREPRESENTATION(#26,'Body','SweptSolid',(#291));
#328=IFCSHAPEASPECT((#327),'Plaster',$,.U.,#283);
#329=IFCWALL('3wVNDtMWbEfveJ225bpUhS',#18,'Basic Wall:Wall-Ext_102Bwk-75Ins-100LBlk-12P:314465',$,'Basic Wall:Wall-Ext_102Bwk-75Ins-100LBlk-12P',#279,#283,'314465',.NOTDEFINED.);
#330=IFCQUANTITYLENGTH('Height',$,$,3999.9999999999995,$);
#331=IFCQUANTITYLENGTH('Length',$,$,9799.9999999999982,$);
#332=IFCQUANTITYVOLUME('GrossVolume',$,$,10.535960999999999,$);
#333=IFCQUANTITYAREA('GrossSideArea',$,$,36.3309,$);
#334=IFCQUANTITYAREA('NetSideArea',$,$,35.502800000000001,$);
#335=IFCQUANTITYVOLUME('NetVolume',$,$,10.295811999999994,$);
#336=IFCELEMENTQUANTITY('1C7Hx3eC8k_Y4dfD3Lv9BX',#18,'Qto_WallBaseQuantities',$,$,(#122,#123,#124,#125,#126,#330,#331,#332,#333,#334,#335));
#337=IFCRELDEFINESBYPROPERTIES('0hfH2wnuLzfk78dAgb4Z5p',#18,$,$,(#329),#336);
#338=IFCPROPERTYSET('2qDar0dUs5XTbbpBhZFA1_',#18,'Pset_EnvironmentalImpactIndicators',$,(#136));
#339=IFCPROPERTYSINGLEVALUE('Reference',$,IFCLABEL('Wall-Ext_102Bwk-75Ins-100LBlk-12P'),$);
#340=IFCPROPERTYSET('2x6t_o7IOFw0ewKYgxP1aW',#18,'Pset_ReinforcementBarPitchOfWall',$,(#339));
#341=IFCPROPERTYSET('2JKHEJcMbEOEOlxNnxqmyt',#18,'Pset_WallCommon',$,(#136,#140,#141,#142));
#342=IFCRELDEFINESBYPROPERTIES('3IWO8S2YS6j9_H5sB47JOy',#18,$,$,(#329),#338);
#343=IFCRELDEFINESBYPROPERTIES('0jOwYnTkCAwsp50wHf2tyd',#18,$,$,(#329),#340);
#344=IFCRELDEFINESBYPROPERTIES('11r1GXsMIqOkllP6eKGCMj',#18,$,$,(#329),#341);
#345=IFCAXIS2PLACEMENT3D(#3,$,$);
#346=IFCLOCALPLACEMENT(#36,#345);
#353=IFCCARTESIANPOINTLIST2D(((-8213.7815747839813,-5681.1546772634947),(-8213.7815747839813,3828.8453227365458),(4496.2184252160032,3828.8453227365458),(4496.2184252160032,-5681.1546772634947),(-8213.7815747839813,-5681.1546772634947)));
#354=IFCINDEXEDPOLYCURVE(#353,$,.F.);
#355=IFCSHAPEREPRESENTATION(#28,'FootPrint','Curve2D',(#354));
#356=IFCPRODUCTDEFINITIONSHAPE($,$,(#355,#408));
#357=IFCSLAB('3wVNDtMWbEfveJ225bpUep',#18,'Floor:Floor-Grnd-Susp_65Scr-80Ins-100Blk-75PC:314510',$,'Floor:Floor-Grnd-Susp_65Scr-80Ins-100Blk-75PC',#346,#356,'314510',.FLOOR.);
#358=IFCCARTESIANPOINTLIST2D(((-6354.9999999999918,-4755.00000000002),(6354.9999999999918,-4755.00000000002),(6354.9999999999918,4755.00000000002),(-6354.9999999999918,4755.00000000002),(-6354.9999999999918,-4755.00000000002)));
#359=IFCINDEXEDPOLYCURVE(#358,$,.F.);
#360=IFCARBITRARYCLOSEDPROFILEDEF(.AREA.,'Floor-Grnd-Susp_65Scr-80Ins-100Blk-75PC',#359);
#361=IFCCARTESIANPOINT((-1858.7815747839886,-926.15467726347447,-65.));
#362=IFCAXIS2PLACEMENT3D(#361,#9,#6);
#363=IFCEXTRUDEDAREASOLID(#360,#362,#9,65.);
#364=IFCCARTESIANPOINTLIST2D(((-6354.9999999999918,-4755.00000000002),(6354.9999999999918,-4755.00000000002),(6354.9999999999918,4755.00000000002),(-6354.9999999999918,4755.00000000002),(-6354.9999999999918,-4755.00000000002)));
#365=IFCINDEXEDPOLYCURVE(#364,$,.F.);
#366=IFCARBITRARYCLOSEDPROFILEDEF(.AREA.,'Floor-Grnd-Susp_65Scr-80Ins-100Blk-75PC',#365);
#367=IFCCARTESIANPOINT((-1858.7815747839886,-926.15467726347447,-145.));
#368=IFCAXIS2PLACEMENT3D(#367,#9,#6);
#369=IFCEXTRUDEDAREASOLID(#366,#368,#9,79.999999999999986);
#370=IFCCARTESIANPOINTLIST2D(((-6354.9999999999918,-4755.00000000002),(6354.9999999999918,-4755.00000000002),(6354.9999999999918,4755.00000000002),(-6354.9999999999918,4755.00000000002),(-6354.9999999999918,-4755.00000000002)));
#371=IFCINDEXEDPOLYCURVE(#370,$,.F.);
#372=IFCARBITRARYCLOSEDPROFILEDEF(.AREA.,'Floor-Grnd-Susp_65Scr-80Ins-100Blk-75PC',#371);
#373=IFCCARTESIANPOINT((-1858.7815747839886,-926.15467726347447,-295.));
#374=IFCAXIS2PLACEMENT3D(#373,#9,#6);
#375=IFCEXTRUDEDAREASOLID(#372,#374,#9,150.);
#376=IFCCARTESIANPOINTLIST2D(((-6354.9999999999918,-4755.00000000002),(6354.9999999999918,-4755.00000000002),(6354.9999999999918,4755.00000000002),(-6354.9999999999918,4755.00000000002),(-6354.9999999999918,-4755.00000000002)));
#377=IFCINDEXEDPOLYCURVE(#376,$,.F.);
#378=IFCARBITRARYCLOSEDPROFILEDEF(.AREA.,'Floor-Grnd-Susp_65Scr-80Ins-100Blk-75PC',#377);
#379=IFCCARTESIANPOINT((-1858.7815747839886,-926.15467726347447,-395.));
#380=IFCAXIS2PLACEMENT3D(#379,#9,#6);
#381=IFCEXTRUDEDAREASOLID(#378,#380,#9,100.);
#382=IFCCARTESIANPOINTLIST2D(((-6354.9999999999918,-4755.00000000002),(6354.9999999999918,-4755.00000000002),(6354.9999999999918,4755.00000000002),(-6354.9999999999918,4755.00000000002),(-6354.9999999999918,-4755.00000000002)));
#383=IFCINDEXEDPOLYCURVE(#382,$,.F.);
#384=IFCARBITRARYCLOSEDPROFILEDEF(.AREA.,'Floor-Grnd-Susp_65Scr-80Ins-100Blk-75PC',#383);
#385=IFCCARTESIANPOINT((-1858.7815747839886,-926.15467726347447,-470.));
#386=IFCAXIS2PLACEMENT3D(#385,#9,#6);
#387=IFCEXTRUDEDAREASOLID(#384,#386,#9,75.);
#388=IFCCOLOURRGB($,0.49803921568627452,0.49803921568627452,0.49803921568627452);
#389=IFCSURFACESTYLERENDERING(#388,0.,$,$,$,$,IFCNORMALISEDRATIOMEASURE(0.5),IFCSPECULAREXPONENT(0.),.NOTDEFINED.);
#390=IFCSURFACESTYLE('Concrete, Sand/Cement Screed',.BOTH.,(#389));
#391=IFCSTYLEDITEM(#363,(#390),$);
#392=IFCCOLOURRGB($,0.49803921568627452,0.49803921568627452,0.49803921568627452);
#393=IFCSURFACESTYLERENDERING(#392,0.,$,$,$,$,IFCNORMALISEDRATIOMEASURE(0.5),IFCSPECULAREXPONENT(64.),.NOTDEFINED.);
#394=IFCSURFACESTYLE('Rigid insulation',.BOTH.,(#393));
#395=IFCSTYLEDITEM(#369,(#394),$);
#396=IFCCOLOURRGB($,1.,1.,1.);
#397=IFCSURFACESTYLERENDERING(#396,0.,$,$,$,$,IFCNORMALISEDRATIOMEASURE(0.5),IFCSPECULAREXPONENT(64.),.NOTDEFINED.);
#398=IFCSURFACESTYLE('Air',.BOTH.,(#397));
#399=IFCSTYLEDITEM(#375,(#398),$);
#400=IFCCOLOURRGB($,0.70980392156862748,0.70980392156862748,0.70980392156862748);
#401=IFCSURFACESTYLERENDERING(#400,0.,$,$,$,$,IFCNORMALISEDRATIOMEASURE(0.5),IFCSPECULAREXPONENT(128.),.NOTDEFINED.);
#402=IFCSURFACESTYLE('Concrete Masonry, Floor Block',.BOTH.,(#401));
#403=IFCSTYLEDITEM(#381,(#402),$);
#404=IFCCOLOURRGB($,0.75294117647058822,0.75294117647058822,0.75294117647058822);
#405=IFCSURFACESTYLERENDERING(#404,0.,$,$,$,$,IFCNORMALISEDRATIOMEASURE(0.5),IFCSPECULAREXPONENT(128.),.NOTDEFINED.);
#406=IFCSURFACESTYLE('Concrete, Precast',.BOTH.,(#405));
#407=IFCSTYLEDITEM(#387,(#406),$);
#408=IFCSHAPEREPRESENTATION(#26,'Body','SweptSolid',(#363,#369,#375,#381,#387));
#409=IFCSHAPEREPRESENTATION(#26,'Body','SweptSolid',(#363));
#410=IFCSHAPEASPECT((#409),'Concrete, Sand/Cement Screed',$,.U.,#356);
#411=IFCSHAPEREPRESENTATION(#26,'Body','SweptSolid',(#369));
#412=IFCSHAPEASPECT((#411),'Rigid insulation',$,.U.,#356);
#413=IFCSHAPEREPRESENTATION(#26,'Body','SweptSolid',(#375));
#414=IFCSHAPEASPECT((#413),'Air',$,.U.,#356);
#415=IFCSHAPEREPRESENTATION(#26,'Body','SweptSolid',(#381));
#416=IFCSHAPEASPECT((#415),'Concrete Masonry, Floor Block',$,.U.,#356);
#417=IFCSHAPEREPRESENTATION(#26,'Body','SweptSolid',(#387));
#418=IFCSHAPEASPECT((#417),'Concrete, Precast',$,.U.,#356);
#419=IFCSLABTYPE('2ru7YPT4T9MuTpOS4FRzx_',#18,'Floor:Floor-Grnd-Susp_65Scr-80Ins-100Blk-75PC',$,$,(#470),$,'45428',$,.FLOOR.);
#420=IFCMATERIAL('Concrete, Sand/Cement Screed',$,'Concrete');
#421=IFCMATERIAL('Vapor Retarder',$,'Generic');
#422=IFCCOLOURRGB($,0.47058823529411764,0.47058823529411764,0.47058823529411764);
#423=IFCSURFACESTYLERENDERING(#422,0.,$,$,$,$,IFCNORMALISEDRATIOMEASURE(0.5),IFCSPECULAREXPONENT(64.),.NOTDEFINED.);
#424=IFCSURFACESTYLE('Vapor Retarder',.BOTH.,(#423));
#425=IFCMATERIAL('Rigid insulation',$,'Generic');
#426=IFCMATERIAL('Air',$,'Gas');
#427=IFCMATERIAL('Damp-proofing',$,'Generic');
#428=IFCCOLOURRGB($,0.49803921568627452,0.49803921568627452,0.49803921568627452);
#429=IFCSURFACESTYLERENDERING(#428,0.,$,$,$,$,IFCNORMALISEDRATIOMEASURE(0.5),IFCSPECULAREXPONENT(64.),.NOTDEFINED.);
#430=IFCSURFACESTYLE('Damp-proofing',.BOTH.,(#429));
#431=IFCMATERIAL('Concrete Masonry, Floor Block',$,'Concrete');
#432=IFCMATERIAL('Concrete, Precast',$,'Concrete');
#433=IFCMATERIALCONSTITUENT('Concrete, Sand/Cement Screed',$,#420,0.13829787234042554,'Concrete');
#434=IFCQUANTITYLENGTH('Width',$,$,65.,$);
#435=IFCMATERIALCONSTITUENT('Rigid insulation',$,#425,0.1702127659574468,'Generic');
#436=IFCQUANTITYLENGTH('Width',$,$,80.,$);
#437=IFCMATERIALCONSTITUENT('Air',$,#426,0.31914893617021278,'Gas');
#438=IFCQUANTITYLENGTH('Width',$,$,150.,$);
#439=IFCMATERIALCONSTITUENT('Concrete Masonry, Floor Block',$,#431,0.21276595744680851,'Concrete');
#440=IFCQUANTITYLENGTH('Width',$,$,100.,$);
#441=IFCMATERIALCONSTITUENT('Concrete, Precast',$,#432,0.15957446808510639,'Concrete');
#442=IFCQUANTITYLENGTH('Width',$,$,75.,$);
#443=IFCMATERIALCONSTITUENTSET('Floor:Floor-Grnd-Susp_65Scr-80Ins-100Blk-75PC',$,(#433,#435,#437,#439,#441));
#444=IFCPHYSICALCOMPLEXQUANTITY('Concrete, Sand/Cement Screed',$,(#434),'Layer',$,$);
#445=IFCPHYSICALCOMPLEXQUANTITY('Rigid insulation',$,(#436),'Layer',$,$);
#446=IFCPHYSICALCOMPLEXQUANTITY('Air',$,(#438),'Layer',$,$);
#447=IFCPHYSICALCOMPLEXQUANTITY('Concrete Masonry, Floor Block',$,(#440),'Layer',$,$);
#448=IFCPHYSICALCOMPLEXQUANTITY('Concrete, Precast',$,(#442),'Layer',$,$);
#449=IFCQUANTITYLENGTH('Width',$,$,470.,$);
#450=IFCPROPERTYSINGLEVALUE('Reference',$,IFCIDENTIFIER('Floor-Grnd-Susp_65Scr-80Ins-100Blk-75PC'),$);
#451=IFCPROPERTYSET('09wJtZg7$e7OMTXuE0ySDO',#18,'Pset_EnvironmentalImpactIndicators',$,(#450));
#452=IFCPROPERTYSINGLEVALUE('Reference',$,IFCLABEL('Floor-Grnd-Susp_65Scr-80Ins-100Blk-75PC'),$);
#453=IFCPROPERTYSET('3KEG8Qhy_ej49hp1RzWtgI',#18,'Pset_ReinforcementBarPitchOfSlab',$,(#452));
#454=IFCPROPERTYSINGLEVALUE('PitchAngle',$,IFCPLANEANGLEMEASURE(0.),$);
#455=IFCPROPERTYSET('0_yEgCJJ7DR51tBtBdsXJd',#18,'Pset_SlabCommon',$,(#140,#272,#450,#454));
#456=IFCRELDEFINESBYPROPERTIES('2ATQVFQoSef4Xs_Lzp9N6H',#18,$,$,(#357),#451);
#457=IFCRELDEFINESBYPROPERTIES('0jrBu5u1c2NaX$sbpwZrn6',#18,$,$,(#357),#453);
#458=IFCRELDEFINESBYPROPERTIES('2Od$hG2UaMXp8vERNqjxwr',#18,$,$,(#357),#455);
#459=IFCQUANTITYLENGTH('Width','',$,9510.00000000004,$);
#460=IFCQUANTITYLENGTH('Length','',$,12709.999999999984,$);
#461=IFCQUANTITYLENGTH('Depth','',$,75.,$);
#462=IFCQUANTITYLENGTH('Perimeter','',$,145.80052493438336,$);
#463=IFCQUANTITYAREA('GrossArea','',$,120.87210000000036,$);
#464=IFCQUANTITYAREA('NetArea','',$,120.87210000000036,$);
#465=IFCQUANTITYVOLUME('GrossVolume','',$,9.0654075000000276,$);
#466=IFCQUANTITYVOLUME('NetVolume','',$,56.809887000000181,$);
#467=IFCELEMENTQUANTITY('31MKCDXQtTuy7UIhnE2Uoj',#18,'Qto_SlabBaseQuantities',$,$,(#444,#445,#446,#447,#448,#449,#460,#461,#462,#463,#464,#465,#466));
#468=IFCRELDEFINESBYPROPERTIES('3z$D88j8gHZ$Ke2gwfF22f',#18,$,$,(#357),#467);
#469=IFCPROPERTYSINGLEVALUE('ThermalTransmittance',$,IFCTHERMALTRANSMITTANCEMEASURE(0.11743760826329636),$);
#470=IFCPROPERTYSET('2NrVHOjwmF6Qv_Sv8i23UT',#18,'Pset_SlabCommon',$,(#469));
#471=IFCCARTESIANPOINT((-3.7815747839614855,3828.8453227365198,0.));
#472=IFCAXIS2PLACEMENT3D(#471,#9,#8);
#473=IFCLOCALPLACEMENT(#36,#472);
#474=IFCCARTESIANPOINTLIST3D(((0.,-2.4626485661258389E-016,0.),(9510.,-2.4626485661162212E-016,0.)));
#475=IFCINDEXEDPOLYCURVE(#474,$,.F.);
#476=IFCSHAPEREPRESENTATION(#25,'Axis','Curve3D',(#475));
#477=IFCPRODUCTDEFINITIONSHAPE($,$,(#476,#508));
#478=IFCCARTESIANPOINTLIST2D(((-2472.5,-6280.0000000000018),(1527.4999999999998,-6280.0000000000018),(1527.4999999999998,1120.0000000000016),(-582.50000000000023,1120.0000000000018),(-582.50000000000023,1930.0000000000014),(1527.4999999999998,1930.0000000000014),(1527.4999999999998,3229.9999999999982),(-2472.5,3229.9999999999982),(-2472.5,-6280.0000000000018)));
#479=IFCINDEXEDPOLYCURVE(#478,$,.F.);
#480=IFCCARTESIANPOINTLIST2D(((-582.49999999999966,-3034.9999999999973),(-582.49999999999966,-2124.9999999999959),(327.50000000000119,-2124.9999999999959),(327.50000000000119,-3034.9999999999973),(-582.49999999999966,-3034.9999999999973)));
#481=IFCINDEXEDPOLYCURVE(#480,$,.F.);
#482=IFCARBITRARYPROFILEDEFWITHVOIDS(.AREA.,'Wall-Int_12P-100Blk-12P',#479,(#481));
#483=IFCCARTESIANPOINT((3230.,-62.499999999999993,1527.4999999999998));
#484=IFCAXIS2PLACEMENT3D(#483,#7,#10);
#485=IFCEXTRUDEDAREASOLID(#482,#484,#9,12.500000000000103);
#486=IFCCARTESIANPOINTLIST2D(((-1527.5,1120.0000000000016),(-1527.5,-6292.5000000000009),(2472.5,-6292.5000000000009),(2472.5,3242.4999999999977),(-1527.5,3242.4999999999982),(-1527.5,1930.0000000000014),(582.5,1930.0000000000014),(582.5,1120.0000000000016),(-1527.5,1120.0000000000016)));
#487=IFCINDEXEDPOLYCURVE(#486,$,.F.);
#488=IFCCARTESIANPOINTLIST2D(((582.49999999999943,-3034.9999999999973),(-327.50000000000148,-3034.9999999999973),(-327.50000000000148,-2124.9999999999959),(582.49999999999943,-2124.9999999999959),(582.49999999999943,-3034.9999999999973)));
#489=IFCINDEXEDPOLYCURVE(#488,$,.F.);
#490=IFCARBITRARYPROFILEDEFWITHVOIDS(.AREA.,'Wall-Int_12P-100Blk-12P',#487,(#489));
#491=IFCCARTESIANPOINT((3230.,-50.,1527.5));
#492=IFCAXIS2PLACEMENT3D(#491,#8,#9);
#493=IFCEXTRUDEDAREASOLID(#490,#492,#10,100.);
#494=IFCCARTESIANPOINTLIST2D(((-1527.5,1120.0000000000016),(-1527.5,-6280.0000000000018),(2472.5,-6280.0000000000018),(2472.4999999999986,3229.9999999999977),(-1527.5,3229.9999999999982),(-1527.5,1930.0000000000014),(582.5,1930.0000000000014),(582.5,1120.0000000000016),(-1527.5,1120.0000000000016)));
#495=IFCINDEXEDPOLYCURVE(#494,$,.F.);
#496=IFCCARTESIANPOINTLIST2D(((582.49999999999943,-3034.9999999999973),(-327.50000000000148,-3034.9999999999973),(-327.50000000000148,-2124.9999999999959),(582.49999999999943,-2124.9999999999959),(582.49999999999943,-3034.9999999999973)));
#497=IFCINDEXEDPOLYCURVE(#496,$,.F.);
#498=IFCARBITRARYPROFILEDEFWITHVOIDS(.AREA.,'Wall-Int_12P-100Blk-12P',#495,(#497));
#499=IFCCARTESIANPOINT((3230.,50.,1527.5));
#500=IFCAXIS2PLACEMENT3D(#499,#8,#9);
#501=IFCEXTRUDEDAREASOLID(#498,#500,#10,12.499999999999899);
#502=IFCSTYLEDITEM(#485,(#85),$);
#503=IFCCOLOURRGB($,0.70980392156862748,0.70980392156862748,0.70980392156862748);
#504=IFCSURFACESTYLERENDERING(#503,0.,$,$,$,$,IFCNORMALISEDRATIOMEASURE(0.5),IFCSPECULAREXPONENT(128.),.NOTDEFINED.);
#505=IFCSURFACESTYLE('Concrete Masonry Units',.BOTH.,(#504));
#506=IFCSTYLEDITEM(#493,(#505),$);
#507=IFCSTYLEDITEM(#501,(#85),$);
#508=IFCSHAPEREPRESENTATION(#26,'Body','SweptSolid',(#485,#493,#501));
#509=IFCSHAPEREPRESENTATION(#26,'Body','SweptSolid',(#501));
#510=IFCSHAPEASPECT((#509),'Plaster',$,.U.,#477);
#511=IFCSHAPEREPRESENTATION(#26,'Body','SweptSolid',(#493));
#512=IFCSHAPEASPECT((#511),'Concrete Masonry Units',$,.U.,#477);
#513=IFCSHAPEREPRESENTATION(#26,'Body','SweptSolid',(#485));
#514=IFCSHAPEASPECT((#513),'Plaster (2)',$,.U.,#477);
#515=IFCWALL('3wVNDtMWbEfveJ225bpUYB',#18,'Basic Wall:Wall-Int_12P-100Blk-12P:314934',$,'Basic Wall:Wall-Int_12P-100Blk-12P',#473,#477,'314934',.NOTDEFINED.);
#516=IFCMATERIAL('Concrete Masonry Units',$,'Masonry');
#517=IFCMATERIALCONSTITUENT('Plaster',$,#112,0.099999999999999992,'Generic');
#518=IFCQUANTITYLENGTH('Width',$,$,12.5,$);
#519=IFCMATERIALCONSTITUENT('Concrete Masonry Units',$,#516,0.79999999999999993,'Masonry');
#520=IFCQUANTITYLENGTH('Width',$,$,100.,$);
#521=IFCMATERIALCONSTITUENT('Plaster (2)',$,#112,0.099999999999999992,'Generic');
#522=IFCQUANTITYLENGTH('Width',$,$,12.5,$);
#523=IFCMATERIALCONSTITUENTSET('Basic Wall:Wall-Int_12P-100Blk-12P',$,(#517,#519,#521));
#524=IFCPHYSICALCOMPLEXQUANTITY('Plaster',$,(#518),'Layer',$,$);
#525=IFCPHYSICALCOMPLEXQUANTITY('Concrete Masonry Units',$,(#520),'Layer',$,$);
#526=IFCPHYSICALCOMPLEXQUANTITY('Plaster (2)',$,(#522),'Layer',$,$);
#527=IFCQUANTITYLENGTH('Width',$,$,125.,$);
#528=IFCQUANTITYLENGTH('Height',$,$,3999.9999999999995,$);
#529=IFCQUANTITYLENGTH('Length',$,$,9800.,$);
#530=IFCQUANTITYVOLUME('GrossVolume',$,$,4.5413625,$);
#531=IFCQUANTITYAREA('GrossSideArea',$,$,36.3309,$);
#532=IFCQUANTITYAREA('NetSideArea',$,$,35.502799999999993,$);
#533=IFCQUANTITYVOLUME('NetVolume',$,$,4.4378500000000054,$);
#534=IFCELEMENTQUANTITY('1fWwpLMFg7quV7N8XGB$Yn',#18,'Qto_WallBaseQuantities',$,$,(#524,#525,#526,#527,#528,#529,#530,#531,#532,#533));
#535=IFCRELDEFINESBYPROPERTIES('216$7i9qe$tkwjDIqTCFyF',#18,$,$,(#515),#534);
#536=IFCWALLTYPE('2ru7YPT4T9MuTpOS4FRzxh',#18,'Basic Wall:Wall-Int_12P-100Blk-12P',$,$,(#547),$,'45409',$,.STANDARD.);
#537=IFCPROPERTYSINGLEVALUE('Reference',$,IFCIDENTIFIER('Wall-Int_12P-100Blk-12P'),$);
#538=IFCPROPERTYSET('1NM5ejmjjgZ7nmN64iyasu',#18,'Pset_EnvironmentalImpactIndicators',$,(#537));
#539=IFCPROPERTYSINGLEVALUE('Reference',$,IFCLABEL('Wall-Int_12P-100Blk-12P'),$);
#540=IFCPROPERTYSET('3r3sQaZ04RFc7QJM4ExjZ2',#18,'Pset_ReinforcementBarPitchOfWall',$,(#539));
#541=IFCPROPERTYSINGLEVALUE('IsExternal',$,IFCBOOLEAN(.F.),$);
#542=IFCPROPERTYSET('05KnT8ea1F4NY8c1azJkAq',#18,'Pset_WallCommon',$,(#141,#142,#537,#541));
#543=IFCRELDEFINESBYPROPERTIES('0GYctmxP1hXEcWWlJcvtPm',#18,$,$,(#515),#538);
#544=IFCRELDEFINESBYPROPERTIES('0JfTXactWGupCObGt4362z',#18,$,$,(#515),#540);
#545=IFCRELDEFINESBYPROPERTIES('1XsMIhiFEkXakFeg86wPgQ',#18,$,$,(#515),#542);
#546=IFCPROPERTYSINGLEVALUE('ThermalTransmittance',$,IFCTHERMALTRANSMITTANCEMEASURE(7.9401197604790426),$);
#547=IFCPROPERTYSET('3$G4iWFWV69zr31O$f4o2R',#18,'Pset_WallCommon',$,(#546));
#548=IFCAXIS2PLACEMENT3D(#3,$,$);
#550=IFCCARTESIANPOINTLIST2D(((-152.64999999999998,-153.94999999999999),(152.64999999999998,-153.94999999999999),(152.64999999999998,-138.54999999999998),(20.15000000000019,-138.54999999999998),(9.4019769259646075,-134.09802307403564),(4.9499999999999913,-123.35000000000002),(4.9499999999999833,123.34999999999982),(9.4019769259643322,134.09802307403541),(20.149999999999952,138.54999999999998),(152.64999999999998,138.54999999999998),(152.64999999999998,153.94999999999999),(-152.64999999999998,153.94999999999999),(-152.64999999999998,138.54999999999998),(-20.150000000000059,138.55000000000001),(-9.4019769259645258,134.09802307403555),(-4.950000000000025,123.35000000000005),(-4.9500000000000171,-123.34999999999985),(-9.4019769259643873,-134.09802307403538),(-20.150000000000055,-138.54999999999998),(-152.64999999999998,-138.54999999999998)));
#551=IFCINDEXEDPOLYCURVE(#550,(IFCLINEINDEX((1,2,3,4)),IFCARCINDEX((4,5,6)),IFCLINEINDEX((6,7)),IFCARCINDEX((7,8,9)),IFCLINEINDEX((9,10,11,12,13,14)),IFCARCINDEX((14,15,16)),IFCLINEINDEX((16,17)),IFCARCINDEX((17,18,19)),IFCLINEINDEX((19,20,1))),.F.);
#552=IFCARBITRARYCLOSEDPROFILEDEF(.AREA.,'UC305x305x97',#551);
#553=IFCAXIS2PLACEMENT3D(#3,#9,#6);
#554=IFCEXTRUDEDAREASOLID(#552,#553,#9,3999.9999999999995);
#555=IFCCOLOURRGB($,0.96862745098039216,0.96862745098039216,0.96862745098039216);
#556=IFCSURFACESTYLERENDERING(#555,0.,$,$,$,$,IFCNORMALISEDRATIOMEASURE(0.5),IFCSPECULAREXPONENT(128.),.NOTDEFINED.);
#557=IFCSURFACESTYLE('Metal - Steel 43-275',.BOTH.,(#556));
#558=IFCSTYLEDITEM(#554,(#557),$);
#559=IFCSHAPEREPRESENTATION(#26,'Body','SweptSolid',(#554));
#560=IFCAXIS2PLACEMENT3D(#3,$,$);
#561=IFCREPRESENTATIONMAP(#560,#559);
#562=IFCCOLUMNTYPE('3wVNDtMWbEfveJ225bpVU1',#18,'UC-Universal Columns-Column:UC305x305x97',$,$,(#587),(#561),'12190',$,.COLUMN.);
#563=IFCMATERIAL('Metal - Steel 43-275',$,'Metal');
#564=IFCCARTESIANTRANSFORMATIONOPERATOR3D($,$,#3,1.,$);
#565=IFCMAPPEDITEM(#561,#564);
#566=IFCSHAPEREPRESENTATION(#26,'Body','MappedRepresentation',(#565));
#567=IFCPRODUCTDEFINITIONSHAPE($,$,(#566));
#568=IFCCARTESIANPOINT((226.21842521604034,3668.8453227365148,0.));
#569=IFCAXIS2PLACEMENT3D(#568,#9,#8);
#570=IFCLOCALPLACEMENT(#36,#569);
#571=IFCCOLUMN('3wVNDtMWbEfveJ225bpUab',#18,'UC-Universal Columns-Column:UC305x305x97:315288',$,'UC-Universal Columns-Column:UC305x305x97',#570,#567,'315288',.COLUMN.);
#572=IFCQUANTITYLENGTH('Length',$,$,3999.9999999999995,$);
#573=IFCQUANTITYAREA('CrossSectionArea',$,$,0.012345028043415611,$);
#574=IFCQUANTITYAREA('OuterSurfaceArea',$,$,7.1644176666765187,$);
#575=IFCQUANTITYVOLUME('GrossVolume',$,$,0.049380112173662442,$);
#576=IFCQUANTITYVOLUME('NetVolume',$,$,0.049381343309014412,$);
#577=IFCELEMENTQUANTITY('1jpkXt63nExlOOXrraOPWh',#18,'Qto_ColumnBaseQuantities',$,$,(#572,#573,#574,#575,#576));
#578=IFCRELDEFINESBYPROPERTIES('3TIX9yg9osq2sHVytOc2oc',#18,$,$,(#571),#577);
#579=IFCPROPERTYSINGLEVALUE('Reference',$,IFCIDENTIFIER('UC305x305x97'),$);
#580=IFCPROPERTYSET('2xQBvRDq2d0DKQhS9yJAXy',#18,'Pset_ColumnCommon',$,(#272,#541,#579));
#581=IFCPROPERTYSET('1ZgtCMh1tWf$fdTcaSlxsd',#18,'Pset_EnvironmentalImpactIndicators',$,(#579));
#582=IFCPROPERTYSINGLEVALUE('Reference',$,IFCLABEL('UC305x305x97'),$);
#583=IFCPROPERTYSET('0QiHbwWMNe$_5yxaK8ESfF',#18,'Pset_ReinforcementBarPitchOfColumn',$,(#582));
#584=IFCRELDEFINESBYPROPERTIES('361v73A9Q7oE0ZwVUeRns5',#18,$,$,(#571),#580);
#585=IFCRELDEFINESBYPROPERTIES('0lv2mf1c2$MZxTnZ3h4qnB',#18,$,$,(#571),#581);
#586=IFCRELDEFINESBYPROPERTIES('0SqJsCHzm1NATtNJt2LYcD',#18,$,$,(#571),#583);
#587=IFCPROPERTYSET('2zznbnk6rAURUN8AI8jqug',#18,'Pset_ColumnCommon',$,(#272));
#588=IFCAXIS2PLACEMENT3D(#3,$,$);
#590=IFCCARTESIANPOINTLIST2D(((-268.74999999999045,-217.50000000000037),(268.74999999999011,-217.50000000000037),(268.74999999999079,217.49999999999929),(-268.74999999999045,217.50000000000037),(-268.74999999999045,-217.50000000000037)));
#591=IFCINDEXEDPOLYCURVE(#590,$,.F.);
#592=IFCARBITRARYCLOSEDPROFILEDEF(.AREA.,'450x600mm',#591);
#593=IFCCARTESIANPOINT((327.468425216014,-5463.6546772634802,0.));
#594=IFCAXIS2PLACEMENT3D(#593,#9,#6);
#595=IFCEXTRUDEDAREASOLID(#592,#594,#9,3999.9999999999995);
#596=IFCSTYLEDITEM(#595,(#85),$);
#597=IFCSHAPEREPRESENTATION(#26,'Body','SweptSolid',(#595));
#598=IFCAXIS2PLACEMENT3D(#3,$,$);
#599=IFCREPRESENTATIONMAP(#598,#597);
#600=IFCCOLUMNTYPE('3wVNDtMWbEfveJ025bpVG1',#18,'Columns_Rectangular:450x600mm',$,$,$,(#599),'140623',$,.COLUMN.);
#601=IFCMAPPEDITEM(#599,#564);
#602=IFCSHAPEREPRESENTATION(#26,'Body','MappedRepresentation',(#601));
#603=IFCPRODUCTDEFINITIONSHAPE($,$,(#602));
#604=IFCAXIS2PLACEMENT3D(#3,$,$);
#605=IFCLOCALPLACEMENT(#36,#604);
#606=IFCCOLUMN('3wVNDtMWbEfveJ225bpVG1',#18,'Columns_Rectangular:450x600mm:316092',$,'Columns_Rectangular:450x600mm',#605,#603,'316092',.COLUMN.);
#607=IFCQUANTITYLENGTH('Length',$,$,3999.9999999999995,$);
#608=IFCQUANTITYAREA('CrossSectionArea',$,$,0.23381249999999196,$);
#609=IFCQUANTITYAREA('OuterSurfaceArea',$,$,7.7799999999998475,$);
#610=IFCQUANTITYVOLUME('GrossVolume',$,$,0.93524999999996783,$);
#611=IFCQUANTITYVOLUME('NetVolume',$,$,0.9352499999999685,$);
#612=IFCELEMENTQUANTITY('2T1A5tnSTCEyDQ_FDfxP3T',#18,'Qto_ColumnBaseQuantities',$,$,(#607,#608,#609,#610,#611));
#613=IFCRELDEFINESBYPROPERTIES('3Weah1EupFsZNsbPpE0OHR',#18,$,$,(#606),#612);
#614=IFCPROPERTYSINGLEVALUE('Reference',$,IFCIDENTIFIER('450x600mm'),$);
#615=IFCPROPERTYSET('2WapbCNkmtfVgwXZEM0JoV',#18,'Pset_ColumnCommon',$,(#541,#614));
#616=IFCPROPERTYSET('0sFkoLQP6zYyaHdVHOv1yu',#18,'Pset_EnvironmentalImpactIndicators',$,(#614));
#617=IFCPROPERTYSINGLEVALUE('Reference',$,IFCLABEL('450x600mm'),$);
#618=IFCPROPERTYSET('3_g6wyxXM3JrM7kwT$JqJs',#18,'Pset_ReinforcementBarPitchOfColumn',$,(#617));
#619=IFCRELDEFINESBYPROPERTIES('2Nj4EFiVi3RRBYLYr2ncvM',#18,$,$,(#606),#615);
#620=IFCRELDEFINESBYPROPERTIES('0HUOnUGrKghFfh2TAAa9Lp',#18,$,$,(#606),#616);
#621=IFCRELDEFINESBYPROPERTIES('1UPrBUsGVmqBQl4QXjly8l',#18,$,$,(#606),#618);
#622=IFCAXIS2PLACEMENT3D(#3,$,$);
#624=IFCCARTESIANPOINTLIST2D(((-82.500000000000142,-141.49999999999972),(-82.500000000000142,-151.70000000000053),(82.500000000000071,-151.70000000000053),(82.500000000000071,-141.49999999999972),(11.899999999999933,-141.49999999999972),(5.6067496474396874,-138.89325035255999),(2.9999999999999618,-132.59999999999974),(2.9999999999999631,132.60000000000014),(5.6067496474396892,138.89325035256039),(11.899999999999981,141.50000000000014),(82.500000000000071,141.50000000000014),(82.500000000000071,151.69999999999936),(-82.499999999999631,151.69999999999936),(-82.499999999999631,141.50000000000014),(-11.900000000000039,141.50000000000011),(-5.606749647439802,138.89325035256033),(-3.0000000000001208,132.60000000000011),(-3.0000000000001195,-132.59999999999974),(-5.6067496474398721,-138.89325035256002),(-11.9000000000001,-141.49999999999972)));
#625=IFCINDEXEDPOLYCURVE(#624,(IFCLINEINDEX((1,2,3,4,5)),IFCARCINDEX((5,6,7)),IFCLINEINDEX((7,8)),IFCARCINDEX((8,9,10)),IFCLINEINDEX((10,11,12,13,14,15)),IFCARCINDEX((15,16,17)),IFCLINEINDEX((17,18)),IFCARCINDEX((18,19,20)),IFCLINEINDEX((20,1))),.F.);
#626=IFCARBITRARYCLOSEDPROFILEDEF(.AREA.,'UB305x165x40',#625);
#627=IFCCARTESIANPOINT((-4450.,-0.,-0.));
#628=IFCAXIS2PLACEMENT3D(#627,#6,#8);
#629=IFCEXTRUDEDAREASOLID(#626,#628,#10,8900.);
#630=IFCSTYLEDITEM(#629,(#557),$);
#631=IFCSHAPEREPRESENTATION(#26,'Body','SweptSolid',(#629));
#632=IFCCARTESIANPOINTLIST3D(((-4450.,0.,151.70000000000374),(4450.,0.,151.70000000000374)));
#633=IFCINDEXEDPOLYCURVE(#632,$,.F.);
#634=IFCSHAPEREPRESENTATION(#25,'Axis','Curve3D',(#633));
#635=IFCAXIS2PLACEMENT3D(#3,$,$);
#636=IFCREPRESENTATIONMAP(#635,#631);
#637=IFCAXIS2PLACEMENT3D(#3,$,$);
#638=IFCREPRESENTATIONMAP(#637,#634);
#639=IFCBEAMTYPE('3wVNDtMWbEfveJ225bpVC4',#18,'UB-Universal Beams:UB305x165x40',$,$,(#669),(#636,#638),'250723',$,.BEAM.);
#640=IFCMAPPEDITEM(#636,#564);
#641=IFCSHAPEREPRESENTATION(#26,'Body','MappedRepresentation',(#640));
#642=IFCMAPPEDITEM(#638,#564);
#643=IFCSHAPEREPRESENTATION(#25,'Axis','MappedRepresentation',(#642));
#644=IFCPRODUCTDEFINITIONSHAPE($,$,(#641,#643));
#645=IFCCARTESIANPOINT((226.21842521604037,-781.15467726348527,-151.70000000000374));
#646=IFCAXIS2PLACEMENT3D(#645,#9,#8);
#647=IFCLOCALPLACEMENT(#36,#646);
#648=IFCBEAM('3wVNDtMWbEfveJ225bpVC5',#18,'UB-Universal Beams:UB305x165x40:316856',$,'UB-Universal Beams:UB305x165x40',#647,#644,'316856',.BEAM.);
#649=IFCPROPERTYSINGLEVALUE('Reference',$,IFCIDENTIFIER('UB305x165x40'),$);
#650=IFCPROPERTYSINGLEVALUE('Span',$,IFCPOSITIVELENGTHMEASURE(8900.),$);
#651=IFCPROPERTYSINGLEVALUE('Slope',$,IFCPLANEANGLEMEASURE(0.),$);
#652=IFCPROPERTYSINGLEVALUE('Roll',$,IFCPLANEANGLEMEASURE(0.),$);
#653=IFCPROPERTYSET('1M2JVoH5ZcQPK2kkdLfho5',#18,'Pset_BeamCommon',$,(#272,#541,#649,#650,#651,#652));
#654=IFCPROPERTYSET('1a7yHeomBTsH8tejBDorEQ',#18,'Pset_EnvironmentalImpactIndicators',$,(#649));
#655=IFCPROPERTYSINGLEVALUE('Reference',$,IFCLABEL('UB305x165x40'),$);
#656=IFCPROPERTYSET('3csy2o4eJWL4KLH0jp6gOy',#18,'Pset_ReinforcementBarPitchOfBeam',$,(#655));
#657=IFCRELDEFINESBYPROPERTIES('2XGKOyDgvdkj4b513A0r77',#18,$,$,(#648),#653);
#658=IFCRELDEFINESBYPROPERTIES('3nDpDEP5RUo_pj6_FHjiVj',#18,$,$,(#648),#654);
#659=IFCRELDEFINESBYPROPERTIES('3Y6n62duya37FvkrbMsmGd',#18,$,$,(#648),#656);
#660=IFCQUANTITYLENGTH('Length','',$,8900.,$);
#661=IFCQUANTITYAREA('CrossSectionArea','',$,0.005132074646967081,$);
#662=IFCQUANTITYAREA('OuterSurfaceArea','',$,11.031731108181688,$);
#663=IFCQUANTITYAREA('GrossSurfaceArea','',$,11.041995257475623,$);
#664=IFCQUANTITYAREA('NetSurfaceArea','',$,11.041995257475627,$);
#665=IFCQUANTITYVOLUME('GrossVolume','',$,0.045675464358007026,$);
#666=IFCQUANTITYVOLUME('NetVolume','',$,0.045674836536959952,$);
#667=IFCELEMENTQUANTITY('1mEZTnNN$jBAt06mlBJGoL',#18,'Qto_BeamBaseQuantities',$,$,(#660,#661,#662,#663,#664,#665,#666));
#668=IFCRELDEFINESBYPROPERTIES('2WAkK6I_9mvxzrahEreZMx',#18,$,$,(#648),#667);
#669=IFCPROPERTYSET('1b88WT_zrxitXJU16ZHFzG',#18,'Pset_BeamCommon',$,(#272));
#670=IFCAXIS2PLACEMENT3D(#3,$,$);
#671=IFCLOCALPLACEMENT(#36,#670);
#672=IFCPRODUCTDEFINITIONSHAPE($,$,(#693));
#673=IFCCARTESIANPOINTLIST2D(((-4755.,-2218.749999999995),(4755.0000000000018,-2218.7499999999955),(4754.9999999999982,2218.7500000000055),(-4755.0000000000009,2218.7499999999854),(-4755.,-2218.749999999995)));
#674=IFCINDEXEDPOLYCURVE(#673,$,.F.);
#675=IFCARBITRARYCLOSEDPROFILEDEF(.AREA.,'Plain',#674);
#676=IFCCARTESIANPOINT((2277.4684252160268,-926.154677263488,2612.));
#677=IFCAXIS2PLACEMENT3D(#676,#9,#7);
#678=IFCEXTRUDEDAREASOLID(#675,#677,#9,45.000000000000057);
#679=IFCCARTESIANPOINTLIST2D(((-2218.7499999999868,-4755.),(2218.7499999999936,-4755.),(2218.7499999999977,4755.0000000000009),(-2218.7500000000036,4754.9999999999991),(-2218.7499999999868,-4755.)));
#680=IFCINDEXEDPOLYCURVE(#679,$,.F.);
#681=IFCARBITRARYCLOSEDPROFILEDEF(.AREA.,'Plain',#680);
#682=IFCCARTESIANPOINT((2277.4684252160264,-926.154677263488,2600.));
#683=IFCAXIS2PLACEMENT3D(#682,$,$);
#684=IFCEXTRUDEDAREASOLID(#681,#683,#9,11.999999999999979);
#685=IFCCOLOURRGB($,0.49803921568627452,0.49803921568627452,0.49803921568627452);
#686=IFCSURFACESTYLERENDERING(#685,0.,$,$,$,$,IFCNORMALISEDRATIOMEASURE(0.5),IFCSPECULAREXPONENT(64.),.NOTDEFINED.);
#687=IFCSURFACESTYLE('Metal Stud Layer',.BOTH.,(#686));
#688=IFCSTYLEDITEM(#678,(#687),$);
#689=IFCCOLOURRGB($,0.97647058823529409,0.97647058823529409,0.97647058823529409);
#690=IFCSURFACESTYLERENDERING(#689,0.,$,$,$,$,IFCNORMALISEDRATIOMEASURE(0.5),IFCSPECULAREXPONENT(128.),.NOTDEFINED.);
#691=IFCSURFACESTYLE('Gypsum Wall Board',.BOTH.,(#690));
#692=IFCSTYLEDITEM(#684,(#691),$);
#693=IFCSHAPEREPRESENTATION(#26,'Body','SweptSolid',(#678,#684));
#694=IFCSHAPEREPRESENTATION(#26,'Body','SweptSolid',(#678));
#695=IFCSHAPEASPECT((#694),'Metal Stud Layer',$,.U.,#672);
#696=IFCSHAPEREPRESENTATION(#26,'Body','SweptSolid',(#684));
#697=IFCSHAPEASPECT((#696),'Gypsum Wall Board',$,.U.,#672);
#698=IFCCOVERING('3wVNDtMWbEfveJ225bpV6T',#18,'Compound Ceiling:Plain:317216',$,'Compound Ceiling:Plain',#671,#672,'317216',.CEILING.);
#699=IFCMATERIAL('Metal Stud Layer',$,'Metal');
#700=IFCMATERIAL('Gypsum Wall Board',$,'Generic');
#701=IFCMATERIALCONSTITUENT('Metal Stud Layer',$,#699,0.78947368421052644,'Metal');
#702=IFCQUANTITYLENGTH('Width',$,$,45.,$);
#703=IFCMATERIALCONSTITUENT('Gypsum Wall Board',$,#700,0.21052631578947367,'Generic');
#704=IFCQUANTITYLENGTH('Width',$,$,11.999999999999998,$);
#705=IFCMATERIALCONSTITUENTSET('Compound Ceiling:Plain',$,(#701,#703));
#706=IFCPHYSICALCOMPLEXQUANTITY('Metal Stud Layer',$,(#702),'Layer',$,$);
#707=IFCPHYSICALCOMPLEXQUANTITY('Gypsum Wall Board',$,(#704),'Layer',$,$);
#708=IFCQUANTITYLENGTH('Width',$,$,57.,$);
#709=IFCCOVERINGTYPE('11BHxV0UD3kux7rc2nWrkt',#18,'Compound Ceiling:Plain',$,$,(#721),$,'19849',$,.CEILING.);
#710=IFCPROPERTYSINGLEVALUE('Reference',$,IFCIDENTIFIER('Plain'),$);
#711=IFCPROPERTYSET('0qNN5pstdyElwTsQuZhEM6',#18,'Pset_CoveringCommon',$,(#541,#710));
#712=IFCPROPERTYSET('2KFsVlAfRh$WFAx$nozSmn',#18,'Pset_EnvironmentalImpactIndicators',$,(#710));
#713=IFCRELDEFINESBYPROPERTIES('1Eud0K7RCMKqCfXMyAl0B_',#18,$,$,(#698),#711);
#714=IFCRELDEFINESBYPROPERTIES('2TETaooP1cIdXGOxlwe4pj',#18,$,$,(#698),#712);
#715=IFCQUANTITYLENGTH('Width','',$,9510.,$);
#716=IFCQUANTITYAREA('GrossArea','',$,42.20062499999991,$);
#717=IFCQUANTITYAREA('NetArea','',$,42.20062499999991,$);
#718=IFCELEMENTQUANTITY('1YLeIdFPQulD18b87iZPhD',#18,'Qto_CoveringBaseQuantities',$,$,(#706,#707,#708,#716,#717));
#719=IFCRELDEFINESBYPROPERTIES('3PxrSiL60Uh7r5OBSDD_6C',#18,$,$,(#698),#718);
#720=IFCPROPERTYSINGLEVALUE('ThermalTransmittance',$,IFCTHERMALTRANSMITTANCEMEASURE(0.54991539763113373),$);
#721=IFCPROPERTYSET('1yz_z1rJn5PKGaiKAVTdWp',#18,'Pset_CoveringCommon',$,(#720));
#722=IFCCOLOURRGBLIST(((0.,0.,0.)));
#723=IFCINDEXEDPOLYGONALFACE((20,21,22,23,24,1,2,3,4,5,6,7,8,9,10,11,12,13,14,15,16,17,18,19));
#724=IFCINDEXEDPOLYGONALFACE((37,1,24,36));
#725=IFCINDEXEDPOLYGONALFACE((36,24,23,35));
#726=IFCINDEXEDPOLYGONALFACE((33,34,22,21));
#727=IFCINDEXEDPOLYGONALFACE((23,22,34,35));
#728=IFCINDEXEDPOLYGONALFACE((32,33,21,20));
#729=IFCINDEXEDPOLYGONALFACE((19,31,32,20));
#730=IFCINDEXEDPOLYGONALFACE((30,18,17,29));
#731=IFCINDEXEDPOLYGONALFACE((29,17,16,28));
#732=IFCINDEXEDPOLYGONALFACE((26,27,15,14));
#733=IFCINDEXEDPOLYGONALFACE((16,15,27,28));
#734=IFCINDEXEDPOLYGONALFACE((25,26,14,13));
#735=IFCINDEXEDPOLYGONALFACE((30,31,19,18));
#736=IFCINDEXEDPOLYGONALFACE((25,13,12,48));
#737=IFCINDEXEDPOLYGONALFACE((48,12,11,47));
#738=IFCINDEXEDPOLYGONALFACE((45,46,10,9));
#739=IFCINDEXEDPOLYGONALFACE((11,10,46,47));
#740=IFCINDEXEDPOLYGONALFACE((44,45,9,8));
#741=IFCINDEXEDPOLYGONALFACE((7,43,44,8));
#742=IFCINDEXEDPOLYGONALFACE((42,6,5,41));
#743=IFCINDEXEDPOLYGONALFACE((41,5,4,40));
#744=IFCINDEXEDPOLYGONALFACE((38,39,3,2));
#745=IFCINDEXEDPOLYGONALFACE((4,3,39,40));
#746=IFCINDEXEDPOLYGONALFACE((37,38,2,1));
#747=IFCINDEXEDPOLYGONALFACE((42,43,7,6));
#748=IFCINDEXEDPOLYGONALFACE((35,70,36));
#749=IFCINDEXEDPOLYGONALFACE((66,32,77));
#750=IFCINDEXEDPOLYGONALFACE((79,73,76));
#751=IFCINDEXEDPOLYGONALFACE((77,63,74,66));
#752=IFCINDEXEDPOLYGONALFACE((34,33,66));
#753=IFCINDEXEDPOLYGONALFACE((34,68,35));
#754=IFCINDEXEDPOLYGONALFACE((32,66,33));
#755=IFCINDEXEDPOLYGONALFACE((77,76,63));
#756=IFCINDEXEDPOLYGONALFACE((30,29,77));
#757=IFCINDEXEDPOLYGONALFACE((80,72,81));
#758=IFCINDEXEDPOLYGONALFACE((72,75,62));
#759=IFCINDEXEDPOLYGONALFACE((32,31,77));
#760=IFCINDEXEDPOLYGONALFACE((31,30,77));
#761=IFCINDEXEDPOLYGONALFACE((78,64,49));
#762=IFCINDEXEDPOLYGONALFACE((76,77,29));
#763=IFCINDEXEDPOLYGONALFACE((51,78,50));
#764=IFCINDEXEDPOLYGONALFACE((56,65,82));
#765=IFCINDEXEDPOLYGONALFACE((60,69,59));
#766=IFCINDEXEDPOLYGONALFACE((27,79,76));
#767=IFCINDEXEDPOLYGONALFACE((29,28,76));
#768=IFCINDEXEDPOLYGONALFACE((80,81,73));
#769=IFCINDEXEDPOLYGONALFACE((53,75,52));
#770=IFCINDEXEDPOLYGONALFACE((80,79,64));
#771=IFCINDEXEDPOLYGONALFACE((81,84,73));
#772=IFCINDEXEDPOLYGONALFACE((72,83,81));
#773=IFCINDEXEDPOLYGONALFACE((56,57,65));
#774=IFCINDEXEDPOLYGONALFACE((80,73,79));
#775=IFCINDEXEDPOLYGONALFACE((75,55,82));
#776=IFCINDEXEDPOLYGONALFACE((82,55,56));
#777=IFCINDEXEDPOLYGONALFACE((65,58,67));
#778=IFCINDEXEDPOLYGONALFACE((83,72,62));
#779=IFCINDEXEDPOLYGONALFACE((57,58,65));
#780=IFCINDEXEDPOLYGONALFACE((82,62,75));
#781=IFCINDEXEDPOLYGONALFACE((61,69,60));
#782=IFCINDEXEDPOLYGONALFACE((80,78,72));
#783=IFCINDEXEDPOLYGONALFACE((73,84,76));
#784=IFCINDEXEDPOLYGONALFACE((58,59,67));
#785=IFCINDEXEDPOLYGONALFACE((26,25,79));
#786=IFCINDEXEDPOLYGONALFACE((81,83,71,84));
#787=IFCINDEXEDPOLYGONALFACE((72,78,51));
#788=IFCINDEXEDPOLYGONALFACE((68,34,66));
#789=IFCINDEXEDPOLYGONALFACE((78,49,50));
#790=IFCINDEXEDPOLYGONALFACE((70,37,36));
#791=IFCINDEXEDPOLYGONALFACE((72,52,75));
#792=IFCINDEXEDPOLYGONALFACE((59,69,67));
#793=IFCINDEXEDPOLYGONALFACE((72,51,52));
#794=IFCINDEXEDPOLYGONALFACE((35,68,70));
#795=IFCINDEXEDPOLYGONALFACE((54,75,53));
#796=IFCINDEXEDPOLYGONALFACE((75,54,55));
#797=IFCINDEXEDPOLYGONALFACE((76,28,27));
#798=IFCINDEXEDPOLYGONALFACE((78,80,64));
#799=IFCINDEXEDPOLYGONALFACE((79,27,26));
#800=IFCINDEXEDPOLYGONALFACE((63,76,84));
#801=IFCINDEXEDPOLYGONALFACE((79,25,64));
#802=IFCINDEXEDPOLYGONALFACE((66,74,63,100));
#803=IFCINDEXEDPOLYGONALFACE((103,101,96));
#804=IFCINDEXEDPOLYGONALFACE((102,49,64));
#805=IFCINDEXEDPOLYGONALFACE((47,46,99));
#806=IFCINDEXEDPOLYGONALFACE((101,99,96));
#807=IFCINDEXEDPOLYGONALFACE((102,97,94));
#808=IFCINDEXEDPOLYGONALFACE((99,101,47));
#809=IFCINDEXEDPOLYGONALFACE((103,96,104));
#810=IFCINDEXEDPOLYGONALFACE((47,101,48));
#811=IFCINDEXEDPOLYGONALFACE((103,102,64));
#812=IFCINDEXEDPOLYGONALFACE((97,103,104));
#813=IFCINDEXEDPOLYGONALFACE((95,49,102));
#814=IFCINDEXEDPOLYGONALFACE((38,37,70));
#815=IFCINDEXEDPOLYGONALFACE((98,97,62));
#816=IFCINDEXEDPOLYGONALFACE((98,62,82));
#817=IFCINDEXEDPOLYGONALFACE((68,66,40));
#818=IFCINDEXEDPOLYGONALFACE((42,100,43));
#819=IFCINDEXEDPOLYGONALFACE((83,62,97));
#820=IFCINDEXEDPOLYGONALFACE((41,40,66));
#821=IFCINDEXEDPOLYGONALFACE((66,42,41));
#822=IFCINDEXEDPOLYGONALFACE((63,84,99));
#823=IFCINDEXEDPOLYGONALFACE((82,89,90));
#824=IFCINDEXEDPOLYGONALFACE((66,100,42));
#825=IFCINDEXEDPOLYGONALFACE((97,102,103));
#826=IFCINDEXEDPOLYGONALFACE((101,103,64));
#827=IFCINDEXEDPOLYGONALFACE((95,102,94));
#828=IFCINDEXEDPOLYGONALFACE((93,94,97));
#829=IFCINDEXEDPOLYGONALFACE((40,39,68));
#830=IFCINDEXEDPOLYGONALFACE((97,104,83));
#831=IFCINDEXEDPOLYGONALFACE((101,25,48));
#832=IFCINDEXEDPOLYGONALFACE((67,87,65));
#833=IFCINDEXEDPOLYGONALFACE((92,98,91));
#834=IFCINDEXEDPOLYGONALFACE((86,67,69));
#835=IFCINDEXEDPOLYGONALFACE((39,70,68));
#836=IFCINDEXEDPOLYGONALFACE((92,93,98));
#837=IFCINDEXEDPOLYGONALFACE((69,61,85));
#838=IFCINDEXEDPOLYGONALFACE((98,90,91));
#839=IFCINDEXEDPOLYGONALFACE((96,84,104));
#840=IFCINDEXEDPOLYGONALFACE((104,84,71,83));
#841=IFCINDEXEDPOLYGONALFACE((65,87,88));
#842=IFCINDEXEDPOLYGONALFACE((88,89,65));
#843=IFCINDEXEDPOLYGONALFACE((44,100,45));
#844=IFCINDEXEDPOLYGONALFACE((65,89,82));
#845=IFCINDEXEDPOLYGONALFACE((69,85,86));
#846=IFCINDEXEDPOLYGONALFACE((84,96,99));
#847=IFCINDEXEDPOLYGONALFACE((98,82,90));
#848=IFCINDEXEDPOLYGONALFACE((44,43,100));
#849=IFCINDEXEDPOLYGONALFACE((97,98,93));
#850=IFCINDEXEDPOLYGONALFACE((87,67,86));
#851=IFCINDEXEDPOLYGONALFACE((38,70,39));
#852=IFCINDEXEDPOLYGONALFACE((99,100,63));
#853=IFCINDEXEDPOLYGONALFACE((99,46,45));
#854=IFCINDEXEDPOLYGONALFACE((101,64,25));
#855=IFCINDEXEDPOLYGONALFACE((100,99,45));
#856=IFCINDEXEDPOLYGONALFACE((109,110,111,112,113,114,115,116,117,118,119,120,121,122,123,124,125,126,127,128,105,106,107,108));
#857=IFCINDEXEDPOLYGONALFACE((105,61,60,106));
#858=IFCINDEXEDPOLYGONALFACE((106,60,59,107));
#859=IFCINDEXEDPOLYGONALFACE((108,58,57,109));
#860=IFCINDEXEDPOLYGONALFACE((107,59,58,108));
#861=IFCINDEXEDPOLYGONALFACE((109,57,56,110));
#862=IFCINDEXEDPOLYGONALFACE((55,111,110,56));
#863=IFCINDEXEDPOLYGONALFACE((53,52,114,113));
#864=IFCINDEXEDPOLYGONALFACE((54,53,113,112));
#865=IFCINDEXEDPOLYGONALFACE((50,49,117,116));
#866=IFCINDEXEDPOLYGONALFACE((51,50,116,115));
#867=IFCINDEXEDPOLYGONALFACE((52,51,115,114));
#868=IFCINDEXEDPOLYGONALFACE((112,111,55,54));
#869=IFCINDEXEDPOLYGONALFACE((117,49,95,118));
#870=IFCINDEXEDPOLYGONALFACE((118,95,94,119));
#871=IFCINDEXEDPOLYGONALFACE((121,120,93,92));
#872=IFCINDEXEDPOLYGONALFACE((94,93,120,119));
#873=IFCINDEXEDPOLYGONALFACE((122,121,92,91));
#874=IFCINDEXEDPOLYGONALFACE((90,123,122,91));
#875=IFCINDEXEDPOLYGONALFACE((124,89,88,125));
#876=IFCINDEXEDPOLYGONALFACE((125,88,87,126));
#877=IFCINDEXEDPOLYGONALFACE((128,127,86,85));
#878=IFCINDEXEDPOLYGONALFACE((127,126,87,86));
#879=IFCINDEXEDPOLYGONALFACE((105,128,85,61));
#880=IFCINDEXEDPOLYGONALFACE((124,123,90,89));
#881=IFCCARTESIANPOINTLIST3D(((106.99999999999669,244.00000000096662,899.99999999999955),(107.34074173710606,244.00000000096662,902.58819045102484),(108.33974596215236,244.00000000096662,904.99999999999955),(109.92893218813128,244.00000000096662,907.07106781186508),(111.9999999999968,244.00000000096662,908.66025403784408),(114.41180954897159,244.00000000096662,909.65925826289038),(116.99999999999682,244.00000000096662,909.99999999999966),(119.58819045102204,244.00000000096662,909.65925826289038),(121.99999999999686,244.00000000096662,908.66025403784408),(124.07106781186239,244.00000000096662,907.07106781186508),(125.66025403784127,244.00000000096662,904.99999999999955),(126.65925826288759,244.00000000096662,902.58819045102484),(126.99999999999687,244.00000000096662,899.99999999999943),(126.65925826288752,244.00000000096662,897.41180954897425),(125.6602540378412,244.00000000096662,894.99999999999943),(124.07106781186229,244.00000000096662,892.92893218813401),(121.99999999999676,244.00000000096662,891.33974596215501),(119.58819045102194,244.00000000096662,890.34074173710871),(116.99999999999672,244.00000000096662,889.99999999999932),(114.41180954897149,244.00000000096662,890.34074173710883),(111.9999999999967,244.00000000096662,891.33974596215501),(109.92893218813118,244.00000000096662,892.92893218813401),(108.33974596215231,244.00000000096662,894.99999999999943),(107.34074173710599,244.00000000096662,897.41180954897436),(126.99999999999687,214.00000000096693,899.9999999999992),(126.65925826288752,214.00000000096693,897.41180954897413),(125.6602540378411,214.00000000096693,894.9999999999992),(124.07106781186215,214.00000000096693,892.9289321881339),(121.9999999999967,214.00000000096693,891.33974596215501),(119.58819045102192,214.00000000096693,890.34074173710871),(116.99999999999672,214.00000000096693,889.99999999999932),(114.41180954897152,214.00000000096693,890.34074173710871),(111.99999999999677,214.00000000096693,891.33974596215501),(109.92893218813131,214.00000000096693,892.9289321881339),(108.33974596215234,214.00000000096693,894.99999999999943),(107.34074173710606,214.00000000096693,897.41180954897425),(106.99999999999669,214.00000000096693,899.99999999999955),(107.34074173710599,214.00000000096693,902.58819045102473),(108.33974596215224,214.00000000096693,904.99999999999943),(109.92893218813114,214.00000000096693,907.07106781186496),(111.9999999999967,214.00000000096693,908.66025403784408),(114.41180954897156,214.00000000096693,909.65925826289038),(116.99999999999686,214.00000000096693,909.99999999999966),(119.58819045102214,214.00000000096693,909.65925826289026),(121.999999999997,214.00000000096693,908.66025403784386),(124.07106781186246,214.00000000096693,907.07106781186496),(125.6602540378414,214.00000000096693,904.99999999999932),(126.65925826288765,214.00000000096693,902.5881904510245),(132.00000000000384,209.00000000096,899.99999999999875),(132.00000000000384,208.65925826385069,897.41180954897322),(132.00000000000384,207.66025403880445,894.99999999999852),(132.00000000000381,206.07106781282553,892.92893218813299),(132.00000000000381,204.00000000095997,891.33974596215387),(132.00000000000381,201.5881904519851,890.34074173710758),(132.00000000000381,199.00000000095983,889.99999999999829),(132.00000000000381,196.41180954993456,890.34074173710769),(132.00000000000381,194.00000000095972,891.3397459621541),(132.00000000000381,191.92893218909416,892.92893218813299),(132.00000000000384,190.33974596311529,894.99999999999864),(132.00000000000387,189.34074173806903,897.41180954897345),(132.00000000000387,189.00000000095977,899.99999999999841),(119.50000000000028,192.34936490634976,899.99999999999841),(110.34936490538668,201.50000000096335,899.99999999999841),(128.46446609406618,210.46446609502931,899.99999999999841),(125.6338022186583,190.70581755532814,899.99999999999841),(108.70581754348115,207.63380226024071,899.99999999999841),(128.8169011093311,189.85290877814396,899.99999999999841),(107.8529087717389,210.81690113060384,899.99999999999841),(130.40845055466744,189.42645438955188,899.99999999999841),(107.42645438586777,212.40845056578542,899.99999999999841),(114.92468245269347,196.92468245365657,899.99999999999841),(122.46232810486264,200.24708495426788,890.15192265530129),(118.24708558813138,204.46232883115479,890.15192249043491),(109.52759122443389,204.56690113060202,899.99999999999841),(124.98938219077044,195.32962368267036,891.30720684254788),(115.96491328631744,207.41612441385334,890.27621867719381),(111.97166225960073,208.03986448033325,891.92330310307068),(127.98154246212926,206.62363063548366,892.48740540409392),(124.62363034193963,209.98154238584402,892.48740514590691),(123.49871706713108,205.49871740635069,890.45352084779972),(117.07949036132607,199.32823813143031,891.94476265456865),(122.56690110932928,191.52759123083896,899.99999999999841),(117.21234122634688,194.63702368000321,899.99999999999841),(112.63702367904008,199.21234122730999,899.99999999999841),(132.00000000000387,189.34074173806917,902.58819045102382),(132.00000000000384,190.33974596311555,904.99999999999875),(132.00000000000387,191.92893218909452,907.07106781186405),(132.00000000000387,194.00000000096006,908.66025403784306),(132.00000000000387,196.41180954993482,909.65925826288924),(132.00000000000387,199.00000000095994,909.99999999999864),(132.00000000000387,201.5881904519851,909.65925826288924),(132.00000000000387,204.00000000095986,908.66025403784295),(132.00000000000387,206.07106781282533,907.07106781186405),(132.00000000000384,207.66025403880425,904.99999999999864),(132.00000000000384,208.6592582638506,902.58819045102405),(118.2470855880191,204.46232883103519,909.84807750953371),(122.46232810440303,200.2470849541572,909.84807734463345),(124.98938219068638,195.32962368263443,908.69279315741312),(115.96491328629686,207.41612441382412,909.72378132279607),(111.97166225959441,208.0398644803125,908.0766968969175),(124.62363034187091,209.98154238580273,907.5125948541604),(127.98154246213876,206.62363063548912,907.51259459589483),(123.49871706673932,205.49871740600938,909.54647915235876),(117.32823773708166,199.07949069521482,908.05523731715596),(237.00000000001157,189.00000000095983,899.9999999999992),(237.00000000001157,189.34074173806917,897.41180954897391),(237.00000000001157,190.33974596311546,894.9999999999992),(237.00000000001154,191.92893218909435,892.92893218813367),(237.00000000001154,194.00000000095989,891.33974596215478),(237.00000000001154,196.4118095499347,890.34074173710837),(237.00000000001154,199.00000000095989,889.99999999999909),(237.00000000001154,201.58819045198513,890.34074173710837),(237.00000000001154,204.00000000095994,891.33974596215478),(237.00000000001154,206.07106781282548,892.92893218813367),(237.00000000001157,207.66025403880437,894.9999999999992),(237.00000000001157,208.65925826385069,897.41180954897391),(237.00000000001157,209.00000000096006,899.9999999999992),(237.00000000001157,208.65925826385075,902.5881904510245),(237.00000000001157,207.66025403880445,904.99999999999932),(237.0000000000116,206.07106781282553,907.07106781186474),(237.0000000000116,204.00000000096,908.66025403784374),(237.0000000000116,201.58819045198518,909.65925826289003),(237.0000000000116,199.00000000095997,909.99999999999943),(237.0000000000116,196.41180954993473,909.65925826289003),(237.0000000000116,194.00000000095994,908.66025403784374),(237.0000000000116,191.92893218909444,907.07106781186474),(237.00000000001157,190.33974596311552,904.99999999999932),(237.00000000001157,189.34074173806917,902.58819045102439)));
#882=IFCPOLYGONALFACESET(#881,.T.,(#723,#724,#725,#726,#727,#728,#729,#730,#731,#732,#733,#734,#735,#736,#737,#738,#739,#740,#741,#742,#743,#744,#745,#746,#747,#748,#749,#750,#751,#752,#753,#754,#755,#756,#757,#758,#759,#760,#761,#762,#763,#764,#765,#766,#767,#768,#769,#770,#771,#772,#773,#774,#775,#776,#777,#778,#779,#780,#781,#782,#783,#784,#785,#786,#787,#788,#789,#790,#791,#792,#793,#794,#795,#796,#797,#798,#799,#800,#801,#802,#803,#804,#805,#806,#807,#808,#809,#810,#811,#812,#813,#814,#815,#816,#817,#818,#819,#820,#821,#822,#823,#824,#825,#826,#827,#828,#829,#830,#831,#832,#833,#834,#835,#836,#837,#838,#839,#840,#841,#842,#843,#844,#845,#846,#847,#848,#849,#850,#851,#852,#853,#854,#855,#856,#857,#858,#859,#860,#861,#862,#863,#864,#865,#866,#867,#868,#869,#870,#871,#872,#873,#874,#875,#876,#877,#878,#879,#880),$);
#883=IFCINDEXEDCOLOURMAP(#882,1.,#722,(1,1,1,1,1,1,1,1,1,1,1,1,1,1,1,1,1,1,1,1,1,1,1,1,1,1,1,1,1,1,1,1,1,1,1,1,1,1,1,1,1,1,1,1,1,1,1,1,1,1,1,1,1,1,1,1,1,1,1,1,1,1,1,1,1,1,1,1,1,1,1,1,1,1,1,1,1,1,1,1,1,1,1,1,1,1,1,1,1,1,1,1,1,1,1,1,1,1,1,1,1,1,1,1,1,1,1,1,1,1,1,1,1,1,1,1,1,1,1,1,1,1,1,1,1,1,1,1,1,1,1,1,1,1,1,1,1,1,1,1,1,1,1,1,1,1,1,1,1,1,1,1,1,1,1,1,1,1));
#884=IFCCOLOURRGB($,0.,0.,0.);
#885=IFCSURFACESTYLERENDERING(#884,0.,$,$,$,$,IFCNORMALISEDRATIOMEASURE(0.5),IFCSPECULAREXPONENT(64.),.NOTDEFINED.);
#886=IFCSURFACESTYLE('Door - Handle',.BOTH.,(#885));
#887=IFCSTYLEDITEM(#882,(#886),$);
#888=IFCCOLOURRGBLIST(((0.,0.,0.)));
#889=IFCINDEXEDPOLYGONALFACE((16,17,18,19,20,21,22,23,24,1,2,3,4,5,6,7,8,9,10,11,12,13,14,15));
#890=IFCINDEXEDPOLYGONALFACE((41,42,43,44,45,46,47,48,25,26,27,28,29,30,31,32,33,34,35,36,37,38,39,40));
#891=IFCINDEXEDPOLYGONALFACE((25,1,24,26));
#892=IFCINDEXEDPOLYGONALFACE((26,24,23,27));
#893=IFCINDEXEDPOLYGONALFACE((29,28,22,21));
#894=IFCINDEXEDPOLYGONALFACE((22,28,27,23));
#895=IFCINDEXEDPOLYGONALFACE((30,29,21,20));
#896=IFCINDEXEDPOLYGONALFACE((30,20,19,31));
#897=IFCINDEXEDPOLYGONALFACE((31,19,18,32));
#898=IFCINDEXEDPOLYGONALFACE((32,18,17,33));
#899=IFCINDEXEDPOLYGONALFACE((35,34,16,15));
#900=IFCINDEXEDPOLYGONALFACE((16,34,33,17));
#901=IFCINDEXEDPOLYGONALFACE((36,35,15,14));
#902=IFCINDEXEDPOLYGONALFACE((36,14,13,37));
#903=IFCINDEXEDPOLYGONALFACE((37,13,12,38));
#904=IFCINDEXEDPOLYGONALFACE((38,12,11,39));
#905=IFCINDEXEDPOLYGONALFACE((41,40,10,9));
#906=IFCINDEXEDPOLYGONALFACE((10,40,39,11));
#907=IFCINDEXEDPOLYGONALFACE((42,41,9,8));
#908=IFCINDEXEDPOLYGONALFACE((42,8,7,43));
#909=IFCINDEXEDPOLYGONALFACE((43,7,6,44));
#910=IFCINDEXEDPOLYGONALFACE((44,6,5,45));
#911=IFCINDEXEDPOLYGONALFACE((47,46,4,3));
#912=IFCINDEXEDPOLYGONALFACE((4,46,45,5));
#913=IFCINDEXEDPOLYGONALFACE((48,47,3,2));
#914=IFCINDEXEDPOLYGONALFACE((48,2,1,25));
#915=IFCCARTESIANPOINTLIST3D(((84.499999999993847,244.00000000096662,899.99999999999977),(85.522225211321839,244.00000000096662,892.23542864692422),(88.519237886460729,244.00000000096662,884.99999999999977),(93.28679656439752,244.00000000096662,878.7867965644034),(99.499999999993889,244.00000000096662,874.01923788646673),(106.73542864691828,244.00000000096662,871.02222521132785),(114.4999999999939,244.00000000096662,870.),(122.26457135306951,244.00000000096662,871.02222521132785),(129.49999999999392,244.00000000096662,874.01923788646673),(135.71320343559032,244.00000000096662,878.78679656440363),(140.48076211352705,244.00000000096662,885.),(143.4777747886659,244.00000000096662,892.23542864692433),(144.49999999999389,244.00000000096662,900.00000000000011),(143.47777478866587,244.00000000096662,907.76457135307567),(140.48076211352694,244.00000000096662,915.),(135.71320343559017,244.00000000096662,921.21320343559637),(129.49999999999375,244.00000000096662,925.98076211353316),(122.26457135306934,244.00000000096662,928.97777478867204),(114.49999999999373,244.00000000096662,929.99999999999989),(106.73542864691812,244.00000000096662,928.97777478867192),(99.499999999993761,244.00000000096662,925.98076211353305),(93.286796564397392,244.00000000096662,921.21320343559626),(88.519237886460658,244.00000000096662,914.99999999999977),(85.522225211321768,244.00000000096662,907.76457135307544),(84.499999999993847,252.00000000096662,899.99999999999977),(85.522225211321768,252.00000000096662,907.76457135307544),(88.519237886460658,252.00000000096662,914.99999999999977),(93.286796564397392,252.00000000096662,921.21320343559626),(99.499999999993761,252.00000000096662,925.98076211353305),(106.73542864691812,252.00000000096662,928.97777478867192),(114.49999999999373,252.00000000096662,929.99999999999989),(122.26457135306934,252.00000000096662,928.97777478867204),(129.49999999999375,252.00000000096662,925.98076211353316),(135.71320343559017,252.00000000096662,921.21320343559637),(140.48076211352694,252.00000000096662,915.),(143.47777478866587,252.00000000096662,907.76457135307567),(144.49999999999389,252.00000000096662,899.99999999999989),(143.4777747886659,252.00000000096662,892.23542864692433),(140.48076211352705,252.00000000096662,885.),(135.71320343559032,252.00000000096662,878.78679656440363),(129.49999999999392,252.00000000096662,874.01923788646673),(122.26457135306951,252.00000000096662,871.02222521132785),(114.4999999999939,252.00000000096662,870.),(106.73542864691828,252.00000000096662,871.02222521132785),(99.499999999993889,252.00000000096662,874.01923788646673),(93.28679656439752,252.00000000096662,878.7867965644034),(88.519237886460729,252.00000000096662,884.99999999999977),(85.522225211321839,252.00000000096662,892.23542864692422)));
#916=IFCPOLYGONALFACESET(#915,.T.,(#889,#890,#891,#892,#893,#894,#895,#896,#897,#898,#899,#900,#901,#902,#903,#904,#905,#906,#907,#908,#909,#910,#911,#912,#913,#914),$);
#917=IFCINDEXEDCOLOURMAP(#916,1.,#888,(1,1,1,1,1,1,1,1,1,1,1,1,1,1,1,1,1,1,1,1,1,1,1,1,1,1));
#918=IFCSTYLEDITEM(#916,(#886),$);
#919=IFCCOLOURRGBLIST(((0.,0.,0.)));
#920=IFCINDEXEDPOLYGONALFACE((7,8,9,10,11,12,13,14,15,16,17,18,19,20,21,22,23,24,1,2,3,4,5,6));
#921=IFCINDEXEDPOLYGONALFACE((26,2,1,25));
#922=IFCINDEXEDPOLYGONALFACE((27,3,2,26));
#923=IFCINDEXEDPOLYGONALFACE((4,28,29,5));
#924=IFCINDEXEDPOLYGONALFACE((27,28,4,3));
#925=IFCINDEXEDPOLYGONALFACE((5,29,30,6));
#926=IFCINDEXEDPOLYGONALFACE((6,30,31,7));
#927=IFCINDEXEDPOLYGONALFACE((33,9,8,32));
#928=IFCINDEXEDPOLYGONALFACE((34,10,9,33));
#929=IFCINDEXEDPOLYGONALFACE((11,35,36,12));
#930=IFCINDEXEDPOLYGONALFACE((34,35,11,10));
#931=IFCINDEXEDPOLYGONALFACE((12,36,37,13));
#932=IFCINDEXEDPOLYGONALFACE((8,7,31,32));
#933=IFCINDEXEDPOLYGONALFACE((38,14,13,37));
#934=IFCINDEXEDPOLYGONALFACE((39,15,14,38));
#935=IFCINDEXEDPOLYGONALFACE((16,40,41,17));
#936=IFCINDEXEDPOLYGONALFACE((39,40,16,15));
#937=IFCINDEXEDPOLYGONALFACE((17,41,42,18));
#938=IFCINDEXEDPOLYGONALFACE((18,42,43,19));
#939=IFCINDEXEDPOLYGONALFACE((45,21,20,44));
#940=IFCINDEXEDPOLYGONALFACE((46,22,21,45));
#941=IFCINDEXEDPOLYGONALFACE((23,47,48,24));
#942=IFCINDEXEDPOLYGONALFACE((46,47,23,22));
#943=IFCINDEXEDPOLYGONALFACE((24,48,25,1));
#944=IFCINDEXEDPOLYGONALFACE((20,19,43,44));
#945=IFCINDEXEDPOLYGONALFACE((26,69,27));
#946=IFCINDEXEDPOLYGONALFACE((77,30,65));
#947=IFCINDEXEDPOLYGONALFACE((76,73,79));
#948=IFCINDEXEDPOLYGONALFACE((65,74,51,77));
#949=IFCINDEXEDPOLYGONALFACE((65,29,28));
#950=IFCINDEXEDPOLYGONALFACE((27,67,28));
#951=IFCINDEXEDPOLYGONALFACE((29,65,30));
#952=IFCINDEXEDPOLYGONALFACE((51,76,77));
#953=IFCINDEXEDPOLYGONALFACE((77,33,32));
#954=IFCINDEXEDPOLYGONALFACE((81,72,80));
#955=IFCINDEXEDPOLYGONALFACE((52,75,72));
#956=IFCINDEXEDPOLYGONALFACE((77,31,30));
#957=IFCINDEXEDPOLYGONALFACE((77,32,31));
#958=IFCINDEXEDPOLYGONALFACE((49,50,78));
#959=IFCINDEXEDPOLYGONALFACE((33,77,76));
#960=IFCINDEXEDPOLYGONALFACE((64,78,63));
#961=IFCINDEXEDPOLYGONALFACE((82,66,58));
#962=IFCINDEXEDPOLYGONALFACE((26,25,69));
#963=IFCINDEXEDPOLYGONALFACE((76,79,35));
#964=IFCINDEXEDPOLYGONALFACE((76,34,33));
#965=IFCINDEXEDPOLYGONALFACE((73,81,80));
#966=IFCINDEXEDPOLYGONALFACE((62,75,61));
#967=IFCINDEXEDPOLYGONALFACE((50,79,80));
#968=IFCINDEXEDPOLYGONALFACE((73,84,81));
#969=IFCINDEXEDPOLYGONALFACE((81,83,72));
#970=IFCINDEXEDPOLYGONALFACE((66,57,58));
#971=IFCINDEXEDPOLYGONALFACE((79,73,80));
#972=IFCINDEXEDPOLYGONALFACE((82,59,75));
#973=IFCINDEXEDPOLYGONALFACE((58,59,82));
#974=IFCINDEXEDPOLYGONALFACE((68,56,66));
#975=IFCINDEXEDPOLYGONALFACE((52,72,83));
#976=IFCINDEXEDPOLYGONALFACE((66,56,57));
#977=IFCINDEXEDPOLYGONALFACE((75,52,82));
#978=IFCINDEXEDPOLYGONALFACE((54,70,53));
#979=IFCINDEXEDPOLYGONALFACE((72,78,80));
#980=IFCINDEXEDPOLYGONALFACE((76,84,73));
#981=IFCINDEXEDPOLYGONALFACE((65,28,67));
#982=IFCINDEXEDPOLYGONALFACE((79,37,36));
#983=IFCINDEXEDPOLYGONALFACE((71,83,81,84));
#984=IFCINDEXEDPOLYGONALFACE((63,78,72));
#985=IFCINDEXEDPOLYGONALFACE((68,55,56));
#986=IFCINDEXEDPOLYGONALFACE((64,49,78));
#987=IFCINDEXEDPOLYGONALFACE((55,70,54));
#988=IFCINDEXEDPOLYGONALFACE((75,62,72));
#989=IFCINDEXEDPOLYGONALFACE((69,67,27));
#990=IFCINDEXEDPOLYGONALFACE((62,63,72));
#991=IFCINDEXEDPOLYGONALFACE((68,70,55));
#992=IFCINDEXEDPOLYGONALFACE((61,75,60));
#993=IFCINDEXEDPOLYGONALFACE((59,60,75));
#994=IFCINDEXEDPOLYGONALFACE((35,34,76));
#995=IFCINDEXEDPOLYGONALFACE((50,80,78));
#996=IFCINDEXEDPOLYGONALFACE((36,35,79));
#997=IFCINDEXEDPOLYGONALFACE((84,76,51));
#998=IFCINDEXEDPOLYGONALFACE((50,37,79));
#999=IFCINDEXEDPOLYGONALFACE((100,51,74,65));
#1000=IFCINDEXEDPOLYGONALFACE((96,101,103));
#1001=IFCINDEXEDPOLYGONALFACE((50,49,102));
#1002=IFCINDEXEDPOLYGONALFACE((99,40,39));
#1003=IFCINDEXEDPOLYGONALFACE((96,99,101));
#1004=IFCINDEXEDPOLYGONALFACE((86,97,102));
#1005=IFCINDEXEDPOLYGONALFACE((39,101,99));
#1006=IFCINDEXEDPOLYGONALFACE((104,96,103));
#1007=IFCINDEXEDPOLYGONALFACE((38,101,39));
#1008=IFCINDEXEDPOLYGONALFACE((50,102,103));
#1009=IFCINDEXEDPOLYGONALFACE((104,103,97));
#1010=IFCINDEXEDPOLYGONALFACE((102,49,85));
#1011=IFCINDEXEDPOLYGONALFACE((69,25,48));
#1012=IFCINDEXEDPOLYGONALFACE((52,97,98));
#1013=IFCINDEXEDPOLYGONALFACE((82,52,98));
#1014=IFCINDEXEDPOLYGONALFACE((46,65,67));
#1015=IFCINDEXEDPOLYGONALFACE((43,100,44));
#1016=IFCINDEXEDPOLYGONALFACE((97,52,83));
#1017=IFCINDEXEDPOLYGONALFACE((65,46,45));
#1018=IFCINDEXEDPOLYGONALFACE((45,44,65));
#1019=IFCINDEXEDPOLYGONALFACE((99,84,51));
#1020=IFCINDEXEDPOLYGONALFACE((90,91,82));
#1021=IFCINDEXEDPOLYGONALFACE((44,100,65));
#1022=IFCINDEXEDPOLYGONALFACE((103,102,97));
#1023=IFCINDEXEDPOLYGONALFACE((50,103,101));
#1024=IFCINDEXEDPOLYGONALFACE((86,102,85));
#1025=IFCINDEXEDPOLYGONALFACE((97,86,87));
#1026=IFCINDEXEDPOLYGONALFACE((66,93,68));
#1027=IFCINDEXEDPOLYGONALFACE((83,104,97));
#1028=IFCINDEXEDPOLYGONALFACE((38,37,101));
#1029=IFCINDEXEDPOLYGONALFACE((67,47,46));
#1030=IFCINDEXEDPOLYGONALFACE((89,98,88));
#1031=IFCINDEXEDPOLYGONALFACE((67,69,47));
#1032=IFCINDEXEDPOLYGONALFACE((70,68,94));
#1033=IFCINDEXEDPOLYGONALFACE((98,87,88));
#1034=IFCINDEXEDPOLYGONALFACE((47,69,48));
#1035=IFCINDEXEDPOLYGONALFACE((89,90,98));
#1036=IFCINDEXEDPOLYGONALFACE((104,84,96));
#1037=IFCINDEXEDPOLYGONALFACE((71,84,104,83));
#1038=IFCINDEXEDPOLYGONALFACE((92,93,66));
#1039=IFCINDEXEDPOLYGONALFACE((66,91,92));
#1040=IFCINDEXEDPOLYGONALFACE((41,100,42));
#1041=IFCINDEXEDPOLYGONALFACE((82,91,66));
#1042=IFCINDEXEDPOLYGONALFACE((94,95,70));
#1043=IFCINDEXEDPOLYGONALFACE((99,96,84));
#1044=IFCINDEXEDPOLYGONALFACE((90,82,98));
#1045=IFCINDEXEDPOLYGONALFACE((100,43,42));
#1046=IFCINDEXEDPOLYGONALFACE((87,98,97));
#1047=IFCINDEXEDPOLYGONALFACE((94,68,93));
#1048=IFCINDEXEDPOLYGONALFACE((95,53,70));
#1049=IFCINDEXEDPOLYGONALFACE((51,100,99));
#1050=IFCINDEXEDPOLYGONALFACE((41,40,99));
#1051=IFCINDEXEDPOLYGONALFACE((37,50,101));
#1052=IFCINDEXEDPOLYGONALFACE((41,99,100));
#1053=IFCINDEXEDPOLYGONALFACE((122,123,124,125,126,127,128,105,106,107,108,109,110,111,112,113,114,115,116,117,118,119,120,121));
#1054=IFCINDEXEDPOLYGONALFACE((128,54,53,105));
#1055=IFCINDEXEDPOLYGONALFACE((127,55,54,128));
#1056=IFCINDEXEDPOLYGONALFACE((125,57,56,126));
#1057=IFCINDEXEDPOLYGONALFACE((126,56,55,127));
#1058=IFCINDEXEDPOLYGONALFACE((124,58,57,125));
#1059=IFCINDEXEDPOLYGONALFACE((58,124,123,59));
#1060=IFCINDEXEDPOLYGONALFACE((121,120,62,61));
#1061=IFCINDEXEDPOLYGONALFACE((122,121,61,60));
#1062=IFCINDEXEDPOLYGONALFACE((118,117,49,64));
#1063=IFCINDEXEDPOLYGONALFACE((119,118,64,63));
#1064=IFCINDEXEDPOLYGONALFACE((120,119,63,62));
#1065=IFCINDEXEDPOLYGONALFACE((60,59,123,122));
#1066=IFCINDEXEDPOLYGONALFACE((116,85,49,117));
#1067=IFCINDEXEDPOLYGONALFACE((115,86,85,116));
#1068=IFCINDEXEDPOLYGONALFACE((87,114,113,88));
#1069=IFCINDEXEDPOLYGONALFACE((115,114,87,86));
#1070=IFCINDEXEDPOLYGONALFACE((88,113,112,89));
#1071=IFCINDEXEDPOLYGONALFACE((89,112,111,90));
#1072=IFCINDEXEDPOLYGONALFACE((109,92,91,110));
#1073=IFCINDEXEDPOLYGONALFACE((108,93,92,109));
#1074=IFCINDEXEDPOLYGONALFACE((94,107,106,95));
#1075=IFCINDEXEDPOLYGONALFACE((93,108,107,94));
#1076=IFCINDEXEDPOLYGONALFACE((95,106,105,53));
#1077=IFCINDEXEDPOLYGONALFACE((91,90,111,110));
#1078=IFCCARTESIANPOINTLIST3D(((106.99999999999622,298.00000000096833,899.99999999999943),(107.34074173710552,298.00000000096833,897.41180954897425),(108.33974596215182,298.00000000096833,894.99999999999932),(109.9289321881307,298.00000000096833,892.9289321881339),(111.99999999999623,298.00000000096833,891.33974596215489),(114.41180954897102,298.00000000096833,890.34074173710871),(116.99999999999625,298.00000000096833,889.9999999999992),(119.58819045102148,298.00000000096833,890.3407417371086),(121.99999999999629,298.00000000096833,891.33974596215489),(124.07106781186181,298.00000000096833,892.9289321881339),(125.66025403784073,298.00000000096833,894.99999999999932),(126.65925826288705,298.00000000096833,897.41180954897413),(126.9999999999964,298.00000000096833,899.9999999999992),(126.65925826288711,298.00000000096833,902.58819045102473),(125.6602540378408,298.00000000096833,904.99999999999943),(124.07106781186192,298.00000000096833,907.07106781186496),(121.99999999999639,298.00000000096833,908.66025403784386),(119.58819045102157,298.00000000096833,909.65925826289026),(116.99999999999635,298.00000000096833,909.99999999999955),(114.41180954897112,298.00000000096833,909.65925826289026),(111.99999999999633,298.00000000096833,908.66025403784386),(109.9289321881308,298.00000000096833,907.07106781186496),(108.33974596215189,298.00000000096833,904.99999999999943),(107.34074173710557,298.00000000096833,902.58819045102473),(106.99999999999622,328.00000000096799,899.99999999999909),(107.34074173710557,328.00000000096799,897.41180954897413),(108.33974596215187,328.00000000096799,894.99999999999932),(109.92893218813084,328.00000000096799,892.92893218813367),(111.99999999999629,328.00000000096799,891.33974596215489),(114.41180954897105,328.00000000096799,890.3407417371086),(116.99999999999625,328.00000000096799,889.9999999999992),(119.58819045102143,328.00000000096799,890.3407417371086),(121.99999999999622,328.00000000096799,891.33974596215489),(124.07106781186168,328.00000000096799,892.92893218813367),(125.66025403784063,328.00000000096799,894.99999999999898),(126.65925826288705,328.00000000096799,897.41180954897391),(126.9999999999964,328.00000000096799,899.9999999999992),(126.65925826288718,328.00000000096799,902.58819045102439),(125.66025403784093,328.00000000096799,904.9999999999992),(124.07106781186198,328.00000000096799,907.07106781186474),(121.99999999999653,328.00000000096799,908.66025403784374),(119.58819045102167,328.00000000096799,909.65925826289003),(116.99999999999638,328.00000000096799,909.99999999999955),(114.41180954897108,328.00000000096799,909.65925826289026),(111.99999999999623,328.00000000096799,908.66025403784386),(109.92893218813067,328.00000000096799,907.07106781186474),(108.33974596215177,328.00000000096799,904.99999999999932),(107.34074173710552,328.00000000096799,902.5881904510245),(132.00000000000338,333.00000000097481,899.99999999999829),(128.46446609406578,331.53553390690553,899.99999999999829),(110.34936490538628,340.50000000097151,899.99999999999829),(119.49999999999984,349.65063509558507,899.99999999999829),(132.00000000000335,353.00000000097509,899.99999999999852),(132.00000000000338,352.65925826386581,897.41180954897322),(132.00000000000335,351.66025403881957,894.99999999999852),(132.00000000000333,350.07106781284062,892.92893218813288),(132.00000000000333,348.00000000097515,891.33974596215387),(132.00000000000333,345.58819045200028,890.34074173710758),(132.00000000000333,343.00000000097498,889.99999999999818),(132.00000000000333,340.41180954994974,890.34074173710746),(132.00000000000333,338.00000000097492,891.33974596215376),(132.00000000000333,335.92893218910928,892.92893218813288),(132.00000000000335,334.33974596313038,894.99999999999841),(132.00000000000335,333.34074173808415,897.41180954897311),(108.70581754348073,334.36619774169418,899.99999999999829),(125.63380221865793,351.29418244660678,899.99999999999841),(107.85290877173853,331.18309887133108,899.99999999999829),(128.81690110933062,352.14709122379088,899.99999999999841),(107.4264543858674,329.59154943614953,899.99999999999829),(130.40845055466701,352.57354561238293,899.99999999999852),(114.92468245269305,345.07531754827829,899.99999999999829),(122.46232810486219,341.75291504766699,890.15192265530118),(118.24708558813097,337.53767117078013,890.15192249043469),(109.52759122443349,337.43309887133285,899.99999999999829),(124.98938219077,346.67037631926451,891.30720684254777),(115.96491328631704,334.58387558808164,890.2762186771937),(111.97166225960034,333.96013552160167,891.92330310307057),(127.98154246212881,335.37636936645123,892.48740540409369),(124.62363034193923,332.01845761609087,892.48740514590691),(123.49871706713064,336.5012825955842,890.45352084779961),(117.07949036132563,342.67176187050461,891.94476265456854),(122.5669011093289,350.4724087710959,899.99999999999841),(117.21234122634644,347.36297632193174,899.99999999999841),(112.63702367903967,342.7876587746249,899.99999999999829),(132.00000000000335,333.34074173808426,902.58819045102382),(132.00000000000335,334.33974596313061,904.99999999999852),(132.00000000000338,335.9289321891095,907.07106781186394),(132.00000000000338,338.00000000097504,908.66025403784283),(132.00000000000338,340.41180954994974,909.65925826288913),(132.00000000000338,343.00000000097492,909.99999999999841),(132.00000000000338,345.58819045199999,909.65925826288913),(132.00000000000338,348.00000000097481,908.66025403784295),(132.00000000000338,350.0710678128404,907.07106781186394),(132.00000000000335,351.66025403881929,904.99999999999864),(132.00000000000338,352.65925826386569,902.58819045102371),(118.24708558801869,337.53767117089967,909.8480775095336),(122.46232810440254,341.75291504777766,909.84807734463334),(124.9893821906859,346.67037631930043,908.69279315741278),(115.96491328629646,334.5838755881108,909.72378132279573),(111.971662259594,333.96013552162242,908.07669689691738),(124.62363034187049,332.0184576161322,907.51259485416028),(127.98154246213829,335.37636936644577,907.51259459589471),(123.49871706673898,336.50128259592543,909.54647915235864),(117.32823773708124,342.92050930672002,908.05523731715584),(237.00000000001108,353.00000000097509,899.99999999999909),(237.00000000001108,352.65925826386575,902.58819045102427),(237.00000000001108,351.6602540388194,904.9999999999992),(237.00000000001114,350.07106781284051,907.07106781186462),(237.00000000001114,348.00000000097498,908.66025403784363),(237.00000000001114,345.58819045200016,909.65925826288992),(237.00000000001114,343.00000000097498,909.99999999999932),(237.00000000001114,340.41180954994974,909.65925826288992),(237.00000000001114,338.00000000097492,908.66025403784363),(237.00000000001114,335.92893218910945,907.07106781186462),(237.00000000001108,334.33974596313044,904.9999999999992),(237.00000000001108,333.3407417380842,902.58819045102439),(237.00000000001108,333.00000000097486,899.99999999999909),(237.00000000001108,333.3407417380842,897.41180954897379),(237.00000000001108,334.33974596313055,894.99999999999898),(237.00000000001106,335.92893218910945,892.92893218813356),(237.00000000001106,338.00000000097498,891.33974596215455),(237.00000000001106,340.41180954994979,890.34074173710826),(237.00000000001106,343.00000000097498,889.99999999999898),(237.00000000001106,345.58819045200028,890.34074173710826),(237.00000000001106,348.00000000097504,891.33974596215455),(237.00000000001106,350.07106781284057,892.92893218813356),(237.00000000001108,351.66025403881952,894.99999999999898),(237.00000000001108,352.65925826386575,897.41180954897379)));
#1079=IFCPOLYGONALFACESET(#1078,.T.,(#920,#921,#922,#923,#924,#925,#926,#927,#928,#929,#930,#931,#932,#933,#934,#935,#936,#937,#938,#939,#940,#941,#942,#943,#944,#945,#946,#947,#948,#949,#950,#951,#952,#953,#954,#955,#956,#957,#958,#959,#960,#961,#962,#963,#964,#965,#966,#967,#968,#969,#970,#971,#972,#973,#974,#975,#976,#977,#978,#979,#980,#981,#982,#983,#984,#985,#986,#987,#988,#989,#990,#991,#992,#993,#994,#995,#996,#997,#998,#999,#1000,#1001,#1002,#1003,#1004,#1005,#1006,#1007,#1008,#1009,#1010,#1011,#1012,#1013,#1014,#1015,#1016,#1017,#1018,#1019,#1020,#1021,#1022,#1023,#1024,#1025,#1026,#1027,#1028,#1029,#1030,#1031,#1032,#1033,#1034,#1035,#1036,#1037,#1038,#1039,#1040,#1041,#1042,#1043,#1044,#1045,#1046,#1047,#1048,#1049,#1050,#1051,#1052,#1053,#1054,#1055,#1056,#1057,#1058,#1059,#1060,#1061,#1062,#1063,#1064,#1065,#1066,#1067,#1068,#1069,#1070,#1071,#1072,#1073,#1074,#1075,#1076,#1077),$);
#1080=IFCINDEXEDCOLOURMAP(#1079,1.,#919,(1,1,1,1,1,1,1,1,1,1,1,1,1,1,1,1,1,1,1,1,1,1,1,1,1,1,1,1,1,1,1,1,1,1,1,1,1,1,1,1,1,1,1,1,1,1,1,1,1,1,1,1,1,1,1,1,1,1,1,1,1,1,1,1,1,1,1,1,1,1,1,1,1,1,1,1,1,1,1,1,1,1,1,1,1,1,1,1,1,1,1,1,1,1,1,1,1,1,1,1,1,1,1,1,1,1,1,1,1,1,1,1,1,1,1,1,1,1,1,1,1,1,1,1,1,1,1,1,1,1,1,1,1,1,1,1,1,1,1,1,1,1,1,1,1,1,1,1,1,1,1,1,1,1,1,1,1,1));
#1081=IFCSTYLEDITEM(#1079,(#886),$);
#1082=IFCCOLOURRGBLIST(((0.,0.,0.)));
#1083=IFCINDEXEDPOLYGONALFACE((8,9,10,11,12,13,14,15,16,17,18,19,20,21,22,23,24,1,2,3,4,5,6,7));
#1084=IFCINDEXEDPOLYGONALFACE((31,32,33,34,35,36,37,38,39,40,41,42,43,44,45,46,47,48,25,26,27,28,29,30));
#1085=IFCINDEXEDPOLYGONALFACE((48,2,1,25));
#1086=IFCINDEXEDPOLYGONALFACE((47,3,2,48));
#1087=IFCINDEXEDPOLYGONALFACE((5,4,46,45));
#1088=IFCINDEXEDPOLYGONALFACE((47,46,4,3));
#1089=IFCINDEXEDPOLYGONALFACE((6,5,45,44));
#1090=IFCINDEXEDPOLYGONALFACE((7,6,44,43));
#1091=IFCINDEXEDPOLYGONALFACE((42,8,7,43));
#1092=IFCINDEXEDPOLYGONALFACE((41,9,8,42));
#1093=IFCINDEXEDPOLYGONALFACE((11,10,40,39));
#1094=IFCINDEXEDPOLYGONALFACE((41,40,10,9));
#1095=IFCINDEXEDPOLYGONALFACE((12,11,39,38));
#1096=IFCINDEXEDPOLYGONALFACE((13,12,38,37));
#1097=IFCINDEXEDPOLYGONALFACE((36,14,13,37));
#1098=IFCINDEXEDPOLYGONALFACE((35,15,14,36));
#1099=IFCINDEXEDPOLYGONALFACE((17,16,34,33));
#1100=IFCINDEXEDPOLYGONALFACE((35,34,16,15));
#1101=IFCINDEXEDPOLYGONALFACE((18,17,33,32));
#1102=IFCINDEXEDPOLYGONALFACE((19,18,32,31));
#1103=IFCINDEXEDPOLYGONALFACE((30,20,19,31));
#1104=IFCINDEXEDPOLYGONALFACE((29,21,20,30));
#1105=IFCINDEXEDPOLYGONALFACE((23,22,28,27));
#1106=IFCINDEXEDPOLYGONALFACE((29,28,22,21));
#1107=IFCINDEXEDPOLYGONALFACE((24,23,27,26));
#1108=IFCINDEXEDPOLYGONALFACE((1,24,26,25));
#1109=IFCCARTESIANPOINTLIST3D(((84.499999999993378,298.00000000096833,899.99999999999966),(85.52222521132137,298.00000000096833,907.76457135307533),(88.519237886460189,298.00000000096833,914.99999999999966),(93.286796564396852,298.00000000096833,921.21320343559614),(99.499999999993278,298.00000000096833,925.98076211353293),(106.73542864691764,298.00000000096833,928.9777747886717),(114.49999999999326,298.00000000096833,929.99999999999977),(122.26457135306887,298.00000000096833,928.97777478867192),(129.49999999999326,298.00000000096833,925.98076211353305),(135.71320343558972,298.00000000096833,921.21320343559626),(140.48076211352648,298.00000000096833,914.99999999999989),(143.47777478866539,298.00000000096833,907.76457135307555),(144.49999999999341,298.00000000096833,899.99999999999977),(143.47777478866541,298.00000000096833,892.23542864692422),(140.48076211352657,298.00000000096833,884.99999999999977),(135.71320343558983,298.00000000096833,878.7867965644034),(129.49999999999343,298.00000000096833,874.01923788646661),(122.26457135306904,298.00000000096833,871.02222521132774),(114.49999999999343,298.00000000096833,869.99999999999989),(106.73542864691781,298.00000000096833,871.02222521132774),(99.499999999993491,298.00000000096833,874.01923788646661),(93.28679656439698,298.00000000096833,878.78679656440329),(88.519237886460317,298.00000000096833,884.99999999999966),(85.52222521132137,298.00000000096833,892.23542864692399),(84.499999999993378,290.00000000096833,899.99999999999966),(85.52222521132137,290.00000000096833,892.23542864692399),(88.519237886460317,290.00000000096833,884.99999999999966),(93.28679656439698,290.00000000096833,878.78679656440329),(99.499999999993491,290.00000000096833,874.01923788646661),(106.73542864691781,290.00000000096833,871.02222521132774),(114.49999999999343,290.00000000096833,869.99999999999989),(122.26457135306904,290.00000000096833,871.02222521132774),(129.49999999999343,290.00000000096833,874.01923788646661),(135.71320343558983,290.00000000096833,878.7867965644034),(140.48076211352657,290.00000000096833,884.99999999999977),(143.47777478866541,290.00000000096833,892.23542864692422),(144.49999999999341,290.00000000096833,899.99999999999989),(143.47777478866539,290.00000000096833,907.76457135307555),(140.48076211352648,290.00000000096833,914.99999999999989),(135.71320343558972,290.00000000096833,921.21320343559626),(129.49999999999326,290.00000000096833,925.98076211353305),(122.26457135306887,290.00000000096833,928.97777478867192),(114.49999999999326,290.00000000096833,929.99999999999977),(106.73542864691764,290.00000000096833,928.9777747886717),(99.499999999993278,290.00000000096833,925.98076211353293),(93.286796564396852,290.00000000096833,921.21320343559614),(88.519237886460189,290.00000000096833,914.99999999999966),(85.52222521132137,290.00000000096833,907.76457135307533)));
#1110=IFCPOLYGONALFACESET(#1109,.T.,(#1083,#1084,#1085,#1086,#1087,#1088,#1089,#1090,#1091,#1092,#1093,#1094,#1095,#1096,#1097,#1098,#1099,#1100,#1101,#1102,#1103,#1104,#1105,#1106,#1107,#1108),$);
#1111=IFCINDEXEDCOLOURMAP(#1110,1.,#1082,(1,1,1,1,1,1,1,1,1,1,1,1,1,1,1,1,1,1,1,1,1,1,1,1,1,1));
#1112=IFCSTYLEDITEM(#1110,(#886),$);
#1113=IFCCOLOURRGBLIST(((0.82352941176470584,0.62352941176470589,0.37254901960784315)));
#1114=IFCINDEXEDPOLYGONALFACE((1,2,3,4));
#1115=IFCINDEXEDPOLYGONALFACE((5,6,7,8));
#1116=IFCINDEXEDPOLYGONALFACE((2,1,5,8));
#1117=IFCINDEXEDPOLYGONALFACE((3,2,8,7));
#1118=IFCINDEXEDPOLYGONALFACE((4,3,7,6));
#1119=IFCINDEXEDPOLYGONALFACE((1,4,6,5));
#1120=IFCCARTESIANPOINTLIST3D(((42.000000000005883,252.00000000097151,2068.),(42.000000000005947,252.00000000097151,7.9999999999153424),(768.00000000000136,252.00000000096912,7.9999999999153424),(768.00000000000136,252.00000000096912,2068.),(42.000000000006018,290.00000000097145,2068.),(768.00000000000148,290.00000000096907,2068.),(768.00000000000148,290.00000000096907,7.9999999999153424),(42.000000000006082,290.00000000097145,7.9999999999153424)));
#1121=IFCPOLYGONALFACESET(#1120,.T.,(#1114,#1115,#1116,#1117,#1118,#1119),$);
#1122=IFCINDEXEDCOLOURMAP(#1121,1.,#1113,(1,1,1,1,1,1));
#1123=IFCCOLOURRGB($,0.82352941176470584,0.62352941176470589,0.37254901960784315);
#1124=IFCSURFACESTYLERENDERING(#1123,0.,$,$,$,$,IFCNORMALISEDRATIOMEASURE(0.5),IFCSPECULAREXPONENT(128.),.NOTDEFINED.);
#1125=IFCSURFACESTYLE('Door - Panel',.BOTH.,(#1124));
#1126=IFCSTYLEDITEM(#1121,(#1125),$);
#1127=IFCCOLOURRGBLIST(((0.60392156862745094,0.35294117647058826,0.019607843137254902)));
#1128=IFCINDEXEDPOLYGONALFACE((2,3,4,5,6,1));
#1129=IFCINDEXEDPOLYGONALFACE((10,210,209,281,282,11));
#1130=IFCINDEXEDPOLYGONALFACE((2,1,7,8));
#1131=IFCINDEXEDPOLYGONALFACE((2,8,9,10,11,338,334,455,331,452,332,449,320,444,327,436,325,430,326,428,301,425,324,421,310,417,322,413,306,409,340,395,308,380,311,372,286,377,309,384,305,386,323,390,290,399,321,402,303,406,307,464,287,459,339,366,291,362,302,358,288,354,292,350,289,346,304,337,12,234,230,260,227,253,219,242,220,255,269,217,246,223,241,218,226,225,233,13,70,35,81,24,109,25,106,22,102,38,87,23,74,73,90,20,94,39,98,34,156,56,153,21,150,53,146,36,127,40,120,19,115,44,123,43,132,75,134,41,139,55,143,42,161,54,165,37,167,59,170,58,176,60,197,57,184,65,188,64,190,67,71,3));
#1132=IFCINDEXEDPOLYGONALFACE((70,13,14));
#1133=IFCINDEXEDPOLYGONALFACE((4,3,71,67,77));
#1134=IFCINDEXEDPOLYGONALFACE((126,32,128));
#1135=IFCINDEXEDPOLYGONALFACE((116,115,19));
#1136=IFCINDEXEDPOLYGONALFACE((202,93,181));
#1137=IFCINDEXEDPOLYGONALFACE((59,167,171));
#1138=IFCINDEXEDPOLYGONALFACE((22,104,102));
#1139=IFCINDEXEDPOLYGONALFACE((184,186,65));
#1140=IFCINDEXEDPOLYGONALFACE((78,79,14));
#1141=IFCINDEXEDPOLYGONALFACE((205,56,156));
#1142=IFCINDEXEDPOLYGONALFACE((182,83,81));
#1143=IFCINDEXEDPOLYGONALFACE((23,86,84));
#1144=IFCINDEXEDPOLYGONALFACE((178,88,84));
#1145=IFCINDEXEDPOLYGONALFACE((111,110,109));
#1146=IFCINDEXEDPOLYGONALFACE((108,106,25));
#1147=IFCINDEXEDPOLYGONALFACE((102,104,101));
#1148=IFCINDEXEDPOLYGONALFACE((144,142,141));
#1149=IFCINDEXEDPOLYGONALFACE((90,91,93));
#1150=IFCINDEXEDPOLYGONALFACE((78,68,79));
#1151=IFCINDEXEDPOLYGONALFACE((114,117,116));
#1152=IFCINDEXEDPOLYGONALFACE((39,99,98));
#1153=IFCINDEXEDPOLYGONALFACE((149,147,53));
#1154=IFCINDEXEDPOLYGONALFACE((33,116,118));
#1155=IFCINDEXEDPOLYGONALFACE((155,112,154));
#1156=IFCINDEXEDPOLYGONALFACE((81,83,24));
#1157=IFCINDEXEDPOLYGONALFACE((125,32,119));
#1158=IFCINDEXEDPOLYGONALFACE((195,194,66));
#1159=IFCINDEXEDPOLYGONALFACE((17,84,86));
#1160=IFCINDEXEDPOLYGONALFACE((96,99,39));
#1161=IFCINDEXEDPOLYGONALFACE((120,124,118));
#1162=IFCINDEXEDPOLYGONALFACE((140,137,50));
#1163=IFCINDEXEDPOLYGONALFACE((159,162,161));
#1164=IFCINDEXEDPOLYGONALFACE((136,41,134));
#1165=IFCINDEXEDPOLYGONALFACE((121,44,117));
#1166=IFCINDEXEDPOLYGONALFACE((98,99,158));
#1167=IFCINDEXEDPOLYGONALFACE((132,43,130));
#1168=IFCINDEXEDPOLYGONALFACE((124,40,125));
#1169=IFCINDEXEDPOLYGONALFACE((151,150,21));
#1170=IFCINDEXEDPOLYGONALFACE((63,174,175));
#1171=IFCINDEXEDPOLYGONALFACE((136,137,138));
#1172=IFCINDEXEDPOLYGONALFACE((166,52,164));
#1173=IFCINDEXEDPOLYGONALFACE((159,42,144));
#1174=IFCINDEXEDPOLYGONALFACE((145,146,147));
#1175=IFCINDEXEDPOLYGONALFACE((163,54,162));
#1176=IFCINDEXEDPOLYGONALFACE((141,142,50));
#1177=IFCINDEXEDPOLYGONALFACE((152,154,112));
#1178=IFCINDEXEDPOLYGONALFACE((77,199,69));
#1179=IFCINDEXEDPOLYGONALFACE((176,175,177));
#1180=IFCINDEXEDPOLYGONALFACE((173,58,170));
#1181=IFCINDEXEDPOLYGONALFACE((191,194,64));
#1182=IFCINDEXEDPOLYGONALFACE((186,184,192));
#1183=IFCINDEXEDPOLYGONALFACE((192,57,196));
#1184=IFCINDEXEDPOLYGONALFACE((173,172,169));
#1185=IFCINDEXEDPOLYGONALFACE((4,77,69,76,5));
#1186=IFCINDEXEDPOLYGONALFACE((14,15,78));
#1187=IFCINDEXEDPOLYGONALFACE((189,194,191));
#1188=IFCINDEXEDPOLYGONALFACE((195,190,194));
#1189=IFCINDEXEDPOLYGONALFACE((199,67,195));
#1190=IFCINDEXEDPOLYGONALFACE((35,79,80));
#1191=IFCINDEXEDPOLYGONALFACE((70,79,35));
#1192=IFCINDEXEDPOLYGONALFACE((93,91,31));
#1193=IFCINDEXEDPOLYGONALFACE((84,74,23));
#1194=IFCINDEXEDPOLYGONALFACE((88,74,84));
#1195=IFCINDEXEDPOLYGONALFACE((129,130,43));
#1196=IFCINDEXEDPOLYGONALFACE((79,68,80));
#1197=IFCINDEXEDPOLYGONALFACE((14,79,70));
#1198=IFCINDEXEDPOLYGONALFACE((80,68,113));
#1199=IFCINDEXEDPOLYGONALFACE((83,182,29));
#1200=IFCINDEXEDPOLYGONALFACE((111,200,82,204));
#1201=IFCINDEXEDPOLYGONALFACE((80,182,35));
#1202=IFCINDEXEDPOLYGONALFACE((25,109,110));
#1203=IFCINDEXEDPOLYGONALFACE((200,111,83));
#1204=IFCINDEXEDPOLYGONALFACE((100,86,87));
#1205=IFCINDEXEDPOLYGONALFACE((178,72,89,88));
#1206=IFCINDEXEDPOLYGONALFACE((101,183,100));
#1207=IFCINDEXEDPOLYGONALFACE((87,38,100));
#1208=IFCINDEXEDPOLYGONALFACE((100,201,86));
#1209=IFCINDEXEDPOLYGONALFACE((86,23,87));
#1210=IFCINDEXEDPOLYGONALFACE((73,74,88));
#1211=IFCINDEXEDPOLYGONALFACE((88,89,91));
#1212=IFCINDEXEDPOLYGONALFACE((89,31,91));
#1213=IFCINDEXEDPOLYGONALFACE((91,73,88));
#1214=IFCINDEXEDPOLYGONALFACE((73,91,90));
#1215=IFCINDEXEDPOLYGONALFACE((93,20,90));
#1216=IFCINDEXEDPOLYGONALFACE((93,31,181));
#1217=IFCINDEXEDPOLYGONALFACE((202,96,94));
#1218=IFCINDEXEDPOLYGONALFACE((95,96,202));
#1219=IFCINDEXEDPOLYGONALFACE((93,202,20));
#1220=IFCINDEXEDPOLYGONALFACE((28,96,95));
#1221=IFCINDEXEDPOLYGONALFACE((94,96,39));
#1222=IFCINDEXEDPOLYGONALFACE((97,157,158));
#1223=IFCINDEXEDPOLYGONALFACE((96,28,99));
#1224=IFCINDEXEDPOLYGONALFACE((99,28,179,97));
#1225=IFCINDEXEDPOLYGONALFACE((99,97,158));
#1226=IFCINDEXEDPOLYGONALFACE((101,100,38));
#1227=IFCINDEXEDPOLYGONALFACE((202,181,92,95));
#1228=IFCINDEXEDPOLYGONALFACE((183,85,201,100));
#1229=IFCINDEXEDPOLYGONALFACE((101,38,102));
#1230=IFCINDEXEDPOLYGONALFACE((105,104,22));
#1231=IFCINDEXEDPOLYGONALFACE((101,104,26));
#1232=IFCINDEXEDPOLYGONALFACE((105,203,104));
#1233=IFCINDEXEDPOLYGONALFACE((108,18,107));
#1234=IFCINDEXEDPOLYGONALFACE((103,203,105,107));
#1235=IFCINDEXEDPOLYGONALFACE((105,22,106));
#1236=IFCINDEXEDPOLYGONALFACE((108,105,106));
#1237=IFCINDEXEDPOLYGONALFACE((108,107,105));
#1238=IFCINDEXEDPOLYGONALFACE((108,110,18));
#1239=IFCINDEXEDPOLYGONALFACE((56,205,155));
#1240=IFCINDEXEDPOLYGONALFACE((110,108,25));
#1241=IFCINDEXEDPOLYGONALFACE((111,204,110));
#1242=IFCINDEXEDPOLYGONALFACE((109,24,111));
#1243=IFCINDEXEDPOLYGONALFACE((83,111,24));
#1244=IFCINDEXEDPOLYGONALFACE((117,44,115));
#1245=IFCINDEXEDPOLYGONALFACE((152,16,148,151));
#1246=IFCINDEXEDPOLYGONALFACE((182,113,29));
#1247=IFCINDEXEDPOLYGONALFACE((117,30,121));
#1248=IFCINDEXEDPOLYGONALFACE((118,116,19));
#1249=IFCINDEXEDPOLYGONALFACE((33,114,116));
#1250=IFCINDEXEDPOLYGONALFACE((116,117,115));
#1251=IFCINDEXEDPOLYGONALFACE((30,117,114));
#1252=IFCINDEXEDPOLYGONALFACE((124,120,40));
#1253=IFCINDEXEDPOLYGONALFACE((118,19,120));
#1254=IFCINDEXEDPOLYGONALFACE((125,119,124));
#1255=IFCINDEXEDPOLYGONALFACE((119,33,118));
#1256=IFCINDEXEDPOLYGONALFACE((129,122,130));
#1257=IFCINDEXEDPOLYGONALFACE((129,121,122));
#1258=IFCINDEXEDPOLYGONALFACE((121,30,122));
#1259=IFCINDEXEDPOLYGONALFACE((123,129,43));
#1260=IFCINDEXEDPOLYGONALFACE((123,44,121));
#1261=IFCINDEXEDPOLYGONALFACE((118,124,119));
#1262=IFCINDEXEDPOLYGONALFACE((145,126,128));
#1263=IFCINDEXEDPOLYGONALFACE((128,36,145));
#1264=IFCINDEXEDPOLYGONALFACE((125,40,127));
#1265=IFCINDEXEDPOLYGONALFACE((125,128,32));
#1266=IFCINDEXEDPOLYGONALFACE((125,127,128));
#1267=IFCINDEXEDPOLYGONALFACE((36,128,127));
#1268=IFCINDEXEDPOLYGONALFACE((121,129,123));
#1269=IFCINDEXEDPOLYGONALFACE((130,122,47));
#1270=IFCINDEXEDPOLYGONALFACE((75,132,133));
#1271=IFCINDEXEDPOLYGONALFACE((133,47,131));
#1272=IFCINDEXEDPOLYGONALFACE((133,130,47));
#1273=IFCINDEXEDPOLYGONALFACE((135,134,75));
#1274=IFCINDEXEDPOLYGONALFACE((131,135,133));
#1275=IFCINDEXEDPOLYGONALFACE((132,130,133));
#1276=IFCINDEXEDPOLYGONALFACE((75,133,135));
#1277=IFCINDEXEDPOLYGONALFACE((131,46,135));
#1278=IFCINDEXEDPOLYGONALFACE((136,135,46));
#1279=IFCINDEXEDPOLYGONALFACE((135,136,134));
#1280=IFCINDEXEDPOLYGONALFACE((138,140,139));
#1281=IFCINDEXEDPOLYGONALFACE((136,46,137));
#1282=IFCINDEXEDPOLYGONALFACE((41,136,138));
#1283=IFCINDEXEDPOLYGONALFACE((138,137,140));
#1284=IFCINDEXEDPOLYGONALFACE((139,140,55));
#1285=IFCINDEXEDPOLYGONALFACE((139,41,138));
#1286=IFCINDEXEDPOLYGONALFACE((42,143,144));
#1287=IFCINDEXEDPOLYGONALFACE((140,142,55));
#1288=IFCINDEXEDPOLYGONALFACE((50,142,140));
#1289=IFCINDEXEDPOLYGONALFACE((141,27,144));
#1290=IFCINDEXEDPOLYGONALFACE((144,143,142));
#1291=IFCINDEXEDPOLYGONALFACE((143,55,142));
#1292=IFCINDEXEDPOLYGONALFACE((159,144,27));
#1293=IFCINDEXEDPOLYGONALFACE((146,53,147));
#1294=IFCINDEXEDPOLYGONALFACE((48,126,145));
#1295=IFCINDEXEDPOLYGONALFACE((145,36,146));
#1296=IFCINDEXEDPOLYGONALFACE((149,151,148));
#1297=IFCINDEXEDPOLYGONALFACE((145,147,48));
#1298=IFCINDEXEDPOLYGONALFACE((149,148,147));
#1299=IFCINDEXEDPOLYGONALFACE((148,48,147));
#1300=IFCINDEXEDPOLYGONALFACE((151,149,150));
#1301=IFCINDEXEDPOLYGONALFACE((149,53,150));
#1302=IFCINDEXEDPOLYGONALFACE((21,154,151));
#1303=IFCINDEXEDPOLYGONALFACE((154,21,153));
#1304=IFCINDEXEDPOLYGONALFACE((154,152,151));
#1305=IFCINDEXEDPOLYGONALFACE((153,155,154));
#1306=IFCINDEXEDPOLYGONALFACE((155,153,56));
#1307=IFCINDEXEDPOLYGONALFACE((158,156,34,98));
#1308=IFCINDEXEDPOLYGONALFACE((205,180,155));
#1309=IFCINDEXEDPOLYGONALFACE((205,157,45,180));
#1310=IFCINDEXEDPOLYGONALFACE((157,205,158));
#1311=IFCINDEXEDPOLYGONALFACE((162,160,163));
#1312=IFCINDEXEDPOLYGONALFACE((162,159,160));
#1313=IFCINDEXEDPOLYGONALFACE((159,27,160));
#1314=IFCINDEXEDPOLYGONALFACE((161,162,54));
#1315=IFCINDEXEDPOLYGONALFACE((161,42,159));
#1316=IFCINDEXEDPOLYGONALFACE((163,160,52));
#1317=IFCINDEXEDPOLYGONALFACE((164,168,166));
#1318=IFCINDEXEDPOLYGONALFACE((166,163,52));
#1319=IFCINDEXEDPOLYGONALFACE((166,37,165));
#1320=IFCINDEXEDPOLYGONALFACE((168,167,37));
#1321=IFCINDEXEDPOLYGONALFACE((165,54,163));
#1322=IFCINDEXEDPOLYGONALFACE((165,163,166));
#1323=IFCINDEXEDPOLYGONALFACE((37,166,168));
#1324=IFCINDEXEDPOLYGONALFACE((164,51,168));
#1325=IFCINDEXEDPOLYGONALFACE((169,172,171));
#1326=IFCINDEXEDPOLYGONALFACE((171,168,51));
#1327=IFCINDEXEDPOLYGONALFACE((168,171,167));
#1328=IFCINDEXEDPOLYGONALFACE((171,172,59));
#1329=IFCINDEXEDPOLYGONALFACE((169,171,51));
#1330=IFCINDEXEDPOLYGONALFACE((173,169,63));
#1331=IFCINDEXEDPOLYGONALFACE((170,59,172));
#1332=IFCINDEXEDPOLYGONALFACE((172,173,170));
#1333=IFCINDEXEDPOLYGONALFACE((175,176,58));
#1334=IFCINDEXEDPOLYGONALFACE((173,175,58));
#1335=IFCINDEXEDPOLYGONALFACE((63,175,173));
#1336=IFCINDEXEDPOLYGONALFACE((177,175,174));
#1337=IFCINDEXEDPOLYGONALFACE((174,49,177));
#1338=IFCINDEXEDPOLYGONALFACE((176,177,60));
#1339=IFCINDEXEDPOLYGONALFACE((198,206,49));
#1340=IFCINDEXEDPOLYGONALFACE((84,17,178));
#1341=IFCINDEXEDPOLYGONALFACE((35,182,81));
#1342=IFCINDEXEDPOLYGONALFACE((180,112,155));
#1343=IFCINDEXEDPOLYGONALFACE((182,80,113));
#1344=IFCINDEXEDPOLYGONALFACE((101,26,183));
#1345=IFCINDEXEDPOLYGONALFACE((186,62,185));
#1346=IFCINDEXEDPOLYGONALFACE((192,62,186));
#1347=IFCINDEXEDPOLYGONALFACE((65,186,187));
#1348=IFCINDEXEDPOLYGONALFACE((187,185,61));
#1349=IFCINDEXEDPOLYGONALFACE((185,187,186));
#1350=IFCINDEXEDPOLYGONALFACE((191,187,61));
#1351=IFCINDEXEDPOLYGONALFACE((191,64,188));
#1352=IFCINDEXEDPOLYGONALFACE((188,65,187));
#1353=IFCINDEXEDPOLYGONALFACE((187,191,188));
#1354=IFCINDEXEDPOLYGONALFACE((64,194,190));
#1355=IFCINDEXEDPOLYGONALFACE((189,191,61));
#1356=IFCINDEXEDPOLYGONALFACE((184,57,192));
#1357=IFCINDEXEDPOLYGONALFACE((196,197,198));
#1358=IFCINDEXEDPOLYGONALFACE((193,196,198));
#1359=IFCINDEXEDPOLYGONALFACE((192,196,62));
#1360=IFCINDEXEDPOLYGONALFACE((66,194,189));
#1361=IFCINDEXEDPOLYGONALFACE((66,69,199));
#1362=IFCINDEXEDPOLYGONALFACE((67,190,195));
#1363=IFCINDEXEDPOLYGONALFACE((196,57,197));
#1364=IFCINDEXEDPOLYGONALFACE((62,196,193));
#1365=IFCINDEXEDPOLYGONALFACE((60,177,206));
#1366=IFCINDEXEDPOLYGONALFACE((206,197,60));
#1367=IFCINDEXEDPOLYGONALFACE((49,193,198));
#1368=IFCINDEXEDPOLYGONALFACE((67,199,77));
#1369=IFCINDEXEDPOLYGONALFACE((66,199,195));
#1370=IFCINDEXEDPOLYGONALFACE((83,29,200));
#1371=IFCINDEXEDPOLYGONALFACE((201,17,86));
#1372=IFCINDEXEDPOLYGONALFACE((20,202,94));
#1373=IFCINDEXEDPOLYGONALFACE((203,26,104));
#1374=IFCINDEXEDPOLYGONALFACE((204,18,110));
#1375=IFCINDEXEDPOLYGONALFACE((158,205,156));
#1376=IFCINDEXEDPOLYGONALFACE((49,206,177));
#1377=IFCINDEXEDPOLYGONALFACE((197,206,198));
#1378=IFCINDEXEDPOLYGONALFACE((6,5,76,69,66,189,61,185,62,193,49,174,63,169,51,164,52,160,27,141,50,137,46,131,47,122,30,114,33,119,32,126,48,148,16,152,112,180,45,157,97,179,28,95,92,181,31,89,72,178,17,201,85,183,26,203,103,107,18,204,82,200,29,113,68,78,15,207));
#1379=IFCINDEXEDPOLYGONALFACE((209,210,211,7,1,6,207,208));
#1380=IFCINDEXEDPOLYGONALFACE((8,7,211,9));
#1381=IFCINDEXEDPOLYGONALFACE((212,244,235));
#1382=IFCINDEXEDPOLYGONALFACE((214,268,270));
#1383=IFCINDEXEDPOLYGONALFACE((268,245,267));
#1384=IFCINDEXEDPOLYGONALFACE((267,246,268));
#1385=IFCINDEXEDPOLYGONALFACE((239,224,261,232));
#1386=IFCINDEXEDPOLYGONALFACE((276,280,274));
#1387=IFCINDEXEDPOLYGONALFACE((264,263,240));
#1388=IFCINDEXEDPOLYGONALFACE((247,243,221));
#1389=IFCINDEXEDPOLYGONALFACE((237,14,238));
#1390=IFCINDEXEDPOLYGONALFACE((252,216,248));
#1391=IFCINDEXEDPOLYGONALFACE((257,220,247));
#1392=IFCINDEXEDPOLYGONALFACE((248,216,243));
#1393=IFCINDEXEDPOLYGONALFACE((267,245,266));
#1394=IFCINDEXEDPOLYGONALFACE((241,264,276));
#1395=IFCINDEXEDPOLYGONALFACE((218,274,226));
#1396=IFCINDEXEDPOLYGONALFACE((13,233,238));
#1397=IFCINDEXEDPOLYGONALFACE((225,226,251));
#1398=IFCINDEXEDPOLYGONALFACE((229,277,258));
#1399=IFCINDEXEDPOLYGONALFACE((234,12,212));
#1400=IFCINDEXEDPOLYGONALFACE((253,277,219));
#1401=IFCINDEXEDPOLYGONALFACE((235,236,230));
#1402=IFCINDEXEDPOLYGONALFACE((278,260,236));
#1403=IFCINDEXEDPOLYGONALFACE((239,232,238));
#1404=IFCINDEXEDPOLYGONALFACE((238,233,239));
#1405=IFCINDEXEDPOLYGONALFACE((212,235,234));
#1406=IFCINDEXEDPOLYGONALFACE((230,234,235));
#1407=IFCINDEXEDPOLYGONALFACE((236,231,259,228));
#1408=IFCINDEXEDPOLYGONALFACE((231,236,235));
#1409=IFCINDEXEDPOLYGONALFACE((228,258,278));
#1410=IFCINDEXEDPOLYGONALFACE((238,232,237));
#1411=IFCINDEXEDPOLYGONALFACE((237,15,14));
#1412=IFCINDEXEDPOLYGONALFACE((244,212,213));
#1413=IFCINDEXEDPOLYGONALFACE((13,238,14));
#1414=IFCINDEXEDPOLYGONALFACE((233,225,239));
#1415=IFCINDEXEDPOLYGONALFACE((224,251,250));
#1416=IFCINDEXEDPOLYGONALFACE((262,263,265));
#1417=IFCINDEXEDPOLYGONALFACE((241,263,264));
#1418=IFCINDEXEDPOLYGONALFACE((247,242,248));
#1419=IFCINDEXEDPOLYGONALFACE((252,248,219));
#1420=IFCINDEXEDPOLYGONALFACE((244,231,235));
#1421=IFCINDEXEDPOLYGONALFACE((265,246,267));
#1422=IFCINDEXEDPOLYGONALFACE((257,247,221));
#1423=IFCINDEXEDPOLYGONALFACE((220,242,247));
#1424=IFCINDEXEDPOLYGONALFACE((247,248,243));
#1425=IFCINDEXEDPOLYGONALFACE((219,248,242));
#1426=IFCINDEXEDPOLYGONALFACE((239,225,251));
#1427=IFCINDEXEDPOLYGONALFACE((250,251,275));
#1428=IFCINDEXEDPOLYGONALFACE((239,251,224));
#1429=IFCINDEXEDPOLYGONALFACE((226,274,275));
#1430=IFCINDEXEDPOLYGONALFACE((227,258,253));
#1431=IFCINDEXEDPOLYGONALFACE((277,254,252));
#1432=IFCINDEXEDPOLYGONALFACE((269,268,246,217));
#1433=IFCINDEXEDPOLYGONALFACE((254,277,229));
#1434=IFCINDEXEDPOLYGONALFACE((254,216,252));
#1435=IFCINDEXEDPOLYGONALFACE((271,220,257));
#1436=IFCINDEXEDPOLYGONALFACE((221,256,257));
#1437=IFCINDEXEDPOLYGONALFACE((256,270,271));
#1438=IFCINDEXEDPOLYGONALFACE((278,258,227));
#1439=IFCINDEXEDPOLYGONALFACE((258,228,279,229));
#1440=IFCINDEXEDPOLYGONALFACE((263,223,265));
#1441=IFCINDEXEDPOLYGONALFACE((260,230,236));
#1442=IFCINDEXEDPOLYGONALFACE((262,240,263));
#1443=IFCINDEXEDPOLYGONALFACE((241,223,263));
#1444=IFCINDEXEDPOLYGONALFACE((264,240,272));
#1445=IFCINDEXEDPOLYGONALFACE((272,276,264));
#1446=IFCINDEXEDPOLYGONALFACE((246,265,223));
#1447=IFCINDEXEDPOLYGONALFACE((262,265,266,222));
#1448=IFCINDEXEDPOLYGONALFACE((265,267,266));
#1449=IFCINDEXEDPOLYGONALFACE((255,270,269));
#1450=IFCINDEXEDPOLYGONALFACE((268,214,273,245));
#1451=IFCINDEXEDPOLYGONALFACE((269,270,268));
#1452=IFCINDEXEDPOLYGONALFACE((271,270,255));
#1453=IFCINDEXEDPOLYGONALFACE((256,214,270));
#1454=IFCINDEXEDPOLYGONALFACE((220,271,255));
#1455=IFCINDEXEDPOLYGONALFACE((256,271,257));
#1456=IFCINDEXEDPOLYGONALFACE((276,274,218));
#1457=IFCINDEXEDPOLYGONALFACE((276,272,215,280));
#1458=IFCINDEXEDPOLYGONALFACE((275,274,249));
#1459=IFCINDEXEDPOLYGONALFACE((250,275,249));
#1460=IFCINDEXEDPOLYGONALFACE((226,275,251));
#1461=IFCINDEXEDPOLYGONALFACE((276,218,241));
#1462=IFCINDEXEDPOLYGONALFACE((219,277,252));
#1463=IFCINDEXEDPOLYGONALFACE((258,277,253));
#1464=IFCINDEXEDPOLYGONALFACE((260,278,227));
#1465=IFCINDEXEDPOLYGONALFACE((228,278,236));
#1466=IFCINDEXEDPOLYGONALFACE((280,249,274));
#1467=IFCINDEXEDPOLYGONALFACE((207,15,237,232,261,224,250,249,280,215,272,240,262,222,266,245,273,214,256,221,243,216,254,229,279,228,259,231,244,213,208));
#1468=IFCINDEXEDPOLYGONALFACE((9,211,210,10));
#1469=IFCINDEXEDPOLYGONALFACE((437,327,445));
#1470=IFCINDEXEDPOLYGONALFACE((355,292,354));
#1471=IFCINDEXEDPOLYGONALFACE((294,418,419));
#1472=IFCINDEXEDPOLYGONALFACE((375,286,373));
#1473=IFCINDEXEDPOLYGONALFACE((345,335,344));
#1474=IFCINDEXEDPOLYGONALFACE((367,364,291));
#1475=IFCINDEXEDPOLYGONALFACE((379,393,317));
#1476=IFCINDEXEDPOLYGONALFACE((388,323,386));
#1477=IFCINDEXEDPOLYGONALFACE((352,292,355));
#1478=IFCINDEXEDPOLYGONALFACE((441,304,346));
#1479=IFCINDEXEDPOLYGONALFACE((212,12,337));
#1480=IFCINDEXEDPOLYGONALFACE((338,11,282,342,334));
#1481=IFCINDEXEDPOLYGONALFACE((471,405,402));
#1482=IFCINDEXEDPOLYGONALFACE((295,441,348));
#1483=IFCINDEXEDPOLYGONALFACE((471,439,315,404));
#1484=IFCINDEXEDPOLYGONALFACE((398,400,397));
#1485=IFCINDEXEDPOLYGONALFACE((331,456,454));
#1486=IFCINDEXEDPOLYGONALFACE((346,348,441));
#1487=IFCINDEXEDPOLYGONALFACE((364,362,291));
#1488=IFCINDEXEDPOLYGONALFACE((466,297,461));
#1489=IFCINDEXEDPOLYGONALFACE((396,394,317));
#1490=IFCINDEXEDPOLYGONALFACE((392,380,308));
#1491=IFCINDEXEDPOLYGONALFACE((298,371,374));
#1492=IFCINDEXEDPOLYGONALFACE((319,420,423));
#1493=IFCINDEXEDPOLYGONALFACE((358,360,357));
#1494=IFCINDEXEDPOLYGONALFACE((407,303,405));
#1495=IFCINDEXEDPOLYGONALFACE((304,345,344));
#1496=IFCINDEXEDPOLYGONALFACE((389,397,391));
#1497=IFCINDEXEDPOLYGONALFACE((380,392,378));
#1498=IFCINDEXEDPOLYGONALFACE((372,374,373));
#1499=IFCINDEXEDPOLYGONALFACE((374,378,298));
#1500=IFCINDEXEDPOLYGONALFACE((382,309,381));
#1501=IFCINDEXEDPOLYGONALFACE((414,322,416));
#1502=IFCINDEXEDPOLYGONALFACE((374,372,311));
#1503=IFCINDEXEDPOLYGONALFACE((384,309,382));
#1504=IFCINDEXEDPOLYGONALFACE((412,410,306));
#1505=IFCINDEXEDPOLYGONALFACE((342,336,457));
#1506=IFCINDEXEDPOLYGONALFACE((464,465,462));
#1507=IFCINDEXEDPOLYGONALFACE((310,418,417));
#1508=IFCINDEXEDPOLYGONALFACE((282,281,341,336,342));
#1509=IFCINDEXEDPOLYGONALFACE((343,213,212));
#1510=IFCINDEXEDPOLYGONALFACE((429,431,432));
#1511=IFCINDEXEDPOLYGONALFACE((319,426,424));
#1512=IFCINDEXEDPOLYGONALFACE((327,444,445));
#1513=IFCINDEXEDPOLYGONALFACE((439,471,401));
#1514=IFCINDEXEDPOLYGONALFACE((414,413,322));
#1515=IFCINDEXEDPOLYGONALFACE((388,389,391));
#1516=IFCINDEXEDPOLYGONALFACE((421,422,419));
#1517=IFCINDEXEDPOLYGONALFACE((433,429,432));
#1518=IFCINDEXEDPOLYGONALFACE((428,431,427));
#1519=IFCINDEXEDPOLYGONALFACE((435,325,436));
#1520=IFCINDEXEDPOLYGONALFACE((433,325,435));
#1521=IFCINDEXEDPOLYGONALFACE((332,451,450));
#1522=IFCINDEXEDPOLYGONALFACE((452,331,454));
#1523=IFCINDEXEDPOLYGONALFACE((450,330,447));
#1524=IFCINDEXEDPOLYGONALFACE((453,454,456));
#1525=IFCINDEXEDPOLYGONALFACE((344,212,337));
#1526=IFCINDEXEDPOLYGONALFACE((367,291,366));
#1527=IFCINDEXEDPOLYGONALFACE((212,344,343));
#1528=IFCINDEXEDPOLYGONALFACE((336,333,457));
#1529=IFCINDEXEDPOLYGONALFACE((459,461,460));
#1530=IFCINDEXEDPOLYGONALFACE((409,410,408));
#1531=IFCINDEXEDPOLYGONALFACE((343,344,335));
#1532=IFCINDEXEDPOLYGONALFACE((304,344,337));
#1533=IFCINDEXEDPOLYGONALFACE((346,289,348));
#1534=IFCINDEXEDPOLYGONALFACE((441,369,345));
#1535=IFCINDEXEDPOLYGONALFACE((349,348,289));
#1536=IFCINDEXEDPOLYGONALFACE((469,356,353));
#1537=IFCINDEXEDPOLYGONALFACE((295,369,441));
#1538=IFCINDEXEDPOLYGONALFACE((349,468,348));
#1539=IFCINDEXEDPOLYGONALFACE((285,351,352));
#1540=IFCINDEXEDPOLYGONALFACE((347,468,349,351));
#1541=IFCINDEXEDPOLYGONALFACE((349,289,350));
#1542=IFCINDEXEDPOLYGONALFACE((352,349,350));
#1543=IFCINDEXEDPOLYGONALFACE((349,352,351));
#1544=IFCINDEXEDPOLYGONALFACE((350,292,352));
#1545=IFCINDEXEDPOLYGONALFACE((353,356,357));
#1546=IFCINDEXEDPOLYGONALFACE((352,355,285));
#1547=IFCINDEXEDPOLYGONALFACE((356,355,354));
#1548=IFCINDEXEDPOLYGONALFACE((356,469,355));
#1549=IFCINDEXEDPOLYGONALFACE((354,288,356));
#1550=IFCINDEXEDPOLYGONALFACE((357,356,288));
#1551=IFCINDEXEDPOLYGONALFACE((302,360,358));
#1552=IFCINDEXEDPOLYGONALFACE((357,296,470,353));
#1553=IFCINDEXEDPOLYGONALFACE((357,288,358));
#1554=IFCINDEXEDPOLYGONALFACE((361,440,360));
#1555=IFCINDEXEDPOLYGONALFACE((360,302,361));
#1556=IFCINDEXEDPOLYGONALFACE((357,360,296));
#1557=IFCINDEXEDPOLYGONALFACE((364,284,363));
#1558=IFCINDEXEDPOLYGONALFACE((359,440,361,363));
#1559=IFCINDEXEDPOLYGONALFACE((361,302,362));
#1560=IFCINDEXEDPOLYGONALFACE((364,361,362));
#1561=IFCINDEXEDPOLYGONALFACE((364,363,361));
#1562=IFCINDEXEDPOLYGONALFACE((467,339,460));
#1563=IFCINDEXEDPOLYGONALFACE((467,472,365,442));
#1564=IFCINDEXEDPOLYGONALFACE((367,284,364));
#1565=IFCINDEXEDPOLYGONALFACE((467,366,339));
#1566=IFCINDEXEDPOLYGONALFACE((331,455,456));
#1567=IFCINDEXEDPOLYGONALFACE((467,442,367));
#1568=IFCINDEXEDPOLYGONALFACE((368,400,398));
#1569=IFCINDEXEDPOLYGONALFACE((321,399,401));
#1570=IFCINDEXEDPOLYGONALFACE((369,335,345));
#1571=IFCINDEXEDPOLYGONALFACE((466,461,462));
#1572=IFCINDEXEDPOLYGONALFACE((286,372,373));
#1573=IFCINDEXEDPOLYGONALFACE((371,300,373));
#1574=IFCINDEXEDPOLYGONALFACE((375,373,300));
#1575=IFCINDEXEDPOLYGONALFACE((374,311,378));
#1576=IFCINDEXEDPOLYGONALFACE((373,374,371));
#1577=IFCINDEXEDPOLYGONALFACE((381,376,382));
#1578=IFCINDEXEDPOLYGONALFACE((381,375,376));
#1579=IFCINDEXEDPOLYGONALFACE((375,300,376));
#1580=IFCINDEXEDPOLYGONALFACE((377,381,309));
#1581=IFCINDEXEDPOLYGONALFACE((377,286,375));
#1582=IFCINDEXEDPOLYGONALFACE((378,311,380));
#1583=IFCINDEXEDPOLYGONALFACE((393,379,392));
#1584=IFCINDEXEDPOLYGONALFACE((379,298,378));
#1585=IFCINDEXEDPOLYGONALFACE((375,381,377));
#1586=IFCINDEXEDPOLYGONALFACE((382,376,299));
#1587=IFCINDEXEDPOLYGONALFACE((305,384,385));
#1588=IFCINDEXEDPOLYGONALFACE((385,299,383));
#1589=IFCINDEXEDPOLYGONALFACE((385,382,299));
#1590=IFCINDEXEDPOLYGONALFACE((387,386,305));
#1591=IFCINDEXEDPOLYGONALFACE((383,387,385));
#1592=IFCINDEXEDPOLYGONALFACE((384,382,385));
#1593=IFCINDEXEDPOLYGONALFACE((305,385,387));
#1594=IFCINDEXEDPOLYGONALFACE((383,312,387));
#1595=IFCINDEXEDPOLYGONALFACE((388,387,312));
#1596=IFCINDEXEDPOLYGONALFACE((387,388,386));
#1597=IFCINDEXEDPOLYGONALFACE((391,323,388));
#1598=IFCINDEXEDPOLYGONALFACE((388,312,389));
#1599=IFCINDEXEDPOLYGONALFACE((397,290,390));
#1600=IFCINDEXEDPOLYGONALFACE((397,389,283,398));
#1601=IFCINDEXEDPOLYGONALFACE((390,323,391));
#1602=IFCINDEXEDPOLYGONALFACE((392,308,393));
#1603=IFCINDEXEDPOLYGONALFACE((378,392,379));
#1604=IFCINDEXEDPOLYGONALFACE((408,394,396));
#1605=IFCINDEXEDPOLYGONALFACE((396,340,408));
#1606=IFCINDEXEDPOLYGONALFACE((393,308,395));
#1607=IFCINDEXEDPOLYGONALFACE((393,396,317));
#1608=IFCINDEXEDPOLYGONALFACE((393,395,396));
#1609=IFCINDEXEDPOLYGONALFACE((340,396,395));
#1610=IFCINDEXEDPOLYGONALFACE((391,397,390));
#1611=IFCINDEXEDPOLYGONALFACE((399,400,401));
#1612=IFCINDEXEDPOLYGONALFACE((400,368,401));
#1613=IFCINDEXEDPOLYGONALFACE((400,290,397));
#1614=IFCINDEXEDPOLYGONALFACE((290,400,399));
#1615=IFCINDEXEDPOLYGONALFACE((401,368,439));
#1616=IFCINDEXEDPOLYGONALFACE((404,405,471));
#1617=IFCINDEXEDPOLYGONALFACE((465,406,407));
#1618=IFCINDEXEDPOLYGONALFACE((401,471,321));
#1619=IFCINDEXEDPOLYGONALFACE((407,406,303));
#1620=IFCINDEXEDPOLYGONALFACE((403,405,404));
#1621=IFCINDEXEDPOLYGONALFACE((402,405,303));
#1622=IFCINDEXEDPOLYGONALFACE((405,403,407));
#1623=IFCINDEXEDPOLYGONALFACE((407,403,438,293));
#1624=IFCINDEXEDPOLYGONALFACE((407,293,465));
#1625=IFCINDEXEDPOLYGONALFACE((409,306,410));
#1626=IFCINDEXEDPOLYGONALFACE((313,394,408));
#1627=IFCINDEXEDPOLYGONALFACE((408,340,409));
#1628=IFCINDEXEDPOLYGONALFACE((412,414,411));
#1629=IFCINDEXEDPOLYGONALFACE((408,410,313));
#1630=IFCINDEXEDPOLYGONALFACE((412,411,410));
#1631=IFCINDEXEDPOLYGONALFACE((411,313,410));
#1632=IFCINDEXEDPOLYGONALFACE((414,412,413));
#1633=IFCINDEXEDPOLYGONALFACE((412,306,413));
#1634=IFCINDEXEDPOLYGONALFACE((418,416,417));
#1635=IFCINDEXEDPOLYGONALFACE((414,316,411));
#1636=IFCINDEXEDPOLYGONALFACE((418,415,416));
#1637=IFCINDEXEDPOLYGONALFACE((414,416,316));
#1638=IFCINDEXEDPOLYGONALFACE((316,416,415));
#1639=IFCINDEXEDPOLYGONALFACE((416,322,417));
#1640=IFCINDEXEDPOLYGONALFACE((419,418,310));
#1641=IFCINDEXEDPOLYGONALFACE((294,415,418));
#1642=IFCINDEXEDPOLYGONALFACE((422,421,324));
#1643=IFCINDEXEDPOLYGONALFACE((419,310,421));
#1644=IFCINDEXEDPOLYGONALFACE((423,420,422));
#1645=IFCINDEXEDPOLYGONALFACE((420,294,419));
#1646=IFCINDEXEDPOLYGONALFACE((422,324,423));
#1647=IFCINDEXEDPOLYGONALFACE((419,422,420));
#1648=IFCINDEXEDPOLYGONALFACE((301,427,426));
#1649=IFCINDEXEDPOLYGONALFACE((427,424,426));
#1650=IFCINDEXEDPOLYGONALFACE((423,324,425));
#1651=IFCINDEXEDPOLYGONALFACE((423,426,319));
#1652=IFCINDEXEDPOLYGONALFACE((423,425,426));
#1653=IFCINDEXEDPOLYGONALFACE((301,426,425));
#1654=IFCINDEXEDPOLYGONALFACE((326,431,428));
#1655=IFCINDEXEDPOLYGONALFACE((318,424,427));
#1656=IFCINDEXEDPOLYGONALFACE((427,301,428));
#1657=IFCINDEXEDPOLYGONALFACE((431,429,318));
#1658=IFCINDEXEDPOLYGONALFACE((431,326,432));
#1659=IFCINDEXEDPOLYGONALFACE((325,433,430));
#1660=IFCINDEXEDPOLYGONALFACE((427,431,318));
#1661=IFCINDEXEDPOLYGONALFACE((326,430,432));
#1662=IFCINDEXEDPOLYGONALFACE((432,430,433));
#1663=IFCINDEXEDPOLYGONALFACE((445,443,314));
#1664=IFCINDEXEDPOLYGONALFACE((433,328,429));
#1665=IFCINDEXEDPOLYGONALFACE((435,436,437));
#1666=IFCINDEXEDPOLYGONALFACE((433,435,328));
#1667=IFCINDEXEDPOLYGONALFACE((328,435,434));
#1668=IFCINDEXEDPOLYGONALFACE((327,437,436));
#1669=IFCINDEXEDPOLYGONALFACE((435,437,434));
#1670=IFCINDEXEDPOLYGONALFACE((314,434,437));
#1671=IFCINDEXEDPOLYGONALFACE((440,296,360));
#1672=IFCINDEXEDPOLYGONALFACE((304,441,345));
#1673=IFCINDEXEDPOLYGONALFACE((443,446,447));
#1674=IFCINDEXEDPOLYGONALFACE((442,284,367));
#1675=IFCINDEXEDPOLYGONALFACE((445,444,446));
#1676=IFCINDEXEDPOLYGONALFACE((443,445,446));
#1677=IFCINDEXEDPOLYGONALFACE((437,445,314));
#1678=IFCINDEXEDPOLYGONALFACE((444,320,446));
#1679=IFCINDEXEDPOLYGONALFACE((447,446,320));
#1680=IFCINDEXEDPOLYGONALFACE((451,448,450));
#1681=IFCINDEXEDPOLYGONALFACE((443,447,330));
#1682=IFCINDEXEDPOLYGONALFACE((447,320,449));
#1683=IFCINDEXEDPOLYGONALFACE((449,450,447));
#1684=IFCINDEXEDPOLYGONALFACE((332,450,449));
#1685=IFCINDEXEDPOLYGONALFACE((448,330,450));
#1686=IFCINDEXEDPOLYGONALFACE((332,452,458));
#1687=IFCINDEXEDPOLYGONALFACE((448,451,458));
#1688=IFCINDEXEDPOLYGONALFACE((454,453,329));
#1689=IFCINDEXEDPOLYGONALFACE((458,452,454));
#1690=IFCINDEXEDPOLYGONALFACE((456,333,453));
#1691=IFCINDEXEDPOLYGONALFACE((458,454,329));
#1692=IFCINDEXEDPOLYGONALFACE((334,457,455));
#1693=IFCINDEXEDPOLYGONALFACE((456,455,457));
#1694=IFCINDEXEDPOLYGONALFACE((342,457,334));
#1695=IFCINDEXEDPOLYGONALFACE((456,457,333));
#1696=IFCINDEXEDPOLYGONALFACE((448,458,329));
#1697=IFCINDEXEDPOLYGONALFACE((458,451,332));
#1698=IFCINDEXEDPOLYGONALFACE((459,460,339));
#1699=IFCINDEXEDPOLYGONALFACE((459,287,461));
#1700=IFCINDEXEDPOLYGONALFACE((472,467,460));
#1701=IFCINDEXEDPOLYGONALFACE((461,287,462));
#1702=IFCINDEXEDPOLYGONALFACE((460,461,297));
#1703=IFCINDEXEDPOLYGONALFACE((465,293,463));
#1704=IFCINDEXEDPOLYGONALFACE((465,464,307,406));
#1705=IFCINDEXEDPOLYGONALFACE((462,287,464));
#1706=IFCINDEXEDPOLYGONALFACE((370,466,462,463));
#1707=IFCINDEXEDPOLYGONALFACE((465,463,462));
#1708=IFCINDEXEDPOLYGONALFACE((366,467,367));
#1709=IFCINDEXEDPOLYGONALFACE((468,295,348));
#1710=IFCINDEXEDPOLYGONALFACE((469,285,355));
#1711=IFCINDEXEDPOLYGONALFACE((321,471,402));
#1712=IFCINDEXEDPOLYGONALFACE((460,297,472));
#1713=IFCINDEXEDPOLYGONALFACE((208,213,343,335,369,295,468,347,351,285,469,353,470,296,440,359,363,284,442,365,472,297,466,370,463,293,438,403,404,315,439,368,398,283,389,312,383,299,376,300,371,298,379,317,394,313,411,316,415,294,420,319,424,318,429,328,434,314,443,330,448,329,453,333,336,341,281,209));
#1714=IFCCARTESIANPOINTLIST3D(((845.00000000000034,310.00000000096816,0.),(845.00000000000034,290.00000000096827,0.),(775.00000000000034,290.00000000096867,0.),(776.29179606750108,293.47213595596816,0.),(779.00000000000045,296.00000000096856,0.),(805.00000000000057,310.00000000096838,0.),(845.00000000000034,310.00000000096816,2145.),(845.00000000000011,290.00000000096827,2144.9999999999995),(-34.99999999999536,290.00000000097396,2144.9999999999995),(-34.99999999999536,290.00000000097396,-5.6889663450158195E-021),(35.000000000004427,290.0000000009735,-7.8987290628997283E-022),(35.000000000004157,290.0000000009735,2075.),(775.00000000000034,290.00000000096867,2075.),(776.29179606750108,293.47213595596816,2076.2917960675009),(779.00000000000023,296.00000000096838,2078.9999999999995),(779.00000000000023,296.00000000096844,1285.8491199812129),(779.00000000000023,296.00000000096844,1682.4245599906062),(779.00000000000023,296.00000000096844,1880.7123125521096),(775.00000000000034,290.00000000096861,1037.5),(775.00000000000034,290.00000000096861,1556.2503457409052),(775.00000000000034,290.00000000096861,1296.8755186113578),(775.00000000000034,290.00000000096861,1815.6251728704526),(775.00000000000034,290.00000000096861,1685.9377593056788),(775.00000000000045,290.00000000096861,1945.3125864352262),(775.00000000000034,290.00000000096861,1880.4688796528392),(779.00000000000023,296.00000000096844,1781.5684362713582),(779.00000000000034,296.0000000009685,642.92452743379977),(779.00000000000023,296.0000000009685,1484.1368074291029),(779.00000000000023,296.00000000096844,1979.8561237192478),(779.00000000000034,296.0000000009685,964.38679115069942),(779.00000000000023,296.0000000009685,1583.2806837098544),(779.00000000000023,296.0000000009685,1125.1179230091493),(779.00000000000034,296.0000000009685,1044.7523570799246),(775.00000000000034,290.00000000096861,1426.5629321761314),(775.00000000000034,290.00000000096861,2010.1562932176132),(775.00000000000034,290.00000000096861,1167.188105046584),(775.00000000000034,290.00000000096861,518.74965425909477),(775.00000000000034,290.00000000096861,1750.7814660880658),(775.00000000000034,290.00000000096861,1491.4066389585184),(775.00000000000034,290.00000000096861,1102.3437067823868),(775.00000000000045,290.00000000096867,778.12448138864204),(775.00000000000034,290.00000000096861,648.43706782386835),(775.00000000000034,290.00000000096861,907.81189495341573),(775.00000000000034,290.00000000096861,972.6562932176131),(779.00000000000023,296.0000000009685,1384.9929962619647),(779.00000000000023,296.0000000009685,803.65565929224942),(779.00000000000034,296.0000000009685,884.02122522147465),(779.00000000000023,296.0000000009685,1205.4834889383742),(779.00000000000034,296.0000000009685,321.46226371689988),(779.00000000000023,296.0000000009685,723.29009336302465),(779.00000000000034,296.0000000009685,482.19339557534983),(779.00000000000034,296.0000000009685,562.55896150457465),(775.00000000000034,290.00000000096861,1232.0318118289708),(775.00000000000034,290.00000000096861,583.59336104148156),(775.00000000000034,290.00000000096861,713.28077460625525),(775.00000000000034,290.00000000096861,1361.7192253937449),(775.00000000000034,290.00000000096861,259.37482712954738),(775.00000000000034,290.00000000096867,389.06224069432102),(775.00000000000034,290.00000000096867,453.90594747670787),(775.00000000000034,290.00000000096867,324.21853391193417),(779.00000000000034,296.0000000009685,160.73113185844994),(779.00000000000023,296.0000000009685,241.09669778767483),(779.00000000000023,296.0000000009685,401.82782964612471),(775.00000000000045,290.00000000096867,129.68741356477369),(775.00000000000034,290.00000000096867,194.53112034716051),(779.00000000000034,296.0000000009685,80.365565929224871),(775.00000000000034,290.00000000096867,64.843706782386846),(779.00000000000023,296.00000000096844,2029.4280293028169),(779.00000000000034,296.0000000009685,49.571905583569084),(775.00000000000034,290.00000000096861,2050.2138345015765),(775.00000000000034,290.00000000096861,24.785474016612891),(779.00000000000023,296.00000000096844,1632.8526544070371),(775.00000000000034,290.00000000096861,1621.0940525232918),(775.00000000000034,290.00000000096861,1653.5155601735801),(775.00000000000034,290.00000000096861,842.96818817102894),(779.00000000000034,296.0000000009685,24.785952791784656),(776.29179609261337,293.4721359936367,37.178946763379422),(779.00000000000023,296.00000000096844,2054.2140472082151),(776.35334071385023,293.56310424411652,2041.8210531410834),(776.50288297517807,293.77362235362318,2012.5631827205762),(775.00000000000034,290.00000000096861,1977.7347855673247),(779.00000000000023,296.00000000096844,1930.2842181356787),(776.34598467684805,293.55237082058045,1961.5234380406164),(776.21831306909246,293.35989935429683,1669.7265644346169),(779.00000000000023,296.00000000096844,1731.9964655741753),(776.38188705713515,293.60440887458947,1701.4248254235001),(775.00000000000034,290.00000000096861,1718.3599584377775),(776.22954226080321,293.37731675918303,1641.1063242228818),(779.00000000000023,296.00000000096844,1608.0666365016389),(775.00000000000034,290.00000000096861,1588.672544873004),(776.36939404766463,293.58639997315254,1595.6736906063109),(779.00000000000023,296.00000000096844,1533.7087130126718),(776.46644207262193,293.72362369571715,1565.4777205594742),(775.00000000000034,290.00000000096861,1523.8281466088065),(779.00000000000023,296.0000000009685,1508.9227602208873),(776.38655454620732,293.611110412757,1496.5298322650522),(779.00000000000023,296.00000000096844,1434.5649018455335),(775.00000000000034,290.00000000096861,1458.9851313082302),(776.47907512767119,293.74104828267161,1466.6289289731158),(776.11004961765548,293.18671514876945,1734.5703141250069),(776.33712501218508,293.53939389186922,1765.177689439003),(775.00000000000034,290.00000000096861,1783.2029737383539),(779.00000000000023,296.00000000096844,1831.1404069685407),(776.3328687522777,293.53314029502957,1799.4140638150079),(776.20229518647,293.33488284461112,1827.3800818694558),(775.00000000000034,290.00000000096861,1848.0473720025511),(779.00000000000023,296.00000000096838,1855.9263597603251),(776.29617886435256,293.47870318171641,1868.3193010448551),(775.00000000000045,290.00000000096861,1912.8903873031275),(776.42306441524954,293.66303745675174,1899.5267023165422),(776.13081530895136,293.22069919426076,1928.0846760872398),(779.00000000000023,296.00000000096844,1335.4210906783956),(779.00000000000023,296.00000000096838,2004.6420765110322),(779.00000000000023,296.0000000009685,1004.5695741153119),(775.00000000000045,290.00000000096861,1005.0784923497117),(776.30409114667384,293.49052387106917,1021.2890675306174),(776.27992883238733,293.45428372590294,988.86719268536262),(776.20556789386887,293.34001064095196,1049.3605198669741),(779.00000000000023,296.0000000009685,1084.9351400445369),(775.00000000000034,290.00000000096861,1069.921507650288),(776.20064045567358,293.33228690132177,960.88057405415464),(779.00000000000034,296.0000000009685,924.20400818608709),(775.00000000000034,290.00000000096861,940.23409408551447),(776.10649162656114,293.18085425641965,1086.1328172217193),(776.24848237427557,293.40647361935407,1115.038215265233),(779.00000000000034,296.0000000009685,1165.3007059737622),(775.00000000000034,290.00000000096861,1134.7659059144853),(776.5932330638359,293.89421469034096,1145.2093853926685),(776.10553164023884,293.17927099436537,924.02344299525112),(776.25786459601625,293.42081555857146,894.9380940082051),(779.00000000000034,296.0000000009685,843.83844225686221),(775.00000000000034,290.00000000096861,875.38969582131699),(776.51488674618736,293.78991712814508,863.92988960143714),(775.00000000000045,290.00000000096867,810.54668052074067),(776.31308843986596,293.50391094446434,826.75781845802351),(776.16568269544848,293.27692728357493,794.33594361315636),(779.00000000000023,296.0000000009685,763.4728763276371),(776.19825199942591,293.32853602792738,766.37164563805698),(775.00000000000045,290.00000000096861,745.7022822565433),(776.13198577957041,293.22260354238358,729.4921939220103),(779.00000000000034,296.0000000009685,683.10731039841221),(776.32797130292101,293.52592897360512,699.00748345157763),(775.00000000000034,290.00000000096861,680.85926695596697),(776.3494501187439,293.55743198366673,664.64844422851468),(776.30852469195395,293.49712777342552,1172.2773843433165),(775.00000000000034,290.00000000096861,1199.6103041786828),(776.17972800476991,293.29928946680786,1215.8203166024352),(779.00000000000023,296.0000000009685,1245.6662719029871),(776.19573107850999,293.32457216987035,1243.7367400854173),(775.00000000000034,290.00000000096861,1264.4533194792593),(776.12398594133595,293.20956419041266,1280.6640662929287),(779.00000000000023,296.0000000009685,1310.6350727729973),(775.00000000000034,290.00000000096861,1329.2977177434566),(776.37671249445441,293.59696232612185,1323.0280801681122),(776.47159911810627,293.73074855963085,1353.103647458709),(775.00000000000034,290.00000000096861,1394.1407330440327),(779.00000000000023,296.0000000009685,1409.7789490537491),(776.39182790413577,293.6186644780048,1422.1719385091496),(776.21750077684192,293.358635600311,636.36726571746453),(779.00000000000023,296.0000000009685,602.7417444691871),(775.00000000000045,290.00000000096867,616.01486869176983),(776.11142330050745,293.18897494183449,599.80469453787839),(776.23382668555462,293.3839364374241,571.17718229697948),(779.00000000000034,296.0000000009685,522.37617853996232),(775.00000000000034,290.00000000096861,551.17185339119339),(776.72717566517633,294.0647482537882,542.46760868193553),(775.00000000000034,290.00000000096861,486.32745512699597),(776.38911145326972,293.61477546925568,502.53906999162064),(779.00000000000023,296.0000000009685,442.01061261073716),(775.00000000000034,290.00000000096867,421.4844398264197),(776.20733074859993,293.34276921439448,470.11719514567528),(776.19379056640332,293.3215174596877,442.24060391341436),(776.11365189711489,293.19263757246057,405.27344544538283),(779.00000000000023,296.0000000009685,361.64504668151233),(776.29556952616758,293.47779097661061,375.44764511301139),(775.00000000000034,290.00000000096861,356.64004156222239),(776.39424028296582,293.62211408013235,345.40551166829562),(779.00000000000023,296.00000000096844,1657.6386071988218),(779.00000000000023,296.0000000009685,1459.3508546373182),(779.00000000000023,296.0000000009685,1360.20704347018),(779.00000000000023,296.00000000096844,1558.4947309180698),(776.10225718603397,293.17386440609442,1987.2009474139156),(779.00000000000023,296.00000000096844,1756.7824834795736),(775.00000000000034,290.00000000096867,226.95262799744867),(779.00000000000034,296.0000000009685,200.91391482306236),(776.17251470441613,293.28782515348831,210.74219558565269),(776.3744412288363,293.59368816733883,179.27721956333014),(775.00000000000045,290.00000000096867,162.10961269687238),(779.00000000000034,296.0000000009685,120.54834889383751),(775.00000000000034,290.00000000096867,97.265214432674995),(776.26061018957728,293.42499999906619,145.898438641447),(776.19686910020641,293.32636220959938,238.68037336705893),(779.00000000000034,296.0000000009685,281.2794807522875),(776.13998568393049,293.23558775042136,113.4765624565977),(776.20713109017026,293.34245690620799,85.346977770409836),(776.38372186700303,293.60704500474498,267.50628566055019),(775.00000000000034,290.00000000096861,291.79702626164601),(776.44793471750756,293.69791874589725,296.41792819879691),(776.69831191869196,294.02878984802874,61.387806910560819),(779.00000000000023,296.00000000096838,1955.0701709274631),(779.00000000000023,296.00000000096844,1707.2105127823909),(776.17063958212873,293.28483795389138,1537.3139161412448),(779.00000000000023,296.00000000096844,1806.3543890631427),(779.00000000000023,296.00000000096838,1905.498265343894),(776.18130157288351,293.30178471897028,1381.1650296212117),(776.13590237305641,293.22896722332683,320.86208988827059),(805.00000000000045,310.00000000096838,2105.),(5.0000000000044809,310.00000000097356,2105.),(5.0000000000044809,310.00000000097356,-4.4268535960359753E-021),(-34.99999999999563,310.00000000097384,-2.1080243411661597E-022),(-34.999999999995765,310.00000000097384,2145.),(33.708203932503785,293.47213595597037,2076.2917960675004),(31.000000000004121,296.000000000971,2079.),(382.42456283818541,296.00000000096981,2079.),(580.71228720545298,296.00000000096918,2079.),(229.28771279455168,296.00000000097032,2079.),(405.00000000000239,290.00000000096986,2075.),(590.00004391400682,290.00000000096924,2075.),(219.99995608599795,290.00000000097043,2075.),(312.49997804300023,290.00000000097009,2075.),(305.85613781636857,296.00000000097003,2078.9999999999995),(481.56842502181917,296.00000000096946,2079.),(497.50002195700466,290.00000000096958,2075.),(679.8561493890868,296.0000000009689,2079.),(682.49997804299812,290.0000000009689,2074.9999999999995),(636.25001097850247,290.00000000096907,2075.),(134.14385967078181,290.00000000097072,2075.),(130.14385061091792,296.00000000097066,2079.),(179.71578170273483,296.00000000097049,2079.),(84.57197374939858,290.00000000097083,2075.),(80.571919519101044,296.00000000097077,2079.),(729.42808048090353,296.00000000096873,2079.),(728.75003293550469,290.00000000096884,2075.),(59.786030788706903,290.00000000097094,2075.),(72.178946889085736,293.38033769744334,2076.2314963496456),(107.19073002966307,293.48886830425846,2076.3029811590723),(754.21404602681207,296.00000000096861,2079.),(741.82105265946007,293.45314022231088,2076.2791710206952),(707.6734512157584,293.50400721523175,2076.3131532832085),(531.14035611363602,296.00000000096935,2079.),(543.74998902150037,290.00000000096941,2075.),(266.25001097850458,290.00000000097026,2075.),(267.57192530546013,296.0000000009702,2079.),(55.785953973192591,296.00000000097089,2079.),(431.99649393000232,296.00000000096964,2079.),(451.25005489250901,290.00000000096969,2075.),(286.71403204922035,293.41442529376673,2076.2536788295906),(248.4298217345617,293.5256973251249,2076.3278141714923),(630.28421829726983,296.00000000096901,2079.),(655.07018384317826,296.00000000096895,2079.),(667.46315126612717,293.39211254433269,2076.2391311648262),(221.20558586509844,293.54208848705753,2076.3389616286531),(177.07190787838985,290.00000000097054,2075.),(204.50174724864328,296.00000000097037,2079.),(358.74994510749582,290.00000000096998,2075.),(344.14035032727696,296.00000000096998,2079.),(313.91917322575057,293.54114009877037,2076.3383150320547),(155.60789315044514,293.60368570811283,2076.381383988336),(105.35788506500951,296.00000000097072,2079.),(109.35791671009019,290.00000000097077,2075.),(704.64211493499522,296.00000000096878,2079.),(506.35439056772765,296.00000000096941,2079.),(518.74736308505305,293.1395480966242,2076.0816084554458),(547.50989361256279,293.74717598345882,2076.4835346857922),(491.12650539698399,293.52774599176183,2076.329204227166),(456.7824594759108,296.00000000096958,2079.),(444.38946933028046,293.58852753953988,2076.370866193251),(414.19861308307691,293.72400278226036,2076.4667161608913),(381.8749725537491,290.00000000096992,2075.),(370.31249553382247,293.48642615354026,2076.3013448829238),(342.08349861945123,293.05189469751804,2076.029910375893),(555.92632165954456,296.00000000096924,2079.),(407.21052838409378,296.00000000096975,2079.),(613.12499242755405,293.20458621204574,2076.1209408496784),(640.21770200471917,293.60694147995412,2076.3836497818506),(586.21853315277588,293.48972799361769,2076.3035574704154),(191.53055515579183,293.39549871764274,2076.24133215554),(131.46032888544144,293.19384492508033,2076.1143871185986),(154.92981615682635,296.00000000097054,2079.),(605.49825275136141,296.00000000096907,2079.),(31.000000000004459,296.00000000097094,-2.7071678232459823E-013),(33.708203932503785,293.4721359559706,-2.7071678232459818E-013),(31.000000000004459,296.000000000971,1285.8491045880112),(31.000000000004459,296.000000000971,1682.424585500301),(31.000000000004459,296.000000000971,1880.7122595438548),(35.000000000004363,290.00000000097106,1037.5),(35.000000000004363,290.00000000097106,1556.2503442687464),(35.000000000004363,290.00000000097106,1815.6251721343733),(35.000000000004363,290.00000000097106,1945.3125860671864),(35.000000000004363,290.00000000097106,1296.8755164031199),(35.000000000004363,290.00000000097106,1685.93775820156),(35.000000000004363,290.00000000097106,1880.4688791007798),(31.000000000004459,296.000000000971,1484.136845044156),(31.000000000004391,296.000000000971,642.92455229400559),(31.000000000004459,296.000000000971,1979.8561629782228),(31.000000000004459,296.00000000097094,1781.5684225220778),(31.000000000004391,296.000000000971,1583.2806820659332),(31.000000000004324,296.000000000971,964.38679523471285),(31.000000000004459,296.000000000971,1125.1179499113618),(31.000000000004391,296.000000000971,1044.7524057793328),(35.000000000004363,290.00000000097106,518.74965573125337),(35.000000000004363,290.00000000097106,1750.7814651679666),(35.000000000004363,290.00000000097106,1426.5629303359331),(35.000000000004363,290.00000000097106,2010.1562930335931),(35.000000000004363,290.00000000097106,1167.1881024703064),(35.000000000004363,290.00000000097106,778.12448359688005),(35.000000000004363,290.00000000097106,1491.4066373023397),(35.000000000004363,290.00000000097106,907.8118975296934),(35.000000000004363,290.00000000097106,1102.3443955038997),(35.000000000004363,290.00000000097106,648.43706966406671),(35.000000000004363,290.00000000097106,972.65560449610007),(31.000000000004391,296.000000000971,1205.4834940433911),(31.000000000004324,296.000000000971,803.65570697065459),(31.000000000004391,296.000000000971,321.46230935329817),(31.000000000004459,296.000000000971,1384.9930080223789),(31.000000000004391,296.000000000971,723.29009642603455),(31.000000000004391,296.000000000971,884.02125110268366),(31.000000000004324,296.000000000971,482.19339761735642),(31.000000000004324,296.000000000971,562.55900816197641),(35.000000000004363,290.00000000097106,259.37482786562668),(35.000000000004363,290.00000000097106,1361.7192233695264),(35.000000000004363,290.00000000097106,713.28077663047338),(35.000000000004363,290.00000000097106,1232.0318094367133),(35.000000000004363,290.00000000097111,583.59336269766004),(35.000000000004363,290.00000000097106,389.06224179844003),(35.000000000004363,290.00000000097111,453.9059487648467),(35.000000000004363,290.00000000097106,324.21853483203336),(31.000000000004324,296.000000000971,401.8278534853273),(31.000000000004391,296.000000000971,160.73115467664908),(31.000000000004324,296.000000000971,241.09669880867821),(35.000000000004363,290.00000000097106,129.68741393281334),(35.000000000004363,290.00000000097106,194.53112089922001),(31.000000000004324,296.000000000971,80.365610544619969),(35.000000000004363,290.00000000097106,64.843706966406671),(31.000000000004459,296.00000000097094,2029.4281146954067),(31.000000000004324,296.000000000971,49.571951717183943),(35.000000000004363,290.00000000097106,2050.2140273171858),(35.000000000004363,290.00000000097106,24.785972682814201),(35.000000000004363,290.00000000097106,1621.0940512351531),(35.000000000004363,290.00000000097106,842.96819056328684),(31.000000000004256,296.000000000971,24.785975858591971),(33.708203933017941,293.47213595519924,37.178946858702012),(31.000000000004459,296.00000000097094,2054.2140905539986),(33.646659258859522,293.56310428387701,2041.8210532282815),(33.497116987801768,293.77362240401828,2012.563183450731),(35.000000000004363,290.00000000097106,1977.7344395503899),(31.000000000004459,296.00000000097094,1930.2842112610388),(33.654015186487484,293.5523710203467,1961.5234374455051),(33.799091331413933,293.33270782254766,1933.6064212768345),(35.000000000004363,290.00000000097106,1912.8907325839832),(31.000000000004459,296.00000000097094,1905.4982354024469),(33.712666799344376,293.46543440772678,1893.1052587893666),(31.000000000004391,296.00000000097094,1831.140307826671),(35.000000000004363,290.00000000097106,1848.0470256175765),(33.581620824375548,293.65642216011895,1861.7888930232905),(33.858988547682074,293.23724864871707,1833.3443479007451),(33.544481022716191,293.70847832664748,1801.792262587953),(35.000000000004363,290.00000000097106,1783.2033186511699),(31.000000000004459,296.00000000097094,1731.996537217485),(33.744853376560016,293.41666762812679,1766.9921791594572),(33.782942017497476,293.35794648840363,1738.6389591580862),(35.000000000004363,290.00000000097106,1718.3596116847632),(31.000000000004459,296.00000000097094,1707.2105613588926),(33.652943094001721,293.5539376584311,1694.8175392853886),(31.000000000004391,296.000000000971,1632.8526337831167),(35.000000000004363,290.00000000097106,1653.5159047183563),(33.548001941015954,293.70358061370723,1664.2844892369271),(31.000000000004459,296.000000000971,1335.421056305195),(31.000000000004459,296.00000000097094,2004.6421388368146),(31.000000000004391,296.000000000971,1533.708730348749),(31.000000000004324,296.000000000971,1004.5696005070228),(35.000000000004363,290.00000000097106,1005.0774579793034),(33.695908857286391,293.49052386517354,1021.289057624079),(33.720071161155438,293.45428373565443,988.86718277873263),(33.794432106945607,293.3400106396868,1049.360509940265),(31.000000000004391,296.000000000971,1084.9352110516427),(35.000000000004363,290.00000000097106,1069.9225420206965),(33.799359541670924,293.3322869054993,960.88056405747534),(31.000000000004391,296.000000000971,924.20398996240283),(35.000000000004363,290.00000000097106,940.23375101289673),(33.893508374591399,293.18085425452955,1086.1328073140942),(33.751517624013353,293.40647362198541,1115.0382053525573),(31.000000000004391,296.000000000971,1165.300688771081),(35.000000000004363,290.00000000097106,1134.7662489871032),(33.406766961552862,293.89421465711456,1145.2093756935903),(35.000000000004363,290.00000000097106,1199.6099559535096),(33.660395641370542,293.54303091661205,1183.3984318510441),(33.820272002293862,293.29928945561181,1215.8203066958583),(31.000000000004391,296.000000000971,1245.6662993157011),(35.000000000004363,290.00000000097106,1264.4536629199165),(33.804268923050209,293.3245721674254,1243.7367300424764),(33.894468355732087,293.17927100102219,924.02343308782258),(33.742135405037068,293.42081555697473,894.93808404224842),(31.000000000004391,296.000000000971,843.83851224296461),(35.000000000004363,290.00000000097106,875.39004404649017),(33.485113215948139,293.78991717941904,863.92987990318738),(33.876014063279911,293.20956418288307,1280.6640563866283),(31.000000000004391,296.000000000971,1310.6350804466028),(35.000000000004363,290.00000000097106,1329.2973698863232),(33.623287508375526,293.5969623220538,1323.0280704654772),(33.528400892848651,293.73074854452204,1353.1036375213935),(35.000000000004363,290.00000000097106,1394.1410768527298),(31.000000000004459,296.000000000971,1434.5649597395629),(31.000000000004391,296.000000000971,1409.7789838809708),(33.608172099418603,293.61866447292857,1422.1719288096176),(35.000000000004363,290.00000000097106,1458.9847838191365),(33.51653215411956,293.74708423072536,1451.9700728493717),(33.699520350667001,293.48513400912037,836.60077776374817),(35.000000000004363,290.00000000097106,810.5463370800835),(33.834317294941968,293.27692729894056,794.33593370715403),(31.000000000004324,296.000000000971,763.47290169834457),(33.801747998202643,293.32853603166382,766.37163553601442),(35.000000000004363,290.00000000097106,745.70263011367672),(33.868014213650774,293.22260355341956,729.49218401674182),(31.000000000004391,296.000000000971,683.10729115372465),(33.672028701589653,293.52592896696484,699.00747340242481),(35.000000000004363,290.00000000097106,680.85892314727005),(33.650549868928628,293.55743200166523,664.64843432676707),(33.782499215982114,293.35863561148733,636.36725541459305),(31.000000000004324,296.000000000971,602.74181343428643),(35.000000000004363,290.00000000097106,616.01521618086349),(33.888576688786571,293.18897495945026,599.80468463608111),(33.76617331788529,293.3839364321247,571.17717211359297),(31.000000000004391,296.000000000971,522.37620288966639),(35.000000000004363,290.00000000097111,551.17150921445671),(33.272824267192341,294.06474833755971,542.46759900406801),(33.683002220464509,293.50970967248259,515.84065587302666),(35.000000000004363,290.00000000097111,486.32780224805003),(31.000000000004324,296.000000000971,442.0105923450464),(35.000000000004363,290.00000000097111,421.48409528164342),(33.79266924341897,293.34276922688775,470.11718525564464),(33.806209438806448,293.32151745149247,442.24059355921867),(33.886348102455727,293.192637573176,405.27343556525676),(31.000000000004324,296.000000000971,361.64511462560819),(33.704430502146529,293.47779093422656,375.44763489639246),(35.000000000004363,290.00000000097106,356.64038831523669),(33.60575972279706,293.62211407190534,345.40550035909962),(31.000000000004391,296.000000000971,1459.3509355981546),(31.000000000004391,296.000000000971,1360.2070321637868),(31.000000000004391,296.000000000971,1756.7825130760766),(33.897742697549859,293.17386459849428,1987.200947573285),(31.000000000004459,296.000000000971,1657.6386096417089),(31.000000000004324,296.000000000971,281.2795040809882),(35.000000000004363,290.00000000097106,291.79668134883002),(33.767518685922184,293.3818592907877,308.00781103001162),(33.805448186380453,293.32271615896133,280.12215276464434),(33.660604176473846,293.54272517474038,251.99889605620083),(31.000000000004324,296.000000000971,200.91389353636825),(35.000000000004363,290.00000000097106,226.95297438242335),(33.445134480469825,293.84357734924527,221.84243849429893),(33.68339636784669,293.50912552487381,195.08139971392691),(35.000000000004363,290.00000000097106,162.10926741601668),(31.000000000004324,296.000000000971,120.54841581692997),(33.739390047525518,293.42499963796234,145.89843680442274),(35.000000000004363,290.00000000097106,97.265560449610007),(33.802468515535132,293.32740362152839,117.96435841746985),(33.894165475088855,293.17977061694432,81.054687114034323),(33.406667751932559,293.89434452464349,170.43531321194507),(35.000000000004363,290.00000000097106,1588.6721977519496),(33.55511315084447,293.69366504863723,1604.8828048591099),(33.813063881100923,293.31070302392419,1572.4609300049158),(33.75531520028148,293.40064956040032,1543.5417766081193),(31.000000000004391,296.000000000971,1508.9227544901571),(35.000000000004363,290.00000000097106,1523.8284907855432),(33.61344545931464,293.6111104048465,1496.5298225690285),(31.000000000004391,296.000000000971,1558.4947062073409),(33.802466711838683,293.32740645685033,1632.5329141825782),(31.000000000004459,296.00000000097094,1955.0701871196309),(31.000000000004459,296.000000000971,1855.9262836852627),(31.000000000004459,296.00000000097094,1806.3543319680787),(33.818698435492649,293.30178470570348,1381.1650195501902),(31.000000000004459,296.00000000097094,1608.0666579245249)));
#1715=IFCPOLYGONALFACESET(#1714,.T.,(#1128,#1129,#1130,#1131,#1132,#1133,#1134,#1135,#1136,#1137,#1138,#1139,#1140,#1141,#1142,#1143,#1144,#1145,#1146,#1147,#1148,#1149,#1150,#1151,#1152,#1153,#1154,#1155,#1156,#1157,#1158,#1159,#1160,#1161,#1162,#1163,#1164,#1165,#1166,#1167,#1168,#1169,#1170,#1171,#1172,#1173,#1174,#1175,#1176,#1177,#1178,#1179,#1180,#1181,#1182,#1183,#1184,#1185,#1186,#1187,#1188,#1189,#1190,#1191,#1192,#1193,#1194,#1195,#1196,#1197,#1198,#1199,#1200,#1201,#1202,#1203,#1204,#1205,#1206,#1207,#1208,#1209,#1210,#1211,#1212,#1213,#1214,#1215,#1216,#1217,#1218,#1219,#1220,#1221,#1222,#1223,#1224,#1225,#1226,#1227,#1228,#1229,#1230,#1231,#1232,#1233,#1234,#1235,#1236,#1237,#1238,#1239,#1240,#1241,#1242,#1243,#1244,#1245,#1246,#1247,#1248,#1249,#1250,#1251,#1252,#1253,#1254,#1255,#1256,#1257,#1258,#1259,#1260,#1261,#1262,#1263,#1264,#1265,#1266,#1267,#1268,#1269,#1270,#1271,#1272,#1273,#1274,#1275,#1276,#1277,#1278,#1279,#1280,#1281,#1282,#1283,#1284,#1285,#1286,#1287,#1288,#1289,#1290,#1291,#1292,#1293,#1294,#1295,#1296,#1297,#1298,#1299,#1300,#1301,#1302,#1303,#1304,#1305,#1306,#1307,#1308,#1309,#1310,#1311,#1312,#1313,#1314,#1315,#1316,#1317,#1318,#1319,#1320,#1321,#1322,#1323,#1324,#1325,#1326,#1327,#1328,#1329,#1330,#1331,#1332,#1333,#1334,#1335,#1336,#1337,#1338,#1339,#1340,#1341,#1342,#1343,#1344,#1345,#1346,#1347,#1348,#1349,#1350,#1351,#1352,#1353,#1354,#1355,#1356,#1357,#1358,#1359,#1360,#1361,#1362,#1363,#1364,#1365,#1366,#1367,#1368,#1369,#1370,#1371,#1372,#1373,#1374,#1375,#1376,#1377,#1378,#1379,#1380,#1381,#1382,#1383,#1384,#1385,#1386,#1387,#1388,#1389,#1390,#1391,#1392,#1393,#1394,#1395,#1396,#1397,#1398,#1399,#1400,#1401,#1402,#1403,#1404,#1405,#1406,#1407,#1408,#1409,#1410,#1411,#1412,#1413,#1414,#1415,#1416,#1417,#1418,#1419,#1420,#1421,#1422,#1423,#1424,#1425,#1426,#1427,#1428,#1429,#1430,#1431,#1432,#1433,#1434,#1435,#1436,#1437,#1438,#1439,#1440,#1441,#1442,#1443,#1444,#1445,#1446,#1447,#1448,#1449,#1450,#1451,#1452,#1453,#1454,#1455,#1456,#1457,#1458,#1459,#1460,#1461,#1462,#1463,#1464,#1465,#1466,#1467,#1468,#1469,#1470,#1471,#1472,#1473,#1474,#1475,#1476,#1477,#1478,#1479,#1480,#1481,#1482,#1483,#1484,#1485,#1486,#1487,#1488,#1489,#1490,#1491,#1492,#1493,#1494,#1495,#1496,#1497,#1498,#1499,#1500,#1501,#1502,#1503,#1504,#1505,#1506,#1507,#1508,#1509,#1510,#1511,#1512,#1513,#1514,#1515,#1516,#1517,#1518,#1519,#1520,#1521,#1522,#1523,#1524,#1525,#1526,#1527,#1528,#1529,#1530,#1531,#1532,#1533,#1534,#1535,#1536,#1537,#1538,#1539,#1540,#1541,#1542,#1543,#1544,#1545,#1546,#1547,#1548,#1549,#1550,#1551,#1552,#1553,#1554,#1555,#1556,#1557,#1558,#1559,#1560,#1561,#1562,#1563,#1564,#1565,#1566,#1567,#1568,#1569,#1570,#1571,#1572,#1573,#1574,#1575,#1576,#1577,#1578,#1579,#1580,#1581,#1582,#1583,#1584,#1585,#1586,#1587,#1588,#1589,#1590,#1591,#1592,#1593,#1594,#1595,#1596,#1597,#1598,#1599,#1600,#1601,#1602,#1603,#1604,#1605,#1606,#1607,#1608,#1609,#1610,#1611,#1612,#1613,#1614,#1615,#1616,#1617,#1618,#1619,#1620,#1621,#1622,#1623,#1624,#1625,#1626,#1627,#1628,#1629,#1630,#1631,#1632,#1633,#1634,#1635,#1636,#1637,#1638,#1639,#1640,#1641,#1642,#1643,#1644,#1645,#1646,#1647,#1648,#1649,#1650,#1651,#1652,#1653,#1654,#1655,#1656,#1657,#1658,#1659,#1660,#1661,#1662,#1663,#1664,#1665,#1666,#1667,#1668,#1669,#1670,#1671,#1672,#1673,#1674,#1675,#1676,#1677,#1678,#1679,#1680,#1681,#1682,#1683,#1684,#1685,#1686,#1687,#1688,#1689,#1690,#1691,#1692,#1693,#1694,#1695,#1696,#1697,#1698,#1699,#1700,#1701,#1702,#1703,#1704,#1705,#1706,#1707,#1708,#1709,#1710,#1711,#1712,#1713),$);
#1716=IFCINDEXEDCOLOURMAP(#1715,1.,#1127,(1,1,1,1,1,1,1,1,1,1,1,1,1,1,1,1,1,1,1,1,1,1,1,1,1,1,1,1,1,1,1,1,1,1,1,1,1,1,1,1,1,1,1,1,1,1,1,1,1,1,1,1,1,1,1,1,1,1,1,1,1,1,1,1,1,1,1,1,1,1,1,1,1,1,1,1,1,1,1,1,1,1,1,1,1,1,1,1,1,1,1,1,1,1,1,1,1,1,1,1,1,1,1,1,1,1,1,1,1,1,1,1,1,1,1,1,1,1,1,1,1,1,1,1,1,1,1,1,1,1,1,1,1,1,1,1,1,1,1,1,1,1,1,1,1,1,1,1,1,1,1,1,1,1,1,1,1,1,1,1,1,1,1,1,1,1,1,1,1,1,1,1,1,1,1,1,1,1,1,1,1,1,1,1,1,1,1,1,1,1,1,1,1,1,1,1,1,1,1,1,1,1,1,1,1,1,1,1,1,1,1,1,1,1,1,1,1,1,1,1,1,1,1,1,1,1,1,1,1,1,1,1,1,1,1,1,1,1,1,1,1,1,1,1,1,1,1,1,1,1,1,1,1,1,1,1,1,1,1,1,1,1,1,1,1,1,1,1,1,1,1,1,1,1,1,1,1,1,1,1,1,1,1,1,1,1,1,1,1,1,1,1,1,1,1,1,1,1,1,1,1,1,1,1,1,1,1,1,1,1,1,1,1,1,1,1,1,1,1,1,1,1,1,1,1,1,1,1,1,1,1,1,1,1,1,1,1,1,1,1,1,1,1,1,1,1,1,1,1,1,1,1,1,1,1,1,1,1,1,1,1,1,1,1,1,1,1,1,1,1,1,1,1,1,1,1,1,1,1,1,1,1,1,1,1,1,1,1,1,1,1,1,1,1,1,1,1,1,1,1,1,1,1,1,1,1,1,1,1,1,1,1,1,1,1,1,1,1,1,1,1,1,1,1,1,1,1,1,1,1,1,1,1,1,1,1,1,1,1,1,1,1,1,1,1,1,1,1,1,1,1,1,1,1,1,1,1,1,1,1,1,1,1,1,1,1,1,1,1,1,1,1,1,1,1,1,1,1,1,1,1,1,1,1,1,1,1,1,1,1,1,1,1,1,1,1,1,1,1,1,1,1,1,1,1,1,1,1,1,1,1,1,1,1,1,1,1,1,1,1,1,1,1,1,1,1,1,1,1,1,1,1,1,1,1,1,1,1,1,1,1,1,1,1,1,1,1,1,1,1,1,1,1,1,1,1,1,1,1,1,1,1,1,1,1,1,1,1,1,1,1,1,1,1,1,1,1,1,1,1,1,1,1,1,1,1));
#1717=IFCCOLOURRGB($,0.60392156862745094,0.35294117647058826,0.019607843137254902);
#1718=IFCSURFACESTYLERENDERING(#1717,0.,$,$,$,$,IFCNORMALISEDRATIOMEASURE(0.5),IFCSPECULAREXPONENT(64.),.NOTDEFINED.);
#1719=IFCSURFACESTYLE('Door - Architrave',.BOTH.,(#1718));
#1720=IFCSTYLEDITEM(#1715,(#1719),$);
#1721=IFCCOLOURRGBLIST(((0.83137254901960789,0.70196078431372544,0.44313725490196076)));
#1722=IFCINDEXEDPOLYGONALFACE((1,2,3,4));
#1723=IFCINDEXEDPOLYGONALFACE((2,1,5,6,7,8,9,10));
#1724=IFCINDEXEDPOLYGONALFACE((3,2,10,11));
#1725=IFCINDEXEDPOLYGONALFACE((4,3,11,12,13,14,15,16));
#1726=IFCINDEXEDPOLYGONALFACE((1,4,16,5));
#1727=IFCINDEXEDPOLYGONALFACE((11,10,9,12));
#1728=IFCINDEXEDPOLYGONALFACE((5,16,15,6));
#1729=IFCINDEXEDPOLYGONALFACE((7,14,13,8));
#1730=IFCINDEXEDPOLYGONALFACE((12,9,8,13));
#1731=IFCINDEXEDPOLYGONALFACE((6,15,14,7));
#1732=IFCCARTESIANPOINTLIST3D(((40.000000000006338,250.00000000096378,0.),(59.0000000000054,250.00000000096369,0.),(59.000000000005265,218.00000000096384,0.),(40.000000000006203,218.00000000096389,0.),(40.000000000006402,250.00000000096378,2070.),(769.99999999999989,250.00000000096125,2070.),(769.99999999999989,250.00000000096125,1.8047785488306544E-013),(751.00000000000091,250.00000000096139,1.8047785488306556E-013),(751.00000000000091,250.00000000096148,2051.0000000000009),(59.0000000000054,250.00000000096369,2051.0000000000009),(59.000000000005265,218.00000000096384,2051.0000000000009),(751.00000000000091,218.00000000096168,2051.0000000000009),(751.00000000000091,218.00000000096165,1.8047785488306556E-013),(769.99999999999989,218.00000000096156,1.8047785488306544E-013),(769.99999999999989,218.00000000096153,2070.),(40.000000000006267,218.00000000096389,2070.)));
#1733=IFCPOLYGONALFACESET(#1732,.T.,(#1722,#1723,#1724,#1725,#1726,#1727,#1728,#1729,#1730,#1731),$);
#1734=IFCINDEXEDCOLOURMAP(#1733,1.,#1721,(1,1,1,1,1,1,1,1,1,1));
#1735=IFCCOLOURRGB($,0.83137254901960789,0.70196078431372544,0.44313725490196076);
#1736=IFCSURFACESTYLERENDERING(#1735,0.,$,$,$,$,IFCNORMALISEDRATIOMEASURE(0.5),IFCSPECULAREXPONENT(128.),.NOTDEFINED.);
#1737=IFCSURFACESTYLE('Door - Frame/Mullion (1)',.BOTH.,(#1736));
#1738=IFCSTYLEDITEM(#1733,(#1737),$);
#1739=IFCCOLOURRGBLIST(((0.60392156862745094,0.35294117647058826,0.019607843137254902)));
#1740=IFCINDEXEDPOLYGONALFACE((2,3,4,5,6,1));
#1741=IFCINDEXEDPOLYGONALFACE((277,278,279,280,281,282));
#1742=IFCINDEXEDPOLYGONALFACE((2,1,7,8));
#1743=IFCINDEXEDPOLYGONALFACE((2,8,205,282,281,338,334,455,331,452,332,449,320,444,327,436,325,430,326,428,301,425,324,421,310,417,322,413,306,409,340,395,308,380,311,372,286,377,309,384,305,386,323,390,290,399,321,402,303,406,307,464,287,459,339,366,291,362,302,358,288,354,292,350,289,346,304,337,206,229,225,255,222,248,214,237,215,250,264,212,241,218,236,213,221,220,228,9,66,31,77,20,105,21,102,18,98,34,83,19,70,69,86,16,90,35,94,30,152,52,149,17,146,49,142,32,123,36,116,15,111,40,119,39,128,71,130,37,135,51,139,38,157,50,161,33,163,55,166,54,172,56,193,53,180,61,184,60,186,63,67,3));
#1744=IFCINDEXEDPOLYGONALFACE((66,9,10));
#1745=IFCINDEXEDPOLYGONALFACE((4,3,67,63,73));
#1746=IFCINDEXEDPOLYGONALFACE((122,28,124));
#1747=IFCINDEXEDPOLYGONALFACE((112,111,15));
#1748=IFCINDEXEDPOLYGONALFACE((198,89,177));
#1749=IFCINDEXEDPOLYGONALFACE((55,163,167));
#1750=IFCINDEXEDPOLYGONALFACE((18,100,98));
#1751=IFCINDEXEDPOLYGONALFACE((180,182,61));
#1752=IFCINDEXEDPOLYGONALFACE((74,75,10));
#1753=IFCINDEXEDPOLYGONALFACE((201,52,152));
#1754=IFCINDEXEDPOLYGONALFACE((178,79,77));
#1755=IFCINDEXEDPOLYGONALFACE((19,82,80));
#1756=IFCINDEXEDPOLYGONALFACE((174,84,80));
#1757=IFCINDEXEDPOLYGONALFACE((107,106,105));
#1758=IFCINDEXEDPOLYGONALFACE((104,102,21));
#1759=IFCINDEXEDPOLYGONALFACE((98,100,97));
#1760=IFCINDEXEDPOLYGONALFACE((140,138,137));
#1761=IFCINDEXEDPOLYGONALFACE((86,87,89));
#1762=IFCINDEXEDPOLYGONALFACE((74,64,75));
#1763=IFCINDEXEDPOLYGONALFACE((110,113,112));
#1764=IFCINDEXEDPOLYGONALFACE((35,95,94));
#1765=IFCINDEXEDPOLYGONALFACE((145,143,49));
#1766=IFCINDEXEDPOLYGONALFACE((29,112,114));
#1767=IFCINDEXEDPOLYGONALFACE((151,108,150));
#1768=IFCINDEXEDPOLYGONALFACE((77,79,20));
#1769=IFCINDEXEDPOLYGONALFACE((121,28,115));
#1770=IFCINDEXEDPOLYGONALFACE((191,190,62));
#1771=IFCINDEXEDPOLYGONALFACE((13,80,82));
#1772=IFCINDEXEDPOLYGONALFACE((92,95,35));
#1773=IFCINDEXEDPOLYGONALFACE((116,120,114));
#1774=IFCINDEXEDPOLYGONALFACE((136,133,46));
#1775=IFCINDEXEDPOLYGONALFACE((155,158,157));
#1776=IFCINDEXEDPOLYGONALFACE((132,37,130));
#1777=IFCINDEXEDPOLYGONALFACE((117,40,113));
#1778=IFCINDEXEDPOLYGONALFACE((94,95,154));
#1779=IFCINDEXEDPOLYGONALFACE((128,39,126));
#1780=IFCINDEXEDPOLYGONALFACE((120,36,121));
#1781=IFCINDEXEDPOLYGONALFACE((147,146,17));
#1782=IFCINDEXEDPOLYGONALFACE((59,170,171));
#1783=IFCINDEXEDPOLYGONALFACE((132,133,134));
#1784=IFCINDEXEDPOLYGONALFACE((162,48,160));
#1785=IFCINDEXEDPOLYGONALFACE((155,38,140));
#1786=IFCINDEXEDPOLYGONALFACE((141,142,143));
#1787=IFCINDEXEDPOLYGONALFACE((159,50,158));
#1788=IFCINDEXEDPOLYGONALFACE((137,138,46));
#1789=IFCINDEXEDPOLYGONALFACE((148,150,108));
#1790=IFCINDEXEDPOLYGONALFACE((73,195,65));
#1791=IFCINDEXEDPOLYGONALFACE((172,171,173));
#1792=IFCINDEXEDPOLYGONALFACE((169,54,166));
#1793=IFCINDEXEDPOLYGONALFACE((187,190,60));
#1794=IFCINDEXEDPOLYGONALFACE((182,180,188));
#1795=IFCINDEXEDPOLYGONALFACE((188,53,192));
#1796=IFCINDEXEDPOLYGONALFACE((169,168,165));
#1797=IFCINDEXEDPOLYGONALFACE((4,73,65,72,5));
#1798=IFCINDEXEDPOLYGONALFACE((10,11,74));
#1799=IFCINDEXEDPOLYGONALFACE((185,190,187));
#1800=IFCINDEXEDPOLYGONALFACE((191,186,190));
#1801=IFCINDEXEDPOLYGONALFACE((195,63,191));
#1802=IFCINDEXEDPOLYGONALFACE((31,75,76));
#1803=IFCINDEXEDPOLYGONALFACE((66,75,31));
#1804=IFCINDEXEDPOLYGONALFACE((89,87,27));
#1805=IFCINDEXEDPOLYGONALFACE((80,70,19));
#1806=IFCINDEXEDPOLYGONALFACE((84,70,80));
#1807=IFCINDEXEDPOLYGONALFACE((125,126,39));
#1808=IFCINDEXEDPOLYGONALFACE((75,64,76));
#1809=IFCINDEXEDPOLYGONALFACE((10,75,66));
#1810=IFCINDEXEDPOLYGONALFACE((76,64,109));
#1811=IFCINDEXEDPOLYGONALFACE((79,178,25));
#1812=IFCINDEXEDPOLYGONALFACE((107,196,78,200));
#1813=IFCINDEXEDPOLYGONALFACE((76,178,31));
#1814=IFCINDEXEDPOLYGONALFACE((21,105,106));
#1815=IFCINDEXEDPOLYGONALFACE((196,107,79));
#1816=IFCINDEXEDPOLYGONALFACE((96,82,83));
#1817=IFCINDEXEDPOLYGONALFACE((174,68,85,84));
#1818=IFCINDEXEDPOLYGONALFACE((97,179,96));
#1819=IFCINDEXEDPOLYGONALFACE((83,34,96));
#1820=IFCINDEXEDPOLYGONALFACE((96,197,82));
#1821=IFCINDEXEDPOLYGONALFACE((82,19,83));
#1822=IFCINDEXEDPOLYGONALFACE((69,70,84));
#1823=IFCINDEXEDPOLYGONALFACE((84,85,87));
#1824=IFCINDEXEDPOLYGONALFACE((85,27,87));
#1825=IFCINDEXEDPOLYGONALFACE((87,69,84));
#1826=IFCINDEXEDPOLYGONALFACE((69,87,86));
#1827=IFCINDEXEDPOLYGONALFACE((89,16,86));
#1828=IFCINDEXEDPOLYGONALFACE((89,27,177));
#1829=IFCINDEXEDPOLYGONALFACE((198,92,90));
#1830=IFCINDEXEDPOLYGONALFACE((91,92,198));
#1831=IFCINDEXEDPOLYGONALFACE((89,198,16));
#1832=IFCINDEXEDPOLYGONALFACE((24,92,91));
#1833=IFCINDEXEDPOLYGONALFACE((90,92,35));
#1834=IFCINDEXEDPOLYGONALFACE((93,153,154));
#1835=IFCINDEXEDPOLYGONALFACE((92,24,95));
#1836=IFCINDEXEDPOLYGONALFACE((95,24,175,93));
#1837=IFCINDEXEDPOLYGONALFACE((95,93,154));
#1838=IFCINDEXEDPOLYGONALFACE((97,96,34));
#1839=IFCINDEXEDPOLYGONALFACE((198,177,88,91));
#1840=IFCINDEXEDPOLYGONALFACE((179,81,197,96));
#1841=IFCINDEXEDPOLYGONALFACE((97,34,98));
#1842=IFCINDEXEDPOLYGONALFACE((101,100,18));
#1843=IFCINDEXEDPOLYGONALFACE((97,100,22));
#1844=IFCINDEXEDPOLYGONALFACE((101,199,100));
#1845=IFCINDEXEDPOLYGONALFACE((104,14,103));
#1846=IFCINDEXEDPOLYGONALFACE((99,199,101,103));
#1847=IFCINDEXEDPOLYGONALFACE((101,18,102));
#1848=IFCINDEXEDPOLYGONALFACE((104,101,102));
#1849=IFCINDEXEDPOLYGONALFACE((104,103,101));
#1850=IFCINDEXEDPOLYGONALFACE((104,106,14));
#1851=IFCINDEXEDPOLYGONALFACE((52,201,151));
#1852=IFCINDEXEDPOLYGONALFACE((106,104,21));
#1853=IFCINDEXEDPOLYGONALFACE((107,200,106));
#1854=IFCINDEXEDPOLYGONALFACE((105,20,107));
#1855=IFCINDEXEDPOLYGONALFACE((79,107,20));
#1856=IFCINDEXEDPOLYGONALFACE((113,40,111));
#1857=IFCINDEXEDPOLYGONALFACE((148,12,144,147));
#1858=IFCINDEXEDPOLYGONALFACE((178,109,25));
#1859=IFCINDEXEDPOLYGONALFACE((113,26,117));
#1860=IFCINDEXEDPOLYGONALFACE((114,112,15));
#1861=IFCINDEXEDPOLYGONALFACE((29,110,112));
#1862=IFCINDEXEDPOLYGONALFACE((112,113,111));
#1863=IFCINDEXEDPOLYGONALFACE((26,113,110));
#1864=IFCINDEXEDPOLYGONALFACE((120,116,36));
#1865=IFCINDEXEDPOLYGONALFACE((114,15,116));
#1866=IFCINDEXEDPOLYGONALFACE((121,115,120));
#1867=IFCINDEXEDPOLYGONALFACE((115,29,114));
#1868=IFCINDEXEDPOLYGONALFACE((125,118,126));
#1869=IFCINDEXEDPOLYGONALFACE((125,117,118));
#1870=IFCINDEXEDPOLYGONALFACE((117,26,118));
#1871=IFCINDEXEDPOLYGONALFACE((119,125,39));
#1872=IFCINDEXEDPOLYGONALFACE((119,40,117));
#1873=IFCINDEXEDPOLYGONALFACE((114,120,115));
#1874=IFCINDEXEDPOLYGONALFACE((141,122,124));
#1875=IFCINDEXEDPOLYGONALFACE((124,32,141));
#1876=IFCINDEXEDPOLYGONALFACE((121,36,123));
#1877=IFCINDEXEDPOLYGONALFACE((121,124,28));
#1878=IFCINDEXEDPOLYGONALFACE((121,123,124));
#1879=IFCINDEXEDPOLYGONALFACE((32,124,123));
#1880=IFCINDEXEDPOLYGONALFACE((117,125,119));
#1881=IFCINDEXEDPOLYGONALFACE((126,118,43));
#1882=IFCINDEXEDPOLYGONALFACE((71,128,129));
#1883=IFCINDEXEDPOLYGONALFACE((129,43,127));
#1884=IFCINDEXEDPOLYGONALFACE((129,126,43));
#1885=IFCINDEXEDPOLYGONALFACE((131,130,71));
#1886=IFCINDEXEDPOLYGONALFACE((127,131,129));
#1887=IFCINDEXEDPOLYGONALFACE((128,126,129));
#1888=IFCINDEXEDPOLYGONALFACE((71,129,131));
#1889=IFCINDEXEDPOLYGONALFACE((127,42,131));
#1890=IFCINDEXEDPOLYGONALFACE((132,131,42));
#1891=IFCINDEXEDPOLYGONALFACE((131,132,130));
#1892=IFCINDEXEDPOLYGONALFACE((134,136,135));
#1893=IFCINDEXEDPOLYGONALFACE((132,42,133));
#1894=IFCINDEXEDPOLYGONALFACE((37,132,134));
#1895=IFCINDEXEDPOLYGONALFACE((134,133,136));
#1896=IFCINDEXEDPOLYGONALFACE((135,136,51));
#1897=IFCINDEXEDPOLYGONALFACE((135,37,134));
#1898=IFCINDEXEDPOLYGONALFACE((38,139,140));
#1899=IFCINDEXEDPOLYGONALFACE((136,138,51));
#1900=IFCINDEXEDPOLYGONALFACE((46,138,136));
#1901=IFCINDEXEDPOLYGONALFACE((137,23,140));
#1902=IFCINDEXEDPOLYGONALFACE((140,139,138));
#1903=IFCINDEXEDPOLYGONALFACE((139,51,138));
#1904=IFCINDEXEDPOLYGONALFACE((155,140,23));
#1905=IFCINDEXEDPOLYGONALFACE((142,49,143));
#1906=IFCINDEXEDPOLYGONALFACE((44,122,141));
#1907=IFCINDEXEDPOLYGONALFACE((141,32,142));
#1908=IFCINDEXEDPOLYGONALFACE((145,147,144));
#1909=IFCINDEXEDPOLYGONALFACE((141,143,44));
#1910=IFCINDEXEDPOLYGONALFACE((145,144,143));
#1911=IFCINDEXEDPOLYGONALFACE((144,44,143));
#1912=IFCINDEXEDPOLYGONALFACE((147,145,146));
#1913=IFCINDEXEDPOLYGONALFACE((145,49,146));
#1914=IFCINDEXEDPOLYGONALFACE((17,150,147));
#1915=IFCINDEXEDPOLYGONALFACE((150,17,149));
#1916=IFCINDEXEDPOLYGONALFACE((150,148,147));
#1917=IFCINDEXEDPOLYGONALFACE((149,151,150));
#1918=IFCINDEXEDPOLYGONALFACE((151,149,52));
#1919=IFCINDEXEDPOLYGONALFACE((154,152,30,94));
#1920=IFCINDEXEDPOLYGONALFACE((201,176,151));
#1921=IFCINDEXEDPOLYGONALFACE((201,153,41,176));
#1922=IFCINDEXEDPOLYGONALFACE((153,201,154));
#1923=IFCINDEXEDPOLYGONALFACE((158,156,159));
#1924=IFCINDEXEDPOLYGONALFACE((158,155,156));
#1925=IFCINDEXEDPOLYGONALFACE((155,23,156));
#1926=IFCINDEXEDPOLYGONALFACE((157,158,50));
#1927=IFCINDEXEDPOLYGONALFACE((157,38,155));
#1928=IFCINDEXEDPOLYGONALFACE((159,156,48));
#1929=IFCINDEXEDPOLYGONALFACE((160,164,162));
#1930=IFCINDEXEDPOLYGONALFACE((162,159,48));
#1931=IFCINDEXEDPOLYGONALFACE((162,33,161));
#1932=IFCINDEXEDPOLYGONALFACE((164,163,33));
#1933=IFCINDEXEDPOLYGONALFACE((161,50,159));
#1934=IFCINDEXEDPOLYGONALFACE((161,159,162));
#1935=IFCINDEXEDPOLYGONALFACE((33,162,164));
#1936=IFCINDEXEDPOLYGONALFACE((160,47,164));
#1937=IFCINDEXEDPOLYGONALFACE((165,168,167));
#1938=IFCINDEXEDPOLYGONALFACE((167,164,47));
#1939=IFCINDEXEDPOLYGONALFACE((164,167,163));
#1940=IFCINDEXEDPOLYGONALFACE((167,168,55));
#1941=IFCINDEXEDPOLYGONALFACE((165,167,47));
#1942=IFCINDEXEDPOLYGONALFACE((169,165,59));
#1943=IFCINDEXEDPOLYGONALFACE((166,55,168));
#1944=IFCINDEXEDPOLYGONALFACE((168,169,166));
#1945=IFCINDEXEDPOLYGONALFACE((171,172,54));
#1946=IFCINDEXEDPOLYGONALFACE((169,171,54));
#1947=IFCINDEXEDPOLYGONALFACE((59,171,169));
#1948=IFCINDEXEDPOLYGONALFACE((173,171,170));
#1949=IFCINDEXEDPOLYGONALFACE((170,45,173));
#1950=IFCINDEXEDPOLYGONALFACE((172,173,56));
#1951=IFCINDEXEDPOLYGONALFACE((194,202,45));
#1952=IFCINDEXEDPOLYGONALFACE((80,13,174));
#1953=IFCINDEXEDPOLYGONALFACE((31,178,77));
#1954=IFCINDEXEDPOLYGONALFACE((176,108,151));
#1955=IFCINDEXEDPOLYGONALFACE((178,76,109));
#1956=IFCINDEXEDPOLYGONALFACE((97,22,179));
#1957=IFCINDEXEDPOLYGONALFACE((182,58,181));
#1958=IFCINDEXEDPOLYGONALFACE((188,58,182));
#1959=IFCINDEXEDPOLYGONALFACE((61,182,183));
#1960=IFCINDEXEDPOLYGONALFACE((183,181,57));
#1961=IFCINDEXEDPOLYGONALFACE((181,183,182));
#1962=IFCINDEXEDPOLYGONALFACE((187,183,57));
#1963=IFCINDEXEDPOLYGONALFACE((187,60,184));
#1964=IFCINDEXEDPOLYGONALFACE((184,61,183));
#1965=IFCINDEXEDPOLYGONALFACE((183,187,184));
#1966=IFCINDEXEDPOLYGONALFACE((60,190,186));
#1967=IFCINDEXEDPOLYGONALFACE((185,187,57));
#1968=IFCINDEXEDPOLYGONALFACE((180,53,188));
#1969=IFCINDEXEDPOLYGONALFACE((192,193,194));
#1970=IFCINDEXEDPOLYGONALFACE((189,192,194));
#1971=IFCINDEXEDPOLYGONALFACE((188,192,58));
#1972=IFCINDEXEDPOLYGONALFACE((62,190,185));
#1973=IFCINDEXEDPOLYGONALFACE((62,65,195));
#1974=IFCINDEXEDPOLYGONALFACE((63,186,191));
#1975=IFCINDEXEDPOLYGONALFACE((192,53,193));
#1976=IFCINDEXEDPOLYGONALFACE((58,192,189));
#1977=IFCINDEXEDPOLYGONALFACE((56,173,202));
#1978=IFCINDEXEDPOLYGONALFACE((202,193,56));
#1979=IFCINDEXEDPOLYGONALFACE((45,189,194));
#1980=IFCINDEXEDPOLYGONALFACE((63,195,73));
#1981=IFCINDEXEDPOLYGONALFACE((62,195,191));
#1982=IFCINDEXEDPOLYGONALFACE((79,25,196));
#1983=IFCINDEXEDPOLYGONALFACE((197,13,82));
#1984=IFCINDEXEDPOLYGONALFACE((16,198,90));
#1985=IFCINDEXEDPOLYGONALFACE((199,22,100));
#1986=IFCINDEXEDPOLYGONALFACE((200,14,106));
#1987=IFCINDEXEDPOLYGONALFACE((154,201,152));
#1988=IFCINDEXEDPOLYGONALFACE((45,202,173));
#1989=IFCINDEXEDPOLYGONALFACE((193,202,194));
#1990=IFCINDEXEDPOLYGONALFACE((6,5,72,65,62,185,57,181,58,189,45,170,59,165,47,160,48,156,23,137,46,133,42,127,43,118,26,110,29,115,28,122,44,144,12,148,108,176,41,153,93,175,24,91,88,177,27,85,68,174,13,197,81,179,22,199,99,103,14,200,78,196,25,109,64,74,11,203));
#1991=IFCINDEXEDPOLYGONALFACE((1,6,203,276,278,277,204,7));
#1992=IFCINDEXEDPOLYGONALFACE((8,7,204,205));
#1993=IFCINDEXEDPOLYGONALFACE((207,239,230));
#1994=IFCINDEXEDPOLYGONALFACE((209,263,265));
#1995=IFCINDEXEDPOLYGONALFACE((263,240,262));
#1996=IFCINDEXEDPOLYGONALFACE((262,241,263));
#1997=IFCINDEXEDPOLYGONALFACE((234,219,256,227));
#1998=IFCINDEXEDPOLYGONALFACE((271,275,269));
#1999=IFCINDEXEDPOLYGONALFACE((259,258,235));
#2000=IFCINDEXEDPOLYGONALFACE((242,238,216));
#2001=IFCINDEXEDPOLYGONALFACE((232,10,233));
#2002=IFCINDEXEDPOLYGONALFACE((247,211,243));
#2003=IFCINDEXEDPOLYGONALFACE((252,215,242));
#2004=IFCINDEXEDPOLYGONALFACE((243,211,238));
#2005=IFCINDEXEDPOLYGONALFACE((262,240,261));
#2006=IFCINDEXEDPOLYGONALFACE((236,259,271));
#2007=IFCINDEXEDPOLYGONALFACE((213,269,221));
#2008=IFCINDEXEDPOLYGONALFACE((9,228,233));
#2009=IFCINDEXEDPOLYGONALFACE((220,221,246));
#2010=IFCINDEXEDPOLYGONALFACE((224,272,253));
#2011=IFCINDEXEDPOLYGONALFACE((229,206,207));
#2012=IFCINDEXEDPOLYGONALFACE((248,272,214));
#2013=IFCINDEXEDPOLYGONALFACE((230,231,225));
#2014=IFCINDEXEDPOLYGONALFACE((273,255,231));
#2015=IFCINDEXEDPOLYGONALFACE((234,227,233));
#2016=IFCINDEXEDPOLYGONALFACE((233,228,234));
#2017=IFCINDEXEDPOLYGONALFACE((207,230,229));
#2018=IFCINDEXEDPOLYGONALFACE((225,229,230));
#2019=IFCINDEXEDPOLYGONALFACE((231,226,254,223));
#2020=IFCINDEXEDPOLYGONALFACE((226,231,230));
#2021=IFCINDEXEDPOLYGONALFACE((223,253,273));
#2022=IFCINDEXEDPOLYGONALFACE((233,227,232));
#2023=IFCINDEXEDPOLYGONALFACE((232,11,10));
#2024=IFCINDEXEDPOLYGONALFACE((239,207,208));
#2025=IFCINDEXEDPOLYGONALFACE((9,233,10));
#2026=IFCINDEXEDPOLYGONALFACE((228,220,234));
#2027=IFCINDEXEDPOLYGONALFACE((219,246,245));
#2028=IFCINDEXEDPOLYGONALFACE((257,258,260));
#2029=IFCINDEXEDPOLYGONALFACE((236,258,259));
#2030=IFCINDEXEDPOLYGONALFACE((242,237,243));
#2031=IFCINDEXEDPOLYGONALFACE((247,243,214));
#2032=IFCINDEXEDPOLYGONALFACE((239,226,230));
#2033=IFCINDEXEDPOLYGONALFACE((260,241,262));
#2034=IFCINDEXEDPOLYGONALFACE((252,242,216));
#2035=IFCINDEXEDPOLYGONALFACE((215,237,242));
#2036=IFCINDEXEDPOLYGONALFACE((242,243,238));
#2037=IFCINDEXEDPOLYGONALFACE((214,243,237));
#2038=IFCINDEXEDPOLYGONALFACE((234,220,246));
#2039=IFCINDEXEDPOLYGONALFACE((245,246,270));
#2040=IFCINDEXEDPOLYGONALFACE((234,246,219));
#2041=IFCINDEXEDPOLYGONALFACE((221,269,270));
#2042=IFCINDEXEDPOLYGONALFACE((222,253,248));
#2043=IFCINDEXEDPOLYGONALFACE((272,249,247));
#2044=IFCINDEXEDPOLYGONALFACE((264,263,241,212));
#2045=IFCINDEXEDPOLYGONALFACE((249,272,224));
#2046=IFCINDEXEDPOLYGONALFACE((249,211,247));
#2047=IFCINDEXEDPOLYGONALFACE((266,215,252));
#2048=IFCINDEXEDPOLYGONALFACE((216,251,252));
#2049=IFCINDEXEDPOLYGONALFACE((251,265,266));
#2050=IFCINDEXEDPOLYGONALFACE((273,253,222));
#2051=IFCINDEXEDPOLYGONALFACE((253,223,274,224));
#2052=IFCINDEXEDPOLYGONALFACE((258,218,260));
#2053=IFCINDEXEDPOLYGONALFACE((255,225,231));
#2054=IFCINDEXEDPOLYGONALFACE((257,235,258));
#2055=IFCINDEXEDPOLYGONALFACE((236,218,258));
#2056=IFCINDEXEDPOLYGONALFACE((259,235,267));
#2057=IFCINDEXEDPOLYGONALFACE((267,271,259));
#2058=IFCINDEXEDPOLYGONALFACE((241,260,218));
#2059=IFCINDEXEDPOLYGONALFACE((257,260,261,217));
#2060=IFCINDEXEDPOLYGONALFACE((260,262,261));
#2061=IFCINDEXEDPOLYGONALFACE((250,265,264));
#2062=IFCINDEXEDPOLYGONALFACE((263,209,268,240));
#2063=IFCINDEXEDPOLYGONALFACE((264,265,263));
#2064=IFCINDEXEDPOLYGONALFACE((266,265,250));
#2065=IFCINDEXEDPOLYGONALFACE((251,209,265));
#2066=IFCINDEXEDPOLYGONALFACE((215,266,250));
#2067=IFCINDEXEDPOLYGONALFACE((251,266,252));
#2068=IFCINDEXEDPOLYGONALFACE((271,269,213));
#2069=IFCINDEXEDPOLYGONALFACE((271,267,210,275));
#2070=IFCINDEXEDPOLYGONALFACE((270,269,244));
#2071=IFCINDEXEDPOLYGONALFACE((245,270,244));
#2072=IFCINDEXEDPOLYGONALFACE((221,270,246));
#2073=IFCINDEXEDPOLYGONALFACE((271,213,236));
#2074=IFCINDEXEDPOLYGONALFACE((214,272,247));
#2075=IFCINDEXEDPOLYGONALFACE((253,272,248));
#2076=IFCINDEXEDPOLYGONALFACE((255,273,222));
#2077=IFCINDEXEDPOLYGONALFACE((223,273,231));
#2078=IFCINDEXEDPOLYGONALFACE((275,244,269));
#2079=IFCINDEXEDPOLYGONALFACE((203,11,232,227,256,219,245,244,275,210,267,235,257,217,261,240,268,209,251,216,238,211,249,224,274,223,254,226,239,208,276));
#2080=IFCINDEXEDPOLYGONALFACE((205,204,277,282));
#2081=IFCINDEXEDPOLYGONALFACE((437,327,445));
#2082=IFCINDEXEDPOLYGONALFACE((355,292,354));
#2083=IFCINDEXEDPOLYGONALFACE((294,418,419));
#2084=IFCINDEXEDPOLYGONALFACE((375,286,373));
#2085=IFCINDEXEDPOLYGONALFACE((345,335,344));
#2086=IFCINDEXEDPOLYGONALFACE((367,364,291));
#2087=IFCINDEXEDPOLYGONALFACE((379,393,317));
#2088=IFCINDEXEDPOLYGONALFACE((388,323,386));
#2089=IFCINDEXEDPOLYGONALFACE((352,292,355));
#2090=IFCINDEXEDPOLYGONALFACE((441,304,346));
#2091=IFCINDEXEDPOLYGONALFACE((207,206,337));
#2092=IFCINDEXEDPOLYGONALFACE((338,281,280,342,334));
#2093=IFCINDEXEDPOLYGONALFACE((471,405,402));
#2094=IFCINDEXEDPOLYGONALFACE((295,441,348));
#2095=IFCINDEXEDPOLYGONALFACE((471,439,315,404));
#2096=IFCINDEXEDPOLYGONALFACE((398,400,397));
#2097=IFCINDEXEDPOLYGONALFACE((331,456,454));
#2098=IFCINDEXEDPOLYGONALFACE((346,348,441));
#2099=IFCINDEXEDPOLYGONALFACE((364,362,291));
#2100=IFCINDEXEDPOLYGONALFACE((466,297,461));
#2101=IFCINDEXEDPOLYGONALFACE((396,394,317));
#2102=IFCINDEXEDPOLYGONALFACE((392,380,308));
#2103=IFCINDEXEDPOLYGONALFACE((298,371,374));
#2104=IFCINDEXEDPOLYGONALFACE((319,420,423));
#2105=IFCINDEXEDPOLYGONALFACE((358,360,357));
#2106=IFCINDEXEDPOLYGONALFACE((407,303,405));
#2107=IFCINDEXEDPOLYGONALFACE((304,345,344));
#2108=IFCINDEXEDPOLYGONALFACE((389,397,391));
#2109=IFCINDEXEDPOLYGONALFACE((380,392,378));
#2110=IFCINDEXEDPOLYGONALFACE((372,374,373));
#2111=IFCINDEXEDPOLYGONALFACE((374,378,298));
#2112=IFCINDEXEDPOLYGONALFACE((382,309,381));
#2113=IFCINDEXEDPOLYGONALFACE((414,322,416));
#2114=IFCINDEXEDPOLYGONALFACE((374,372,311));
#2115=IFCINDEXEDPOLYGONALFACE((384,309,382));
#2116=IFCINDEXEDPOLYGONALFACE((412,410,306));
#2117=IFCINDEXEDPOLYGONALFACE((342,336,457));
#2118=IFCINDEXEDPOLYGONALFACE((464,465,462));
#2119=IFCINDEXEDPOLYGONALFACE((310,418,417));
#2120=IFCINDEXEDPOLYGONALFACE((280,279,341,336,342));
#2121=IFCINDEXEDPOLYGONALFACE((343,208,207));
#2122=IFCINDEXEDPOLYGONALFACE((429,431,432));
#2123=IFCINDEXEDPOLYGONALFACE((319,426,424));
#2124=IFCINDEXEDPOLYGONALFACE((327,444,445));
#2125=IFCINDEXEDPOLYGONALFACE((439,471,401));
#2126=IFCINDEXEDPOLYGONALFACE((414,413,322));
#2127=IFCINDEXEDPOLYGONALFACE((388,389,391));
#2128=IFCINDEXEDPOLYGONALFACE((421,422,419));
#2129=IFCINDEXEDPOLYGONALFACE((433,429,432));
#2130=IFCINDEXEDPOLYGONALFACE((428,431,427));
#2131=IFCINDEXEDPOLYGONALFACE((435,325,436));
#2132=IFCINDEXEDPOLYGONALFACE((433,325,435));
#2133=IFCINDEXEDPOLYGONALFACE((332,451,450));
#2134=IFCINDEXEDPOLYGONALFACE((452,331,454));
#2135=IFCINDEXEDPOLYGONALFACE((450,330,447));
#2136=IFCINDEXEDPOLYGONALFACE((453,454,456));
#2137=IFCINDEXEDPOLYGONALFACE((344,207,337));
#2138=IFCINDEXEDPOLYGONALFACE((367,291,366));
#2139=IFCINDEXEDPOLYGONALFACE((207,344,343));
#2140=IFCINDEXEDPOLYGONALFACE((336,333,457));
#2141=IFCINDEXEDPOLYGONALFACE((459,461,460));
#2142=IFCINDEXEDPOLYGONALFACE((409,410,408));
#2143=IFCINDEXEDPOLYGONALFACE((343,344,335));
#2144=IFCINDEXEDPOLYGONALFACE((304,344,337));
#2145=IFCINDEXEDPOLYGONALFACE((346,289,348));
#2146=IFCINDEXEDPOLYGONALFACE((441,369,345));
#2147=IFCINDEXEDPOLYGONALFACE((349,348,289));
#2148=IFCINDEXEDPOLYGONALFACE((469,356,353));
#2149=IFCINDEXEDPOLYGONALFACE((295,369,441));
#2150=IFCINDEXEDPOLYGONALFACE((349,468,348));
#2151=IFCINDEXEDPOLYGONALFACE((285,351,352));
#2152=IFCINDEXEDPOLYGONALFACE((347,468,349,351));
#2153=IFCINDEXEDPOLYGONALFACE((349,289,350));
#2154=IFCINDEXEDPOLYGONALFACE((352,349,350));
#2155=IFCINDEXEDPOLYGONALFACE((349,352,351));
#2156=IFCINDEXEDPOLYGONALFACE((350,292,352));
#2157=IFCINDEXEDPOLYGONALFACE((353,356,357));
#2158=IFCINDEXEDPOLYGONALFACE((352,355,285));
#2159=IFCINDEXEDPOLYGONALFACE((356,355,354));
#2160=IFCINDEXEDPOLYGONALFACE((356,469,355));
#2161=IFCINDEXEDPOLYGONALFACE((354,288,356));
#2162=IFCINDEXEDPOLYGONALFACE((357,356,288));
#2163=IFCINDEXEDPOLYGONALFACE((302,360,358));
#2164=IFCINDEXEDPOLYGONALFACE((357,296,470,353));
#2165=IFCINDEXEDPOLYGONALFACE((357,288,358));
#2166=IFCINDEXEDPOLYGONALFACE((361,440,360));
#2167=IFCINDEXEDPOLYGONALFACE((360,302,361));
#2168=IFCINDEXEDPOLYGONALFACE((357,360,296));
#2169=IFCINDEXEDPOLYGONALFACE((364,284,363));
#2170=IFCINDEXEDPOLYGONALFACE((359,440,361,363));
#2171=IFCINDEXEDPOLYGONALFACE((361,302,362));
#2172=IFCINDEXEDPOLYGONALFACE((364,361,362));
#2173=IFCINDEXEDPOLYGONALFACE((364,363,361));
#2174=IFCINDEXEDPOLYGONALFACE((467,339,460));
#2175=IFCINDEXEDPOLYGONALFACE((467,472,365,442));
#2176=IFCINDEXEDPOLYGONALFACE((367,284,364));
#2177=IFCINDEXEDPOLYGONALFACE((467,366,339));
#2178=IFCINDEXEDPOLYGONALFACE((331,455,456));
#2179=IFCINDEXEDPOLYGONALFACE((467,442,367));
#2180=IFCINDEXEDPOLYGONALFACE((368,400,398));
#2181=IFCINDEXEDPOLYGONALFACE((321,399,401));
#2182=IFCINDEXEDPOLYGONALFACE((369,335,345));
#2183=IFCINDEXEDPOLYGONALFACE((466,461,462));
#2184=IFCINDEXEDPOLYGONALFACE((286,372,373));
#2185=IFCINDEXEDPOLYGONALFACE((371,300,373));
#2186=IFCINDEXEDPOLYGONALFACE((375,373,300));
#2187=IFCINDEXEDPOLYGONALFACE((374,311,378));
#2188=IFCINDEXEDPOLYGONALFACE((373,374,371));
#2189=IFCINDEXEDPOLYGONALFACE((381,376,382));
#2190=IFCINDEXEDPOLYGONALFACE((381,375,376));
#2191=IFCINDEXEDPOLYGONALFACE((375,300,376));
#2192=IFCINDEXEDPOLYGONALFACE((377,381,309));
#2193=IFCINDEXEDPOLYGONALFACE((377,286,375));
#2194=IFCINDEXEDPOLYGONALFACE((378,311,380));
#2195=IFCINDEXEDPOLYGONALFACE((393,379,392));
#2196=IFCINDEXEDPOLYGONALFACE((379,298,378));
#2197=IFCINDEXEDPOLYGONALFACE((375,381,377));
#2198=IFCINDEXEDPOLYGONALFACE((382,376,299));
#2199=IFCINDEXEDPOLYGONALFACE((305,384,385));
#2200=IFCINDEXEDPOLYGONALFACE((385,299,383));
#2201=IFCINDEXEDPOLYGONALFACE((385,382,299));
#2202=IFCINDEXEDPOLYGONALFACE((387,386,305));
#2203=IFCINDEXEDPOLYGONALFACE((383,387,385));
#2204=IFCINDEXEDPOLYGONALFACE((384,382,385));
#2205=IFCINDEXEDPOLYGONALFACE((305,385,387));
#2206=IFCINDEXEDPOLYGONALFACE((383,312,387));
#2207=IFCINDEXEDPOLYGONALFACE((388,387,312));
#2208=IFCINDEXEDPOLYGONALFACE((387,388,386));
#2209=IFCINDEXEDPOLYGONALFACE((391,323,388));
#2210=IFCINDEXEDPOLYGONALFACE((388,312,389));
#2211=IFCINDEXEDPOLYGONALFACE((397,290,390));
#2212=IFCINDEXEDPOLYGONALFACE((397,389,283,398));
#2213=IFCINDEXEDPOLYGONALFACE((390,323,391));
#2214=IFCINDEXEDPOLYGONALFACE((392,308,393));
#2215=IFCINDEXEDPOLYGONALFACE((378,392,379));
#2216=IFCINDEXEDPOLYGONALFACE((408,394,396));
#2217=IFCINDEXEDPOLYGONALFACE((396,340,408));
#2218=IFCINDEXEDPOLYGONALFACE((393,308,395));
#2219=IFCINDEXEDPOLYGONALFACE((393,396,317));
#2220=IFCINDEXEDPOLYGONALFACE((393,395,396));
#2221=IFCINDEXEDPOLYGONALFACE((340,396,395));
#2222=IFCINDEXEDPOLYGONALFACE((391,397,390));
#2223=IFCINDEXEDPOLYGONALFACE((399,400,401));
#2224=IFCINDEXEDPOLYGONALFACE((400,368,401));
#2225=IFCINDEXEDPOLYGONALFACE((400,290,397));
#2226=IFCINDEXEDPOLYGONALFACE((290,400,399));
#2227=IFCINDEXEDPOLYGONALFACE((401,368,439));
#2228=IFCINDEXEDPOLYGONALFACE((404,405,471));
#2229=IFCINDEXEDPOLYGONALFACE((465,406,407));
#2230=IFCINDEXEDPOLYGONALFACE((401,471,321));
#2231=IFCINDEXEDPOLYGONALFACE((407,406,303));
#2232=IFCINDEXEDPOLYGONALFACE((403,405,404));
#2233=IFCINDEXEDPOLYGONALFACE((402,405,303));
#2234=IFCINDEXEDPOLYGONALFACE((405,403,407));
#2235=IFCINDEXEDPOLYGONALFACE((407,403,438,293));
#2236=IFCINDEXEDPOLYGONALFACE((407,293,465));
#2237=IFCINDEXEDPOLYGONALFACE((409,306,410));
#2238=IFCINDEXEDPOLYGONALFACE((313,394,408));
#2239=IFCINDEXEDPOLYGONALFACE((408,340,409));
#2240=IFCINDEXEDPOLYGONALFACE((412,414,411));
#2241=IFCINDEXEDPOLYGONALFACE((408,410,313));
#2242=IFCINDEXEDPOLYGONALFACE((412,411,410));
#2243=IFCINDEXEDPOLYGONALFACE((411,313,410));
#2244=IFCINDEXEDPOLYGONALFACE((414,412,413));
#2245=IFCINDEXEDPOLYGONALFACE((412,306,413));
#2246=IFCINDEXEDPOLYGONALFACE((418,416,417));
#2247=IFCINDEXEDPOLYGONALFACE((414,316,411));
#2248=IFCINDEXEDPOLYGONALFACE((418,415,416));
#2249=IFCINDEXEDPOLYGONALFACE((414,416,316));
#2250=IFCINDEXEDPOLYGONALFACE((316,416,415));
#2251=IFCINDEXEDPOLYGONALFACE((416,322,417));
#2252=IFCINDEXEDPOLYGONALFACE((419,418,310));
#2253=IFCINDEXEDPOLYGONALFACE((294,415,418));
#2254=IFCINDEXEDPOLYGONALFACE((422,421,324));
#2255=IFCINDEXEDPOLYGONALFACE((419,310,421));
#2256=IFCINDEXEDPOLYGONALFACE((423,420,422));
#2257=IFCINDEXEDPOLYGONALFACE((420,294,419));
#2258=IFCINDEXEDPOLYGONALFACE((422,324,423));
#2259=IFCINDEXEDPOLYGONALFACE((419,422,420));
#2260=IFCINDEXEDPOLYGONALFACE((301,427,426));
#2261=IFCINDEXEDPOLYGONALFACE((427,424,426));
#2262=IFCINDEXEDPOLYGONALFACE((423,324,425));
#2263=IFCINDEXEDPOLYGONALFACE((423,426,319));
#2264=IFCINDEXEDPOLYGONALFACE((423,425,426));
#2265=IFCINDEXEDPOLYGONALFACE((301,426,425));
#2266=IFCINDEXEDPOLYGONALFACE((326,431,428));
#2267=IFCINDEXEDPOLYGONALFACE((318,424,427));
#2268=IFCINDEXEDPOLYGONALFACE((427,301,428));
#2269=IFCINDEXEDPOLYGONALFACE((431,429,318));
#2270=IFCINDEXEDPOLYGONALFACE((431,326,432));
#2271=IFCINDEXEDPOLYGONALFACE((325,433,430));
#2272=IFCINDEXEDPOLYGONALFACE((427,431,318));
#2273=IFCINDEXEDPOLYGONALFACE((326,430,432));
#2274=IFCINDEXEDPOLYGONALFACE((432,430,433));
#2275=IFCINDEXEDPOLYGONALFACE((445,443,314));
#2276=IFCINDEXEDPOLYGONALFACE((433,328,429));
#2277=IFCINDEXEDPOLYGONALFACE((435,436,437));
#2278=IFCINDEXEDPOLYGONALFACE((433,435,328));
#2279=IFCINDEXEDPOLYGONALFACE((328,435,434));
#2280=IFCINDEXEDPOLYGONALFACE((327,437,436));
#2281=IFCINDEXEDPOLYGONALFACE((435,437,434));
#2282=IFCINDEXEDPOLYGONALFACE((314,434,437));
#2283=IFCINDEXEDPOLYGONALFACE((440,296,360));
#2284=IFCINDEXEDPOLYGONALFACE((304,441,345));
#2285=IFCINDEXEDPOLYGONALFACE((443,446,447));
#2286=IFCINDEXEDPOLYGONALFACE((442,284,367));
#2287=IFCINDEXEDPOLYGONALFACE((445,444,446));
#2288=IFCINDEXEDPOLYGONALFACE((443,445,446));
#2289=IFCINDEXEDPOLYGONALFACE((437,445,314));
#2290=IFCINDEXEDPOLYGONALFACE((444,320,446));
#2291=IFCINDEXEDPOLYGONALFACE((447,446,320));
#2292=IFCINDEXEDPOLYGONALFACE((451,448,450));
#2293=IFCINDEXEDPOLYGONALFACE((443,447,330));
#2294=IFCINDEXEDPOLYGONALFACE((447,320,449));
#2295=IFCINDEXEDPOLYGONALFACE((449,450,447));
#2296=IFCINDEXEDPOLYGONALFACE((332,450,449));
#2297=IFCINDEXEDPOLYGONALFACE((448,330,450));
#2298=IFCINDEXEDPOLYGONALFACE((332,452,458));
#2299=IFCINDEXEDPOLYGONALFACE((448,451,458));
#2300=IFCINDEXEDPOLYGONALFACE((454,453,329));
#2301=IFCINDEXEDPOLYGONALFACE((458,452,454));
#2302=IFCINDEXEDPOLYGONALFACE((456,333,453));
#2303=IFCINDEXEDPOLYGONALFACE((458,454,329));
#2304=IFCINDEXEDPOLYGONALFACE((334,457,455));
#2305=IFCINDEXEDPOLYGONALFACE((456,455,457));
#2306=IFCINDEXEDPOLYGONALFACE((342,457,334));
#2307=IFCINDEXEDPOLYGONALFACE((456,457,333));
#2308=IFCINDEXEDPOLYGONALFACE((448,458,329));
#2309=IFCINDEXEDPOLYGONALFACE((458,451,332));
#2310=IFCINDEXEDPOLYGONALFACE((459,460,339));
#2311=IFCINDEXEDPOLYGONALFACE((459,287,461));
#2312=IFCINDEXEDPOLYGONALFACE((472,467,460));
#2313=IFCINDEXEDPOLYGONALFACE((461,287,462));
#2314=IFCINDEXEDPOLYGONALFACE((460,461,297));
#2315=IFCINDEXEDPOLYGONALFACE((465,293,463));
#2316=IFCINDEXEDPOLYGONALFACE((465,464,307,406));
#2317=IFCINDEXEDPOLYGONALFACE((462,287,464));
#2318=IFCINDEXEDPOLYGONALFACE((370,466,462,463));
#2319=IFCINDEXEDPOLYGONALFACE((465,463,462));
#2320=IFCINDEXEDPOLYGONALFACE((366,467,367));
#2321=IFCINDEXEDPOLYGONALFACE((468,295,348));
#2322=IFCINDEXEDPOLYGONALFACE((469,285,355));
#2323=IFCINDEXEDPOLYGONALFACE((321,471,402));
#2324=IFCINDEXEDPOLYGONALFACE((460,297,472));
#2325=IFCINDEXEDPOLYGONALFACE((276,208,343,335,369,295,468,347,351,285,469,353,470,296,440,359,363,284,442,365,472,297,466,370,463,293,438,403,404,315,439,368,398,283,389,312,383,299,376,300,371,298,379,317,394,313,411,316,415,294,420,319,424,318,429,328,434,314,443,330,448,329,453,333,336,341,279,278));
#2326=IFCCARTESIANPOINTLIST3D(((-34.999999999996035,-20.000000000000021,0.),(-34.999999999996035,-1.3535839116229909E-013,0.),(35.000000000003887,-1.3535839116229909E-013,0.),(33.708203932503238,-3.4721359549996333,0.),(31.000000000003848,-5.9999999999999893,0.),(5.0000000000039391,-20.000000000000021,0.),(-34.999999999995971,-20.000000000000021,2145.),(-34.999999999995971,-1.3535839116229909E-013,2144.9999999999995),(35.000000000003887,-1.3535839116229909E-013,2074.9999999999995),(33.708203932503238,-3.4721359549996333,2076.2917960675009),(31.000000000004054,-5.999999999999905,2078.9999999999995),(31.000000000004054,-5.9999999999999218,1285.8491233702218),(31.000000000004054,-5.999999999999905,1682.4245942419093),(31.000000000004054,-5.999999999999905,1880.7122971209544),(35.000000000003958,-5.0759396685862162E-014,1037.4996542585186),(35.000000000003958,-3.3839597790574773E-014,1556.2501728707405),(35.000000000003958,-3.3839597790574773E-014,1296.8749135646297),(35.000000000003958,-1.6919798895287386E-014,1815.6254321768517),(35.000000000003958,-3.3839597790574773E-014,1685.9378025237961),(35.000000000003958,-1.6919798895287386E-014,1945.3130618299072),(35.000000000003958,-1.6919798895287386E-014,1880.4692470033792),(31.000000000004054,-5.999999999999905,1781.5684456814317),(31.000000000003983,-5.9999999999999387,642.92456168511092),(31.000000000003983,-5.9999999999999218,1484.1368913628642),(31.000000000004054,-5.999999999999905,1979.8561485604769),(31.000000000004054,-5.9999999999999218,964.38687508446503),(31.000000000004054,-5.999999999999905,1583.2807428023866),(31.000000000004054,-5.9999999999999218,1125.1179666705448),(31.000000000004054,-5.9999999999999218,1044.7524208775046),(35.000000000003958,-3.3839597790574773E-014,1426.5625432176848),(35.000000000003958,-1.6919798895287386E-014,2010.1561851734723),(35.000000000003958,-3.3839597790574773E-014,1167.187283911574),(35.000000000003887,-6.7679195581149545E-014,518.7498271292593),(35.000000000003958,-1.6919798895287386E-014,1750.781617350324),(35.000000000003958,-3.3839597790574773E-014,1491.4063580442128),(35.000000000003958,-6.7679195581149545E-014,1102.3434690850463),(35.000000000003887,-6.7679195581149545E-014,778.12439495240756),(35.000000000003887,-6.7679195581149545E-014,648.43676529935203),(35.000000000003958,-5.0759396685862162E-014,907.81202460546319),(35.000000000003887,-5.0759396685862162E-014,972.65583943199078),(31.000000000004054,-5.9999999999999218,1384.9929748097445),(31.000000000004054,-5.9999999999999218,803.65571838478797),(31.000000000004054,-5.9999999999999387,884.02132929142499),(31.000000000004054,-5.9999999999999218,1205.4835124635847),(31.000000000003983,-5.9999999999999556,321.4622482857568),(31.000000000003983,-5.9999999999999387,723.29010747815084),(31.000000000003983,-5.9999999999999387,482.19340498543386),(31.000000000003983,-5.9999999999999556,562.5590158920711),(35.000000000003958,-3.3839597790574773E-014,1232.0310987381017),(35.000000000003887,-6.7679195581149545E-014,583.59364195578701),(35.000000000003887,-6.7679195581149545E-014,713.28058012587996),(35.000000000003958,-3.3839597790574773E-014,1361.7187283911574),(35.000000000003887,-6.7679195581149545E-014,259.37525930611099),(35.000000000003887,-6.7679195581149545E-014,389.06288895916646),(35.000000000003887,-6.7679195581149545E-014,453.9060123027316),(35.000000000003887,-6.7679195581149545E-014,324.21907413263875),(31.000000000003983,-5.9999999999999556,160.73115669967706),(31.000000000003983,-5.9999999999999556,241.09670249271704),(31.000000000003983,-5.9999999999999556,401.82779407879679),(35.000000000003887,-8.4598994476436928E-014,129.6876296530555),(35.000000000003887,-6.7679195581149545E-014,194.53144447958323),(31.000000000003983,-5.9999999999999556,80.365610906637073),(35.000000000003887,-8.4598994476436928E-014,64.843814826527748),(31.000000000004054,-5.999999999999905,2029.4281068370369),(31.000000000003983,-5.9999999999999556,49.571958276559897),(35.000000000003958,-1.6919798895287386E-014,2050.2137932022724),(35.000000000003887,-1.0151879337172432E-013,24.785515314764709),(31.000000000004054,-5.9999999999999218,1632.8527010789467),(35.000000000003958,-3.3839597790574773E-014,1621.0939876972684),(35.000000000003958,-3.3839597790574773E-014,1653.5155493690511),(35.000000000003958,-6.7679195581149545E-014,842.96820977893537),(31.000000000003983,-5.9999999999999556,24.785946581481401),(33.708203907390946,-3.4721359926681479,37.178946763379464),(31.000000000004054,-5.999999999999905,2054.2140534185182),(33.646659286153998,-3.5631042431479689,2041.8210531410834),(33.497117024826217,-3.7736223526546606,2012.5631827205759),(35.000000000003958,-3.3839597790574773E-014,1977.7346235016896),(31.000000000004054,-5.9999999999999218,1930.284190283917),(33.65401532315628,-3.5523708196119066,1961.5234380406164),(33.781686930911853,-3.3598993533282591,1669.7265644346169),(31.000000000003983,-5.9999999999999218,1731.9964874048719),(33.618112942869175,-3.604408873620907,1701.4248254235008),(35.000000000003958,-3.3839597790574773E-014,1718.3600556785414),(33.770457739201078,-3.3773167582144628,1641.1063242228815),(31.000000000004054,-5.9999999999999218,1608.0666893838682),(35.000000000003958,-3.3839597790574773E-014,1588.6724260254857),(33.630605952339678,-3.5863999721839832,1595.6736906063109),(31.000000000004054,-5.9999999999999218,1533.7087845258268),(33.533557927382383,-3.7236236947486021,1565.4777205594739),(35.000000000003958,-3.3839597790574773E-014,1523.8279197159952),(31.000000000004054,-5.9999999999999218,1508.9228379443457),(33.613445453797027,-3.6111104117883928,1496.5298322650522),(31.000000000003983,-5.9999999999999218,1434.5649330863043),(35.000000000003958,-3.3839597790574773E-014,1458.9847963724303),(33.520924872333055,-3.741048281703073,1466.6289289731155),(33.889950382348808,-3.1867151478008915,1734.5703141250069),(33.662874987819144,-3.5393938909006741,1765.1776894390032),(35.000000000003958,-3.3839597790574773E-014,1783.2031790221063),(31.000000000004054,-5.999999999999905,1831.1404039579918),(33.66713124772663,-3.5331402940610119,1799.4140638150079),(33.797704813534253,-3.3348828436425548,1827.3800818694565),(35.000000000003958,-1.6919798895287386E-014,1848.047685331597),(31.000000000004054,-5.9999999999999218,1855.9263505394731),(33.703821135651786,-3.4787031807478574,1868.3193010448551),(35.000000000003958,-3.3839597790574773E-014,1912.8908086751619),(33.576935584754835,-3.6630374557832224,1899.5267023165422),(33.869184691052951,-3.2206991932922335,1928.0846760872398),(31.000000000004054,-5.9999999999999218,1335.4210816467817),(31.000000000004054,-5.9999999999998881,2004.6420951419582),(31.000000000004054,-5.9999999999999387,1004.569647980985),(35.000000000003958,-5.0759396685862162E-014,1005.0774011037734),(33.695908853330472,-3.4905238701006107,1021.2890675306172),(33.720071167617043,-3.4542837249343727,988.86719268536262),(33.794432106135417,-3.3400106399834169,1049.3605198669738),(31.000000000004054,-5.9999999999999218,1084.935193774025),(35.000000000003958,-5.0759396685862162E-014,1069.9219074132639),(33.79935954433072,-3.3322869003532305,960.88057405415441),(31.000000000004054,-5.9999999999999218,924.20410218794495),(35.000000000003887,-6.7679195581149545E-014,940.23427776020833),(33.893508373443154,-3.1808542554510768,1086.1328172217193),(33.751517625728688,-3.4064736183855051,1115.0382152652332),(31.000000000004054,-5.9999999999999387,1165.300739567065),(35.000000000003958,-3.3839597790574773E-014,1134.765030756829),(33.406766936168424,-3.8942146893724474,1145.2093853926685),(33.894468359765426,-3.1792709933967576,924.02344299525112),(33.742135403988044,-3.4208155576029275,894.93809400820476),(31.000000000004054,-5.9999999999999218,843.83855639490525),(35.000000000003958,-5.0759396685862162E-014,875.38977145071783),(33.485113253816948,-3.7899171271765311,863.92988960143714),(35.000000000003958,-6.7679195581149545E-014,810.54664810715292),(33.686911560138292,-3.5039109434957845,826.75781845802351),(33.834317304555796,-3.2769272826063727,794.33594361315636),(31.000000000003983,-5.9999999999999387,763.47288037467081),(33.801748000578456,-3.3285360269588398,766.37164563805686),(35.000000000003887,-6.7679195581149545E-014,745.70214179766242),(33.868014220433992,-3.2226035414150322,729.4921939220103),(31.000000000003983,-5.9999999999999218,683.10733458163088),(33.672028697083171,-3.5259289726365126,699.00748345157763),(35.000000000003887,-6.7679195581149545E-014,680.85901845409728),(33.650549881260318,-3.5574319826982093,664.64844422851479),(33.691475308050421,-3.497127772456968,1172.277384343317),(35.000000000003958,-3.3839597790574773E-014,1199.6095370663193),(33.820271995234251,-3.2992894658393266,1215.8203166024352),(31.000000000004054,-5.9999999999999218,1245.6662853601047),(33.804268921494334,-3.3245721689017564,1243.7367400854178),(35.000000000003958,-3.3839597790574773E-014,1264.4526604098844),(33.876014058668247,-3.2095641894440923,1280.6640662929287),(31.000000000004054,-5.9999999999999218,1310.6350699517031),(35.000000000003958,-3.3839597790574773E-014,1329.2971667193747),(33.623287505549854,-3.5969623251532963,1323.0280801681122),(33.528400881897952,-3.7307485586623153,1353.1036474587095),(35.000000000003958,-3.3839597790574773E-014,1394.1402900629396),(31.000000000004054,-5.9999999999999218,1409.778986504823),(33.60817209586849,-3.6186644770362419,1422.1719385091496),(33.78249922316234,-3.3586355993424504,636.36726571746465),(31.000000000003983,-5.9999999999999387,602.74178878859084),(35.000000000003887,-6.7679195581149545E-014,616.01520362756946),(33.888576699496873,-3.1889749408659149,599.80469453787839),(33.766173314449624,-3.3839364364555289,571.17718229697948),(31.000000000003983,-5.9999999999999387,522.37624299555114),(35.000000000003887,-6.7679195581149545E-014,551.17138880104176),(33.272824334827888,-4.0647482528196663,542.46760868193553),(35.000000000003887,-8.4598994476436928E-014,486.32826545747679),(33.610888546734664,-3.6147754682871049,502.53906999162064),(31.000000000003983,-5.9999999999999556,442.01056697531675),(35.000000000003887,-8.4598994476436928E-014,421.48445063094903),(33.792669251404305,-3.3427692134258979,470.11719514567528),(33.806209433600976,-3.3215174587191139,442.24060391341436),(33.88634810288935,-3.1926375714919799,405.27344544538283),(31.000000000003983,-5.9999999999999387,361.64502118227676),(33.704430473836794,-3.4777909756420433,375.44764511301139),(35.000000000003823,-8.4598994476436928E-014,356.64063580442121),(33.605759717038438,-3.6221140791637825,345.40551166829562),(31.000000000004054,-5.9999999999999218,1657.638647660428),(31.000000000003983,-5.9999999999999218,1459.3508796677859),(31.000000000004054,-5.9999999999999218,1360.207028228263),(31.000000000004054,-5.9999999999999218,1558.4947962209058),(33.897742813970254,-3.1738644051258151,1987.2009474139156),(31.000000000004054,-5.9999999999999218,1756.7824990999504),(35.000000000003887,-8.4598994476436928E-014,226.9530061513658),(31.000000000003983,-5.9999999999999387,200.91392959619702),(33.827485295588119,-3.2878251525197641,210.74219558565269),(33.625558771168002,-3.593688166370288,179.27721956333014),(35.000000000003887,-8.4598994476436928E-014,162.10988280780074),(31.000000000003983,-5.9999999999999556,120.54838380315707),(35.000000000003887,-8.4598994476436928E-014,97.26537649831026),(33.739389810427092,-3.4249999980976558,145.898438641447),(33.803130899797871,-3.3263622086307794,238.68037336705893),(31.000000000004054,-5.9999999999999556,281.27947538923678),(33.860014316073908,-3.2355877494527849,113.4765624565977),(33.792868909834191,-3.3424569052394282,85.346977770409836),(33.616278133001295,-3.6070450037764052,267.50628566055019),(35.000000000003887,-6.7679195581149545E-014,291.79751246085624),(33.552065282496727,-3.6979187449286837,296.41792819879691),(33.301688081312314,-4.028789847060156,61.387806910560833),(31.000000000004054,-5.9999999999999218,1955.0702019789956),(31.000000000004054,-5.9999999999999218,1707.2105408233906),(33.82936041787562,-3.2848379529227953,1537.3139161412441),(31.000000000004054,-5.9999999999999218,1806.3543922629133),(31.000000000004054,-5.9999999999999218,1905.4982437024357),(33.818698427120864,-3.3017847180017244,1381.1650296212117),(33.864097626948016,-3.2289672223582673,320.86208988827059),(5.0000000000039391,-20.000000000000057,2105.),(844.99999999999989,-20.000000000000021,2145.),(844.99999999999989,-1.3535839116229909E-013,2145.),(774.99999999999989,-1.3535839116229909E-013,2075.),(776.29179606750051,-3.4721359549995996,2076.2917960675009),(779.00000000000023,-5.9999999999999893,2079.),(427.57543716181891,-5.9999999999999893,2079.),(229.28772436727132,-5.9999999999999893,2079.),(580.7122756327326,-5.9999999999999893,2079.),(405.00000000000188,-3.3839597790574773E-014,2075.),(219.99995608599741,-6.7679195581149545E-014,2075.),(590.00004391400637,-3.3839597790574773E-014,2075.),(497.50002195700404,-3.3839597790574773E-014,2075.),(504.14385061091576,-5.9999999999999893,2079.),(328.43158655090508,-5.9999999999999893,2079.),(312.49997804299966,-6.7679195581149545E-014,2075.),(130.14386218363745,-5.9999999999999893,2079.),(127.50002195700615,-5.0759396685862162E-014,2074.9999999999995),(173.74998902150173,-6.7679195581149545E-014,2075.),(675.85614032922263,-1.6919798895287386E-014,2075.),(679.85613781636641,-6.0000000000000062,2079.0000000000005),(630.28420672454956,-5.9999999999999893,2079.),(725.42802625060585,-3.3839597790574773E-014,2075.),(729.42806890818326,-5.9999999999999893,2079.),(80.57193109182063,-5.9999999999999893,2079.),(81.249967064499558,-6.7679195581149545E-014,2075.),(750.21396921129747,-1.6919798895287386E-014,2075.),(737.82105311091857,-3.3803376964724698,2076.2314963496456),(702.80926997034123,-3.4888683032877132,2076.3029811590723),(55.785965545912241,-5.9999999999999893,2079.),(68.17894734054417,-3.4531402213421845,2076.2791710206948),(102.32654878424604,-3.5040072142629679,2076.3131532832085),(278.85965545908817,-5.9999999999999893,2079.),(266.25001097850395,-6.7679195581149545E-014,2075.),(543.7499890214998,-3.3839597790574773E-014,2075.),(542.42806312182415,-5.9999999999999725,2078.9999999999995),(754.21403445409169,-5.9999999999999725,2078.9999999999995),(378.00351764272193,-5.9999999999999893,2079.),(358.74994510749525,-3.3839597790574773E-014,2075.),(523.28596795078397,-3.4144252927966052,2076.2536788295906),(561.57017826544256,-3.5256973241546232,2076.3278141714923),(179.71579327545439,-5.9999999999999893,2079.),(154.92982772954593,-5.9999999999999893,2079.),(142.53684873387718,-3.3921125433637869,2076.2391311648262),(588.79441413490588,-3.54208848608718,2076.3389616286531),(632.92809212161444,-1.6919798895287386E-014,2075.),(605.49824117864102,-5.9999999999999893,2079.),(451.25005489250844,-3.3839597790574773E-014,2075.),(465.85964967272736,-5.9999999999999893,2079.),(496.08082677425369,-3.5411400978003025,2076.3383150320542),(654.39210684955924,-3.6036857071422754,2076.381383988336),(704.64210336227495,-5.9999999999999893,2078.9999999999995),(700.64208328991424,-1.6919798895287386E-014,2075.),(105.35789663772906,-5.9999999999999893,2079.),(303.64562100499666,-5.9999999999999893,2079.),(291.25263691495127,-3.1395480956548241,2076.0816084554458),(262.49010638744141,-3.7471759824894968,2076.4835346857922),(318.87349460302039,-3.527745990792361,2076.329204227166),(353.21755209681356,-5.9999999999999893,2079.),(365.61053066972386,-3.5885275385702058,2076.370866193251),(395.80138691692747,-3.7240027812906287,2076.4667161608913),(428.12502744625522,-5.0759396685862162E-014,2075.),(439.68750446618179,-3.4864261525703948,2076.3013448829238),(467.91650138055303,-3.0518946965480582,2076.029910375893),(254.07368991317972,-5.9999999999999893,2079.),(402.78948318863041,-5.9999999999999893,2079.),(196.87500757245019,-3.2045862110766463,2076.1209408496784),(169.78229799528521,-3.606941478985128,2076.3836497818506),(223.7814668472285,-3.4897279926485041,2076.3035574704154),(618.46944484421249,-3.395498716672269,2076.24133215554),(678.53967111456279,-3.1938449241096634,2076.1143871185986),(655.07017227045799,-5.9999999999999893,2079.),(204.50175882136278,-5.9999999999999893,2079.),(805.,-20.000000000000057,2105.),(844.99999999999989,-20.000000000000021,0.),(805.,-20.000000000000021,0.),(779.,-5.9999999999999893,0.),(776.29179606750051,-3.4721359549996333,0.),(774.99999999999977,-1.3535839116229909E-013,0.),(844.99999999999989,-1.3535839116229909E-013,0.),(779.,-5.9999999999999556,1285.8491333814245),(778.99999999999977,-5.9999999999999556,1682.424566690712),(778.99999999999977,-5.9999999999999387,1880.7122501390702),(774.99999999999989,-8.4598994476436928E-014,1037.5),(774.99999999999989,-8.4598994476436928E-014,1556.2503442687464),(774.99999999999989,-8.4598994476436928E-014,1815.6251721343733),(774.99999999999989,-8.4598994476436928E-014,1945.3125860671864),(774.99999999999989,-6.7679195581149545E-014,1296.8755164031199),(774.99999999999989,-8.4598994476436928E-014,1685.93775820156),(774.99999999999989,-6.7679195581149545E-014,1880.4688791007798),(779.,-5.9999999999999556,1484.1368832423543),(779.,-6.0000000000000062,642.92456669071225),(778.99999999999977,-5.9999999999999556,1979.856125069535),(778.99999999999977,-5.9999999999999556,1781.5683752086052),(778.99999999999977,-5.9999999999999556,1583.2807581728191),(779.,-5.9999999999999893,964.38685003606838),(779.,-5.9999999999999725,1125.1179585024606),(779.,-5.9999999999999893,1044.7523710629787),(774.99999999999989,-8.4598994476436928E-014,518.74965573125337),(774.99999999999989,-6.7679195581149545E-014,1750.7814651679666),(774.99999999999989,-8.4598994476436928E-014,1426.5629303359331),(774.99999999999989,-6.7679195581149545E-014,2010.1562930335931),(774.99999999999989,-6.7679195581149545E-014,1167.1881024703064),(774.99999999999989,-6.7679195581149545E-014,778.12448359688005),(774.99999999999989,-6.7679195581149545E-014,1491.4066373023397),(774.99999999999989,-6.7679195581149545E-014,907.8118975296934),(774.99999999999989,-6.7679195581149545E-014,1102.3443955038997),(774.99999999999989,-1.0151879337172432E-013,648.43706966406671),(774.99999999999989,-8.4598994476436928E-014,972.65560449610007),(779.,-5.9999999999999556,1205.4835459419426),(779.,-5.9999999999999893,803.65574156967625),(779.,-6.0000000000000062,321.46228334535613),(778.99999999999977,-5.9999999999999725,1384.9930083118893),(779.,-5.9999999999999893,723.2901541301942),(779.,-5.9999999999999893,884.02132900915819),(779.,-5.9999999999999893,482.19339181174837),(779.,-5.9999999999999893,562.55897925123031),(774.99999999999989,-8.4598994476436928E-014,259.37482786562668),(774.99999999999989,-6.7679195581149545E-014,1361.7192233695264),(774.99999999999989,-8.4598994476436928E-014,713.28077663047338),(774.99999999999989,-6.7679195581149545E-014,1232.0318094367133),(774.99999999999989,-8.4598994476436928E-014,583.59336269766004),(774.99999999999989,-8.4598994476436928E-014,389.06224179844003),(774.99999999999989,-8.4598994476436928E-014,453.9059487648467),(774.99999999999989,-8.4598994476436928E-014,324.21853483203336),(779.,-5.9999999999999893,401.82780437226626),(779.,-6.0000000000000062,160.73117487896394),(779.,-6.0000000000000231,241.09676231844594),(774.99999999999989,-8.4598994476436928E-014,129.68741393281334),(774.99999999999989,-8.4598994476436928E-014,194.53112089922001),(779.,-6.0000000000000231,80.36558743948197),(774.99999999999989,-8.4598994476436928E-014,64.843706966406671),(778.99999999999977,-5.9999999999999387,2029.4280625347674),(779.,-6.0000000000000231,49.571937465232423),(774.99999999999989,-8.4598994476436928E-014,2050.2140273171858),(774.99999999999989,-8.4598994476436928E-014,24.785972682814201),(774.99999999999989,-6.7679195581149545E-014,1621.0940512351531),(774.99999999999989,-8.4598994476436928E-014,842.96819056328684),(779.,-6.00000000000004,24.785968732616212),(776.29179606698631,-3.4721359542282597,37.178946858702012),(778.99999999999977,-5.9999999999999387,2054.2140312673837),(776.35334074114473,-3.5631042829060444,2041.8210532282815),(776.50288301220246,-3.7736224030472529,2012.5631834507312),(774.99999999999989,-8.4598994476436928E-014,1977.7344395503899),(779.,-5.9999999999999387,1930.2841876043026),(776.34598481351668,-3.5523710193757152,1961.5234374455051),(776.20090866859039,-3.3327078215767036,1933.6064212768345),(774.99999999999989,-8.4598994476436928E-014,1912.8907325839832),(778.99999999999977,-5.9999999999999556,1905.4982188716863),(776.28733320065987,-3.4654344067557812,1893.1052587893671),(778.99999999999977,-5.9999999999999556,1831.1403126738378),(774.99999999999989,-8.4598994476436928E-014,1848.0470256175765),(776.41837917562862,-3.6564221591479122,1861.7888930232905),(776.14101145232223,-3.2372486477460716,1833.3443479007458),(776.45551897728819,-3.7084783256765079,1801.7922625879535),(774.99999999999989,-8.4598994476436928E-014,1783.2033186511699),(779.,-5.9999999999999387,1731.9964377433728),(776.25514662344415,-3.4166676271557854,1766.9921791594572),(776.21705798250673,-3.3579464874326286,1738.6389591580862),(774.99999999999989,-8.4598994476436928E-014,1718.3596116847632),(778.99999999999977,-5.9999999999999556,1707.2104690107567),(776.34705690600242,-3.5539376574600503,1694.8175392853886),(779.,-5.9999999999999556,1632.8526956380515),(774.99999999999989,-6.7679195581149545E-014,1653.5159047183563),(776.45199805898824,-3.7035806127362387,1664.2844892369274),(779.,-5.9999999999999556,1335.4210708466569),(778.99999999999977,-5.9999999999999387,2004.6420938021511),(778.99999999999977,-5.9999999999999556,1533.7088207075867),(779.,-5.9999999999999893,1004.5695773432377),(774.99999999999989,-8.4598994476436928E-014,1005.0774579793034),(776.30409114271788,-3.490523864202538,1021.2890576240791),(776.27992883884872,-3.4542837346834592,988.86718277873263),(776.20556789305863,-3.3400106387158193,1049.360509940265),(779.,-5.9999999999999893,1084.9351647827198),(774.99999999999989,-6.7679195581149545E-014,1069.9225420206965),(776.20064045833328,-3.3322869045283432,960.88056405747557),(779.,-5.9999999999999893,924.20412272889916),(774.99999999999989,-8.4598994476436928E-014,940.23375101289673),(776.1064916254129,-3.1808542535585804,1086.1328073140942),(776.24848237599076,-3.4064736210144018,1115.0382053525573),(779.,-5.9999999999999893,1165.3007522222015),(774.99999999999989,-6.7679195581149545E-014,1134.7662489871032),(776.59323303845144,-3.8942146561435362,1145.2093756935903),(774.99999999999989,-8.4598994476436928E-014,1199.6099559535096),(776.33960435863378,-3.54303091564109,1183.3984318510443),(776.1797279977103,-3.2992894546408222,1215.8203066958583),(778.99999999999977,-5.9999999999999725,1245.6663396616834),(774.99999999999989,-6.7679195581149545E-014,1264.4536629199165),(776.19573107695396,-3.324572166454443,1243.7367300424764),(776.10553164427211,-3.1792710000512128,924.0234330878227),(776.25786459496726,-3.4208155560037361,894.93808404224865),(779.,-6.0000000000000062,843.83853528941722),(774.99999999999989,-1.0151879337172432E-013,875.39004404649017),(776.5148867840561,-3.7899171784480394,863.92987990318738),(776.12398593672435,-3.2095641819120404,1280.6640563866288),(778.99999999999977,-5.9999999999999725,1310.6351021140408),(774.99999999999989,-8.4598994476436928E-014,1329.2973698863232),(776.37671249162884,-3.596962321082799,1323.0280704654776),(776.47159910715561,-3.7307485435510399,1353.1036375213935),(774.99999999999989,-6.7679195581149545E-014,1394.1410768527298),(778.99999999999977,-5.9999999999999556,1434.5649457771219),(779.,-5.9999999999999556,1409.7789770445056),(776.39182790058555,-3.6186644719575614,1422.1719288096178),(774.99999999999989,-6.7679195581149545E-014,1458.9847838191365),(776.48346784588477,-3.7470842297544045,1451.9700728493717),(776.30047964933726,-3.4851340081493607,836.60077776374817),(774.99999999999989,-8.4598994476436928E-014,810.5463370800835),(776.1656827050623,-3.2769272979695332,794.33593370715403),(779.,-5.9999999999999893,763.47294784993517),(776.19825200180162,-3.3285360306928533,766.37163553601465),(774.99999999999989,-8.4598994476436928E-014,745.70263011367672),(776.13198578635354,-3.2226035524485348,729.49218401674182),(779.,-6.0000000000000062,683.10736041045323),(776.3279712984147,-3.5259289659938333,699.00747340242503),(774.99999999999989,-6.7679195581149545E-014,680.85892314727005),(776.34945013107563,-3.5574320006942091,664.6484343267673),(776.21750078402215,-3.3586356105163699,636.36725541459327),(779.,-5.9999999999999893,602.74177297097128),(774.99999999999989,-8.4598994476436928E-014,616.01521618086349),(776.11142331121766,-3.1889749584792733,599.80468463608145),(776.233826682119,-3.3839364311537268,571.17717211359331),(779.,-6.0000000000000062,522.37618553148934),(774.99999999999989,-6.7679195581149545E-014,551.17150921445671),(776.72717573281204,-4.0647483365886936,542.46759900406801),(776.31699777953975,-3.5097096715115703,515.84065587302666),(774.99999999999989,-8.4598994476436928E-014,486.32780224805003),(779.,-6.0000000000000062,442.01059809200734),(774.99999999999989,-6.7679195581149545E-014,421.48409528164342),(776.20733075658529,-3.3427692259167361,470.11718525564464),(776.19379056119772,-3.3215174505215055,442.24059355921867),(776.11365189754849,-3.1926375722050144,405.27343556525653),(779.,-5.9999999999999893,361.6450106525254),(776.29556949785774,-3.4777909332556121,375.44763489639217),(774.99999999999989,-8.4598994476436928E-014,356.64038831523669),(776.39424027720725,-3.6221140709343982,345.40550035909934),(778.99999999999977,-5.9999999999999725,1459.350914509738),(779.,-5.9999999999999556,1360.2070395792732),(778.99999999999977,-5.9999999999999556,1756.7824064759889),(776.1022573024544,-3.1738645975233188,1987.200947573285),(778.99999999999977,-5.9999999999999556,1657.6386643706676),(779.,-6.0000000000000231,281.27955603818691),(774.99999999999989,-1.0151879337172432E-013,291.79668134883002),(776.23248131408218,-3.381859289816731,308.00781103001134),(776.19455181362389,-3.3227161579903277,280.12215276464411),(776.33939582353037,-3.5427251737693433,251.99889605620055),(779.,-6.0000000000000231,200.91396859870494),(774.99999999999989,-8.4598994476436928E-014,226.95297438242335),(776.55486551953447,-3.843577348274311,221.84243849429811),(776.31660363215758,-3.5091255239028847,195.08139971392609),(774.99999999999989,-8.4598994476436928E-014,162.10926741601668),(779.,-6.0000000000000231,120.54838115922297),(776.26060995247872,-3.4249996369913487,145.89843680442246),(774.99999999999989,-8.4598994476436928E-014,97.265560449610007),(776.1975314844691,-3.3274036205573698,117.96435841746958),(776.10583452491539,-3.1797706159733128,81.054687114034053),(776.59333224807176,-3.8943445236725274,170.43531321194479),(774.99999999999989,-8.4598994476436928E-014,1588.6721977519496),(776.44488684915984,-3.6936650476661885,1604.8828048591097),(776.1869361189033,-3.3107030229532262,1572.4609300049153),(776.24468479972279,-3.4006495594293131,1543.5417766081196),(778.99999999999977,-5.9999999999999556,1508.9228519749704),(774.99999999999989,-6.7679195581149545E-014,1523.8284907855432),(776.38655454068976,-3.6111104038754935,1496.5298225690285),(779.,-5.9999999999999556,1558.4947894402028),(776.19753328816557,-3.3274064558793199,1632.532914182578),(778.99999999999977,-5.9999999999999387,1955.0701563369187),(778.99999999999977,-5.9999999999999387,1855.9262814064539),(779.,-5.9999999999999387,1806.3543439412215),(776.18130156451173,-3.3017847047324906,1381.16501955019),(778.99999999999977,-5.9999999999999556,1608.0667269054352)));
#2327=IFCPOLYGONALFACESET(#2326,.T.,(#1740,#1741,#1742,#1743,#1744,#1745,#1746,#1747,#1748,#1749,#1750,#1751,#1752,#1753,#1754,#1755,#1756,#1757,#1758,#1759,#1760,#1761,#1762,#1763,#1764,#1765,#1766,#1767,#1768,#1769,#1770,#1771,#1772,#1773,#1774,#1775,#1776,#1777,#1778,#1779,#1780,#1781,#1782,#1783,#1784,#1785,#1786,#1787,#1788,#1789,#1790,#1791,#1792,#1793,#1794,#1795,#1796,#1797,#1798,#1799,#1800,#1801,#1802,#1803,#1804,#1805,#1806,#1807,#1808,#1809,#1810,#1811,#1812,#1813,#1814,#1815,#1816,#1817,#1818,#1819,#1820,#1821,#1822,#1823,#1824,#1825,#1826,#1827,#1828,#1829,#1830,#1831,#1832,#1833,#1834,#1835,#1836,#1837,#1838,#1839,#1840,#1841,#1842,#1843,#1844,#1845,#1846,#1847,#1848,#1849,#1850,#1851,#1852,#1853,#1854,#1855,#1856,#1857,#1858,#1859,#1860,#1861,#1862,#1863,#1864,#1865,#1866,#1867,#1868,#1869,#1870,#1871,#1872,#1873,#1874,#1875,#1876,#1877,#1878,#1879,#1880,#1881,#1882,#1883,#1884,#1885,#1886,#1887,#1888,#1889,#1890,#1891,#1892,#1893,#1894,#1895,#1896,#1897,#1898,#1899,#1900,#1901,#1902,#1903,#1904,#1905,#1906,#1907,#1908,#1909,#1910,#1911,#1912,#1913,#1914,#1915,#1916,#1917,#1918,#1919,#1920,#1921,#1922,#1923,#1924,#1925,#1926,#1927,#1928,#1929,#1930,#1931,#1932,#1933,#1934,#1935,#1936,#1937,#1938,#1939,#1940,#1941,#1942,#1943,#1944,#1945,#1946,#1947,#1948,#1949,#1950,#1951,#1952,#1953,#1954,#1955,#1956,#1957,#1958,#1959,#1960,#1961,#1962,#1963,#1964,#1965,#1966,#1967,#1968,#1969,#1970,#1971,#1972,#1973,#1974,#1975,#1976,#1977,#1978,#1979,#1980,#1981,#1982,#1983,#1984,#1985,#1986,#1987,#1988,#1989,#1990,#1991,#1992,#1993,#1994,#1995,#1996,#1997,#1998,#1999,#2000,#2001,#2002,#2003,#2004,#2005,#2006,#2007,#2008,#2009,#2010,#2011,#2012,#2013,#2014,#2015,#2016,#2017,#2018,#2019,#2020,#2021,#2022,#2023,#2024,#2025,#2026,#2027,#2028,#2029,#2030,#2031,#2032,#2033,#2034,#2035,#2036,#2037,#2038,#2039,#2040,#2041,#2042,#2043,#2044,#2045,#2046,#2047,#2048,#2049,#2050,#2051,#2052,#2053,#2054,#2055,#2056,#2057,#2058,#2059,#2060,#2061,#2062,#2063,#2064,#2065,#2066,#2067,#2068,#2069,#2070,#2071,#2072,#2073,#2074,#2075,#2076,#2077,#2078,#2079,#2080,#2081,#2082,#2083,#2084,#2085,#2086,#2087,#2088,#2089,#2090,#2091,#2092,#2093,#2094,#2095,#2096,#2097,#2098,#2099,#2100,#2101,#2102,#2103,#2104,#2105,#2106,#2107,#2108,#2109,#2110,#2111,#2112,#2113,#2114,#2115,#2116,#2117,#2118,#2119,#2120,#2121,#2122,#2123,#2124,#2125,#2126,#2127,#2128,#2129,#2130,#2131,#2132,#2133,#2134,#2135,#2136,#2137,#2138,#2139,#2140,#2141,#2142,#2143,#2144,#2145,#2146,#2147,#2148,#2149,#2150,#2151,#2152,#2153,#2154,#2155,#2156,#2157,#2158,#2159,#2160,#2161,#2162,#2163,#2164,#2165,#2166,#2167,#2168,#2169,#2170,#2171,#2172,#2173,#2174,#2175,#2176,#2177,#2178,#2179,#2180,#2181,#2182,#2183,#2184,#2185,#2186,#2187,#2188,#2189,#2190,#2191,#2192,#2193,#2194,#2195,#2196,#2197,#2198,#2199,#2200,#2201,#2202,#2203,#2204,#2205,#2206,#2207,#2208,#2209,#2210,#2211,#2212,#2213,#2214,#2215,#2216,#2217,#2218,#2219,#2220,#2221,#2222,#2223,#2224,#2225,#2226,#2227,#2228,#2229,#2230,#2231,#2232,#2233,#2234,#2235,#2236,#2237,#2238,#2239,#2240,#2241,#2242,#2243,#2244,#2245,#2246,#2247,#2248,#2249,#2250,#2251,#2252,#2253,#2254,#2255,#2256,#2257,#2258,#2259,#2260,#2261,#2262,#2263,#2264,#2265,#2266,#2267,#2268,#2269,#2270,#2271,#2272,#2273,#2274,#2275,#2276,#2277,#2278,#2279,#2280,#2281,#2282,#2283,#2284,#2285,#2286,#2287,#2288,#2289,#2290,#2291,#2292,#2293,#2294,#2295,#2296,#2297,#2298,#2299,#2300,#2301,#2302,#2303,#2304,#2305,#2306,#2307,#2308,#2309,#2310,#2311,#2312,#2313,#2314,#2315,#2316,#2317,#2318,#2319,#2320,#2321,#2322,#2323,#2324,#2325),$);
#2328=IFCINDEXEDCOLOURMAP(#2327,1.,#1739,(1,1,1,1,1,1,1,1,1,1,1,1,1,1,1,1,1,1,1,1,1,1,1,1,1,1,1,1,1,1,1,1,1,1,1,1,1,1,1,1,1,1,1,1,1,1,1,1,1,1,1,1,1,1,1,1,1,1,1,1,1,1,1,1,1,1,1,1,1,1,1,1,1,1,1,1,1,1,1,1,1,1,1,1,1,1,1,1,1,1,1,1,1,1,1,1,1,1,1,1,1,1,1,1,1,1,1,1,1,1,1,1,1,1,1,1,1,1,1,1,1,1,1,1,1,1,1,1,1,1,1,1,1,1,1,1,1,1,1,1,1,1,1,1,1,1,1,1,1,1,1,1,1,1,1,1,1,1,1,1,1,1,1,1,1,1,1,1,1,1,1,1,1,1,1,1,1,1,1,1,1,1,1,1,1,1,1,1,1,1,1,1,1,1,1,1,1,1,1,1,1,1,1,1,1,1,1,1,1,1,1,1,1,1,1,1,1,1,1,1,1,1,1,1,1,1,1,1,1,1,1,1,1,1,1,1,1,1,1,1,1,1,1,1,1,1,1,1,1,1,1,1,1,1,1,1,1,1,1,1,1,1,1,1,1,1,1,1,1,1,1,1,1,1,1,1,1,1,1,1,1,1,1,1,1,1,1,1,1,1,1,1,1,1,1,1,1,1,1,1,1,1,1,1,1,1,1,1,1,1,1,1,1,1,1,1,1,1,1,1,1,1,1,1,1,1,1,1,1,1,1,1,1,1,1,1,1,1,1,1,1,1,1,1,1,1,1,1,1,1,1,1,1,1,1,1,1,1,1,1,1,1,1,1,1,1,1,1,1,1,1,1,1,1,1,1,1,1,1,1,1,1,1,1,1,1,1,1,1,1,1,1,1,1,1,1,1,1,1,1,1,1,1,1,1,1,1,1,1,1,1,1,1,1,1,1,1,1,1,1,1,1,1,1,1,1,1,1,1,1,1,1,1,1,1,1,1,1,1,1,1,1,1,1,1,1,1,1,1,1,1,1,1,1,1,1,1,1,1,1,1,1,1,1,1,1,1,1,1,1,1,1,1,1,1,1,1,1,1,1,1,1,1,1,1,1,1,1,1,1,1,1,1,1,1,1,1,1,1,1,1,1,1,1,1,1,1,1,1,1,1,1,1,1,1,1,1,1,1,1,1,1,1,1,1,1,1,1,1,1,1,1,1,1,1,1,1,1,1,1,1,1,1,1,1,1,1,1,1,1,1,1,1,1,1,1,1,1,1,1,1,1,1,1,1,1,1,1,1,1,1,1,1,1,1,1,1,1,1,1,1,1,1,1,1,1));
#2329=IFCSTYLEDITEM(#2327,(#1719),$);
#2330=IFCCOLOURRGBLIST(((0.83137254901960789,0.70196078431372544,0.44313725490196076)));
#2331=IFCINDEXEDPOLYGONALFACE((1,2,3,4));
#2332=IFCINDEXEDPOLYGONALFACE((2,1,5,6));
#2333=IFCINDEXEDPOLYGONALFACE((3,2,6,7));
#2334=IFCINDEXEDPOLYGONALFACE((4,3,7,8));
#2335=IFCINDEXEDPOLYGONALFACE((1,4,8,5));
#2336=IFCINDEXEDPOLYGONALFACE((6,5,9,10));
#2337=IFCINDEXEDPOLYGONALFACE((7,6,10,11));
#2338=IFCINDEXEDPOLYGONALFACE((8,7,11,12));
#2339=IFCINDEXEDPOLYGONALFACE((5,8,12,9));
#2340=IFCINDEXEDPOLYGONALFACE((13,14,15,16));
#2341=IFCINDEXEDPOLYGONALFACE((10,9,13,16));
#2342=IFCINDEXEDPOLYGONALFACE((11,10,16,15));
#2343=IFCINDEXEDPOLYGONALFACE((12,11,15,14));
#2344=IFCINDEXEDPOLYGONALFACE((9,12,14,13));
#2345=IFCCARTESIANPOINTLIST3D(((39.999999999728786,290.00000000096975,0.),(39.999999999728786,0.,0.),(7.9999999997180575,0.,0.),(7.9999999997180575,290.00000000096975,0.),(39.99999999972885,290.00000000096975,2070.0000000001219),(39.99999999972885,0.,2070.0000000001219),(7.999999999718125,0.,2102.0000000001323),(7.999999999718125,290.00000000096975,2102.0000000001328),(769.99999999971476,290.00000000096975,2070.0000000001219),(769.99999999971476,0.,2070.0000000001219),(801.99999999972567,0.,2102.0000000001323),(801.99999999972579,290.00000000096975,2102.0000000001328),(769.99999999971476,290.00000000096975,-5.4143356464919636E-013),(801.99999999972567,290.00000000096975,-5.4143356464919636E-013),(801.99999999972567,0.,-5.4143356464919636E-013),(769.99999999971476,0.,-5.4143356464919636E-013)));
#2346=IFCPOLYGONALFACESET(#2345,.T.,(#2331,#2332,#2333,#2334,#2335,#2336,#2337,#2338,#2339,#2340,#2341,#2342,#2343,#2344),$);
#2347=IFCINDEXEDCOLOURMAP(#2346,1.,#2330,(1,1,1,1,1,1,1,1,1,1,1,1,1,1));
#2348=IFCSTYLEDITEM(#2346,(#1737),$);
#2349=IFCSHAPEREPRESENTATION(#26,'Body','Tessellation',(#882,#916,#1079,#1110,#1121,#1715,#1733,#2327,#2346));
#2350=IFCAXIS2PLACEMENT3D(#3,$,$);
#2351=IFCREPRESENTATIONMAP(#2350,#2349);
#2352=IFCDOORLININGPROPERTIES('3wVNDtMWbEfveJ221bpV66',#18,'Doors_IntSgl:810x2110mm:317243',$,$,$,$,$,$,$,$,$,$,$,$,$,$);
#2353=IFCDOORPANELPROPERTIES('3wVNDtMWbEfveJ22DbpV66',#18,'Doors_IntSgl:810x2110mm:317243:1',$,$,.SWINGING.,$,.NOTDEFINED.,$);
#2354=IFCDOORTYPE('0qeoG_COZKCGmsfAqFLymy',#18,'Doors_IntSgl:810x2110mm',$,$,(#2352,#2353,#2395,#2397),(#2351),'177724',$,.DOOR.,.SINGLE_SWING_RIGHT.,$,$);
#2355=IFCMATERIAL('Door - Handle',$,'Miscellaneous');
#2356=IFCMATERIAL('Door - Panel',$,'Wood');
#2357=IFCMATERIAL('Door - Architrave',$,'Wood');
#2358=IFCMATERIAL('Door - Frame/Mullion (1)',$,'Wood');
#2359=IFCMATERIALCONSTITUENT('Ironmongery',$,#2355,0.0015207308907757317,'Miscellaneous');
#2360=IFCSHAPEREPRESENTATION(#26,'Body','Tessellation',(#882,#916,#1079,#1110));
#2361=IFCSHAPEASPECT((#2360),'Ironmongery',$,.U.,#2351);
#2362=IFCMATERIALCONSTITUENT('Panel',$,#2356,0.59660854416087528,'Wood');
#2363=IFCSHAPEREPRESENTATION(#26,'Body','Tessellation',(#1121));
#2364=IFCSHAPEASPECT((#2363),'Panel',$,.U.,#2351);
#2365=IFCMATERIALCONSTITUENT('Architrave',$,#2357,0.12240579886909696,'Wood');
#2366=IFCSHAPEREPRESENTATION(#26,'Body','Tessellation',(#1715,#2327));
#2367=IFCSHAPEASPECT((#2366),'Architrave',$,.U.,#2351);
#2368=IFCMATERIALCONSTITUENT('Frame/Mullion',$,#2358,0.27946492607925205,'Wood');
#2369=IFCSHAPEREPRESENTATION(#26,'Body','Tessellation',(#1733,#2346));
#2370=IFCSHAPEASPECT((#2369),'Frame/Mullion',$,.U.,#2351);
#2371=IFCMATERIALCONSTITUENTSET($,$,(#2359,#2362,#2365,#2368));
#2372=IFCMAPPEDITEM(#2351,#564);
#2373=IFCSHAPEREPRESENTATION(#26,'Body','MappedRepresentation',(#2372));
#2374=IFCPRODUCTDEFINITIONSHAPE($,$,(#2373));
#2375=IFCCARTESIANPOINT((-8213.7815747839868,1018.845322736546,0.));
#2376=IFCAXIS2PLACEMENT3D(#2375,#9,#7);
#2378=IFCDOOR('3wVNDtMWbEfveJ225bpV66',#18,'Doors_IntSgl:810x2110mm:317243',$,'Doors_IntSgl:810x2110mm',#4736,#2374,'317243',2110.,809.99999999999943,.DOOR.,$,$);
#2379=IFCMATERIALCONSTITUENT('Door - Handle',$,#2355,0.0012343106709260287,'Miscellaneous');
#2380=IFCMATERIALCONSTITUENT('Door - Panel',$,#2356,0.4842410296852519,'Wood');
#2381=IFCMATERIALCONSTITUENT('Door - Architrave',$,#2357,0.099351426767086387,'Wood');
#2382=IFCMATERIALCONSTITUENT('Door - Frame/Mullion (1)',$,#2358,0.41517323287673563,'Wood');
#2383=IFCMATERIALCONSTITUENTSET($,$,(#2379,#2380,#2381,#2382));
#2384=IFCPROPERTYSINGLEVALUE('Reference',$,IFCIDENTIFIER('810x2110mm'),$);
#2385=IFCPROPERTYSET('2kRnDb615F8M2MGJE9Ra5r',#18,'Pset_DoorCommon',$,(#541,#2384));
#2386=IFCPROPERTYSET('1b5ubf8MX6cyrJf6n3XHKB',#18,'Pset_EnvironmentalImpactIndicators',$,(#2384));
#2387=IFCRELDEFINESBYPROPERTIES('14x5fXuUKOY$98q3u9Teka',#18,$,$,(#2378),#2385);
#2388=IFCRELDEFINESBYPROPERTIES('3tCklaYhaMBLGJxcsWQ3wB',#18,$,$,(#2378),#2386);
#2389=IFCQUANTITYLENGTH('Width','',$,810.00000000000011,$);
#2390=IFCQUANTITYLENGTH('Height','',$,2110.,$);
#2391=IFCQUANTITYAREA('Area','',$,1.7091000000000003,$);
#2392=IFCELEMENTQUANTITY('3ZH9T3HjS1pCsK0Ge7CK67',#18,'Qto_DoorBaseQuantities',$,$,(#2389,#2390,#2391));
#2393=IFCRELDEFINESBYPROPERTIES('3CyKxEz4MCbPn$p48pPiTu',#18,$,$,(#2378),#2392);
#2394=IFCPROPERTYSINGLEVALUE('ThermalTransmittance',$,IFCTHERMALTRANSMITTANCEMEASURE(3.7021000000000002),$);
#2395=IFCPROPERTYSET('2EvDbu75BjEh2Qnd4SJObn',#18,'Pset_DoorCommon',$,(#2394));
#2396=IFCPROPERTYSINGLEVALUE('Manufacturer',$,IFCLABEL('Revit'),$);
#2397=IFCPROPERTYSET('1lirRMbvwyacJSyh2ss5le',#18,'Pset_ManufacturerTypeInformation',$,(#2396));
#2398=IFCCOLOURRGBLIST(((0.,0.,0.)));
#2399=IFCINDEXEDPOLYGONALFACE((20,21,22,23,24,1,2,3,4,5,6,7,8,9,10,11,12,13,14,15,16,17,18,19));
#2400=IFCINDEXEDPOLYGONALFACE((37,1,24,36));
#2401=IFCINDEXEDPOLYGONALFACE((36,24,23,35));
#2402=IFCINDEXEDPOLYGONALFACE((33,34,22,21));
#2403=IFCINDEXEDPOLYGONALFACE((23,22,34,35));
#2404=IFCINDEXEDPOLYGONALFACE((32,33,21,20));
#2405=IFCINDEXEDPOLYGONALFACE((19,31,32,20));
#2406=IFCINDEXEDPOLYGONALFACE((30,18,17,29));
#2407=IFCINDEXEDPOLYGONALFACE((29,17,16,28));
#2408=IFCINDEXEDPOLYGONALFACE((26,27,15,14));
#2409=IFCINDEXEDPOLYGONALFACE((16,15,27,28));
#2410=IFCINDEXEDPOLYGONALFACE((25,26,14,13));
#2411=IFCINDEXEDPOLYGONALFACE((30,31,19,18));
#2412=IFCINDEXEDPOLYGONALFACE((25,13,12,48));
#2413=IFCINDEXEDPOLYGONALFACE((48,12,11,47));
#2414=IFCINDEXEDPOLYGONALFACE((45,46,10,9));
#2415=IFCINDEXEDPOLYGONALFACE((11,10,46,47));
#2416=IFCINDEXEDPOLYGONALFACE((44,45,9,8));
#2417=IFCINDEXEDPOLYGONALFACE((7,43,44,8));
#2418=IFCINDEXEDPOLYGONALFACE((42,6,5,41));
#2419=IFCINDEXEDPOLYGONALFACE((41,5,4,40));
#2420=IFCINDEXEDPOLYGONALFACE((38,39,3,2));
#2421=IFCINDEXEDPOLYGONALFACE((4,3,39,40));
#2422=IFCINDEXEDPOLYGONALFACE((37,38,2,1));
#2423=IFCINDEXEDPOLYGONALFACE((42,43,7,6));
#2424=IFCINDEXEDPOLYGONALFACE((35,70,36));
#2425=IFCINDEXEDPOLYGONALFACE((66,32,77));
#2426=IFCINDEXEDPOLYGONALFACE((79,73,76));
#2427=IFCINDEXEDPOLYGONALFACE((77,63,74,66));
#2428=IFCINDEXEDPOLYGONALFACE((34,33,66));
#2429=IFCINDEXEDPOLYGONALFACE((34,68,35));
#2430=IFCINDEXEDPOLYGONALFACE((32,66,33));
#2431=IFCINDEXEDPOLYGONALFACE((77,76,63));
#2432=IFCINDEXEDPOLYGONALFACE((30,29,77));
#2433=IFCINDEXEDPOLYGONALFACE((80,72,81));
#2434=IFCINDEXEDPOLYGONALFACE((72,75,62));
#2435=IFCINDEXEDPOLYGONALFACE((32,31,77));
#2436=IFCINDEXEDPOLYGONALFACE((31,30,77));
#2437=IFCINDEXEDPOLYGONALFACE((78,64,49));
#2438=IFCINDEXEDPOLYGONALFACE((76,77,29));
#2439=IFCINDEXEDPOLYGONALFACE((51,78,50));
#2440=IFCINDEXEDPOLYGONALFACE((56,65,82));
#2441=IFCINDEXEDPOLYGONALFACE((60,69,59));
#2442=IFCINDEXEDPOLYGONALFACE((27,79,76));
#2443=IFCINDEXEDPOLYGONALFACE((29,28,76));
#2444=IFCINDEXEDPOLYGONALFACE((80,81,73));
#2445=IFCINDEXEDPOLYGONALFACE((53,75,52));
#2446=IFCINDEXEDPOLYGONALFACE((80,79,64));
#2447=IFCINDEXEDPOLYGONALFACE((81,84,73));
#2448=IFCINDEXEDPOLYGONALFACE((72,83,81));
#2449=IFCINDEXEDPOLYGONALFACE((56,57,65));
#2450=IFCINDEXEDPOLYGONALFACE((80,73,79));
#2451=IFCINDEXEDPOLYGONALFACE((75,55,82));
#2452=IFCINDEXEDPOLYGONALFACE((82,55,56));
#2453=IFCINDEXEDPOLYGONALFACE((65,58,67));
#2454=IFCINDEXEDPOLYGONALFACE((83,72,62));
#2455=IFCINDEXEDPOLYGONALFACE((57,58,65));
#2456=IFCINDEXEDPOLYGONALFACE((82,62,75));
#2457=IFCINDEXEDPOLYGONALFACE((61,69,60));
#2458=IFCINDEXEDPOLYGONALFACE((80,78,72));
#2459=IFCINDEXEDPOLYGONALFACE((73,84,76));
#2460=IFCINDEXEDPOLYGONALFACE((58,59,67));
#2461=IFCINDEXEDPOLYGONALFACE((26,25,79));
#2462=IFCINDEXEDPOLYGONALFACE((81,83,71,84));
#2463=IFCINDEXEDPOLYGONALFACE((72,78,51));
#2464=IFCINDEXEDPOLYGONALFACE((68,34,66));
#2465=IFCINDEXEDPOLYGONALFACE((78,49,50));
#2466=IFCINDEXEDPOLYGONALFACE((70,37,36));
#2467=IFCINDEXEDPOLYGONALFACE((72,52,75));
#2468=IFCINDEXEDPOLYGONALFACE((59,69,67));
#2469=IFCINDEXEDPOLYGONALFACE((72,51,52));
#2470=IFCINDEXEDPOLYGONALFACE((35,68,70));
#2471=IFCINDEXEDPOLYGONALFACE((54,75,53));
#2472=IFCINDEXEDPOLYGONALFACE((75,54,55));
#2473=IFCINDEXEDPOLYGONALFACE((76,28,27));
#2474=IFCINDEXEDPOLYGONALFACE((78,80,64));
#2475=IFCINDEXEDPOLYGONALFACE((79,27,26));
#2476=IFCINDEXEDPOLYGONALFACE((63,76,84));
#2477=IFCINDEXEDPOLYGONALFACE((79,25,64));
#2478=IFCINDEXEDPOLYGONALFACE((66,74,63,100));
#2479=IFCINDEXEDPOLYGONALFACE((103,101,96));
#2480=IFCINDEXEDPOLYGONALFACE((102,49,64));
#2481=IFCINDEXEDPOLYGONALFACE((47,46,99));
#2482=IFCINDEXEDPOLYGONALFACE((101,99,96));
#2483=IFCINDEXEDPOLYGONALFACE((102,97,94));
#2484=IFCINDEXEDPOLYGONALFACE((99,101,47));
#2485=IFCINDEXEDPOLYGONALFACE((103,96,104));
#2486=IFCINDEXEDPOLYGONALFACE((47,101,48));
#2487=IFCINDEXEDPOLYGONALFACE((103,102,64));
#2488=IFCINDEXEDPOLYGONALFACE((97,103,104));
#2489=IFCINDEXEDPOLYGONALFACE((95,49,102));
#2490=IFCINDEXEDPOLYGONALFACE((38,37,70));
#2491=IFCINDEXEDPOLYGONALFACE((98,97,62));
#2492=IFCINDEXEDPOLYGONALFACE((98,62,82));
#2493=IFCINDEXEDPOLYGONALFACE((68,66,40));
#2494=IFCINDEXEDPOLYGONALFACE((42,100,43));
#2495=IFCINDEXEDPOLYGONALFACE((83,62,97));
#2496=IFCINDEXEDPOLYGONALFACE((41,40,66));
#2497=IFCINDEXEDPOLYGONALFACE((66,42,41));
#2498=IFCINDEXEDPOLYGONALFACE((63,84,99));
#2499=IFCINDEXEDPOLYGONALFACE((82,89,90));
#2500=IFCINDEXEDPOLYGONALFACE((66,100,42));
#2501=IFCINDEXEDPOLYGONALFACE((97,102,103));
#2502=IFCINDEXEDPOLYGONALFACE((101,103,64));
#2503=IFCINDEXEDPOLYGONALFACE((95,102,94));
#2504=IFCINDEXEDPOLYGONALFACE((93,94,97));
#2505=IFCINDEXEDPOLYGONALFACE((40,39,68));
#2506=IFCINDEXEDPOLYGONALFACE((97,104,83));
#2507=IFCINDEXEDPOLYGONALFACE((101,25,48));
#2508=IFCINDEXEDPOLYGONALFACE((67,87,65));
#2509=IFCINDEXEDPOLYGONALFACE((92,98,91));
#2510=IFCINDEXEDPOLYGONALFACE((86,67,69));
#2511=IFCINDEXEDPOLYGONALFACE((39,70,68));
#2512=IFCINDEXEDPOLYGONALFACE((92,93,98));
#2513=IFCINDEXEDPOLYGONALFACE((69,61,85));
#2514=IFCINDEXEDPOLYGONALFACE((98,90,91));
#2515=IFCINDEXEDPOLYGONALFACE((96,84,104));
#2516=IFCINDEXEDPOLYGONALFACE((104,84,71,83));
#2517=IFCINDEXEDPOLYGONALFACE((65,87,88));
#2518=IFCINDEXEDPOLYGONALFACE((88,89,65));
#2519=IFCINDEXEDPOLYGONALFACE((44,100,45));
#2520=IFCINDEXEDPOLYGONALFACE((65,89,82));
#2521=IFCINDEXEDPOLYGONALFACE((69,85,86));
#2522=IFCINDEXEDPOLYGONALFACE((84,96,99));
#2523=IFCINDEXEDPOLYGONALFACE((98,82,90));
#2524=IFCINDEXEDPOLYGONALFACE((44,43,100));
#2525=IFCINDEXEDPOLYGONALFACE((97,98,93));
#2526=IFCINDEXEDPOLYGONALFACE((87,67,86));
#2527=IFCINDEXEDPOLYGONALFACE((38,70,39));
#2528=IFCINDEXEDPOLYGONALFACE((99,100,63));
#2529=IFCINDEXEDPOLYGONALFACE((99,46,45));
#2530=IFCINDEXEDPOLYGONALFACE((101,64,25));
#2531=IFCINDEXEDPOLYGONALFACE((100,99,45));
#2532=IFCINDEXEDPOLYGONALFACE((109,110,111,112,113,114,115,116,117,118,119,120,121,122,123,124,125,126,127,128,105,106,107,108));
#2533=IFCINDEXEDPOLYGONALFACE((105,61,60,106));
#2534=IFCINDEXEDPOLYGONALFACE((106,60,59,107));
#2535=IFCINDEXEDPOLYGONALFACE((108,58,57,109));
#2536=IFCINDEXEDPOLYGONALFACE((107,59,58,108));
#2537=IFCINDEXEDPOLYGONALFACE((109,57,56,110));
#2538=IFCINDEXEDPOLYGONALFACE((55,111,110,56));
#2539=IFCINDEXEDPOLYGONALFACE((53,52,114,113));
#2540=IFCINDEXEDPOLYGONALFACE((54,53,113,112));
#2541=IFCINDEXEDPOLYGONALFACE((50,49,117,116));
#2542=IFCINDEXEDPOLYGONALFACE((51,50,116,115));
#2543=IFCINDEXEDPOLYGONALFACE((52,51,115,114));
#2544=IFCINDEXEDPOLYGONALFACE((112,111,55,54));
#2545=IFCINDEXEDPOLYGONALFACE((117,49,95,118));
#2546=IFCINDEXEDPOLYGONALFACE((118,95,94,119));
#2547=IFCINDEXEDPOLYGONALFACE((121,120,93,92));
#2548=IFCINDEXEDPOLYGONALFACE((94,93,120,119));
#2549=IFCINDEXEDPOLYGONALFACE((122,121,92,91));
#2550=IFCINDEXEDPOLYGONALFACE((90,123,122,91));
#2551=IFCINDEXEDPOLYGONALFACE((124,89,88,125));
#2552=IFCINDEXEDPOLYGONALFACE((125,88,87,126));
#2553=IFCINDEXEDPOLYGONALFACE((128,127,86,85));
#2554=IFCINDEXEDPOLYGONALFACE((127,126,87,86));
#2555=IFCINDEXEDPOLYGONALFACE((105,128,85,61));
#2556=IFCINDEXEDPOLYGONALFACE((124,123,90,89));
#2557=IFCCARTESIANPOINTLIST3D(((106.99999999999615,79.000000000966565,899.99999999999955),(107.34074173710552,79.000000000966565,902.58819045102484),(108.33974596215182,79.000000000966565,904.99999999999955),(109.92893218813074,79.000000000966565,907.07106781186508),(111.99999999999626,79.000000000966565,908.66025403784408),(114.41180954897105,79.000000000966565,909.65925826289038),(116.99999999999628,79.000000000966565,909.99999999999966),(119.5881904510215,79.000000000966565,909.65925826289038),(121.99999999999632,79.000000000966565,908.66025403784408),(124.07106781186185,79.000000000966565,907.07106781186508),(125.66025403784073,79.000000000966565,904.99999999999955),(126.65925826288705,79.000000000966565,902.58819045102484),(126.99999999999633,79.000000000966565,899.99999999999943),(126.65925826288698,79.000000000966565,897.41180954897425),(125.66025403784066,79.000000000966565,894.99999999999943),(124.07106781186175,79.000000000966565,892.92893218813401),(121.99999999999622,79.000000000966565,891.33974596215501),(119.5881904510214,79.000000000966565,890.34074173710871),(116.99999999999618,79.000000000966565,889.99999999999932),(114.41180954897095,79.000000000966565,890.34074173710883),(111.99999999999616,79.000000000966565,891.33974596215501),(109.92893218813063,79.000000000966565,892.92893218813401),(108.33974596215177,79.000000000966565,894.99999999999943),(107.34074173710545,79.000000000966565,897.41180954897436),(126.99999999999633,49.000000000966907,899.9999999999992),(126.65925826288698,49.000000000966907,897.41180954897413),(125.66025403784056,49.000000000966907,894.9999999999992),(124.07106781186161,49.000000000966907,892.9289321881339),(121.99999999999615,49.000000000966907,891.33974596215501),(119.58819045102138,49.000000000966907,890.34074173710871),(116.99999999999618,49.000000000966907,889.99999999999932),(114.41180954897098,49.000000000966907,890.34074173710871),(111.99999999999623,49.000000000966907,891.33974596215501),(109.92893218813077,49.000000000966907,892.9289321881339),(108.3397459621518,49.000000000966907,894.99999999999943),(107.34074173710552,49.000000000966907,897.41180954897425),(106.99999999999615,49.000000000966907,899.99999999999955),(107.34074173710545,49.000000000966907,902.58819045102473),(108.3397459621517,49.000000000966907,904.99999999999943),(109.9289321881306,49.000000000966907,907.07106781186496),(111.99999999999616,49.000000000966907,908.66025403784408),(114.41180954897102,49.000000000966907,909.65925826289038),(116.99999999999631,49.000000000966907,909.99999999999966),(119.5881904510216,49.000000000966907,909.65925826289026),(121.99999999999646,49.000000000966907,908.66025403784386),(124.07106781186192,49.000000000966907,907.07106781186496),(125.66025403784086,49.000000000966907,904.99999999999932),(126.65925826288711,49.000000000966907,902.5881904510245),(132.0000000000033,44.000000000959943,899.99999999999875),(132.0000000000033,43.659258263850667,897.41180954897322),(132.0000000000033,42.660254038804389,894.99999999999852),(132.00000000000327,41.07106781282549,892.92893218813299),(132.00000000000327,39.000000000959929,891.33974596215387),(132.00000000000327,36.588190451985056,890.34074173710758),(132.00000000000327,34.000000000959773,889.99999999999829),(132.00000000000327,31.4118095499345,890.34074173710769),(132.00000000000327,29.000000000959652,891.3397459621541),(132.00000000000327,26.928932189094109,892.92893218813299),(132.0000000000033,25.339745963115231,894.99999999999864),(132.00000000000333,24.340741738068996,897.41180954897345),(132.00000000000333,24.000000000959734,899.99999999999841),(119.49999999999973,27.349364906349731,899.99999999999841),(110.34936490538614,36.500000000963318,899.99999999999841),(128.46446609406564,45.464466095029245,899.99999999999841),(125.63380221865776,25.705817555328082,899.99999999999841),(108.70581754348061,42.633802260240664,899.99999999999841),(128.81690110933056,24.85290877814391,899.99999999999841),(107.85290877173836,45.816901130603796,899.99999999999841),(130.40845055466693,24.426454389551825,899.99999999999829),(107.42645438586723,47.408450565785351,899.99999999999841),(114.92468245269293,31.924682453656526,899.99999999999841),(122.4623281048621,35.24708495426782,890.15192265530129),(118.2470855881308,39.462328831154714,890.15192249043491),(109.52759122443335,39.566901130601998,899.99999999999841),(124.9893821907699,30.32962368267032,891.30720684254788),(115.9649132863169,42.416124413853282,890.27621867719381),(111.97166225960019,43.039864480333179,891.92330310307068),(127.98154246212871,41.623630635483607,892.48740540409392),(124.62363034193909,44.981542385843973,892.48740514590691),(123.49871706713051,40.498717406350636,890.45352084779972),(117.0794903613255,34.328238131430261,891.94476265456865),(122.56690110932873,26.527591230838901,899.99999999999841),(117.21234122634634,29.637023680003129,899.99999999999841),(112.63702367903954,34.212341227309921,899.99999999999841),(132.00000000000333,24.340741738069113,902.58819045102382),(132.0000000000033,25.339745963115512,904.99999999999875),(132.00000000000333,26.928932189094457,907.07106781186405),(132.00000000000333,29.000000000959989,908.66025403784306),(132.00000000000333,31.411809549934762,909.65925826288924),(132.00000000000333,34.000000000959893,909.99999999999864),(132.00000000000333,36.588190451985049,909.65925826288924),(132.00000000000333,39.000000000959794,908.66025403784295),(132.00000000000333,41.071067812825291,907.07106781186405),(132.0000000000033,42.660254038804204,904.99999999999864),(132.0000000000033,43.659258263850546,902.58819045102405),(118.24708558801856,39.462328831035151,909.84807750953371),(122.46232810440247,35.247084954157174,909.84807734463345),(124.98938219068584,30.32962368263437,908.69279315741301),(115.96491328629632,42.416124413824065,909.72378132279596),(111.97166225959387,43.039864480312431,908.0766968969175),(124.62363034187037,44.981542385802676,907.5125948541604),(127.98154246213822,41.623630635489079,907.51259459589483),(123.49871706673878,40.498717406009348,909.54647915235876),(117.32823773708112,34.079490695214758,908.05523731715596),(237.00000000001103,24.000000000959783,899.9999999999992),(237.00000000001103,24.340741738069106,897.41180954897391),(237.00000000001103,25.339745963115398,894.9999999999992),(237.000000000011,26.928932189094301,892.92893218813367),(237.000000000011,29.000000000959815,891.33974596215478),(237.000000000011,31.411809549934627,890.34074173710837),(237.000000000011,34.000000000959844,889.99999999999909),(237.000000000011,36.588190451985056,890.34074173710837),(237.000000000011,39.000000000959886,891.33974596215478),(237.000000000011,41.071067812825405,892.92893218813367),(237.00000000001103,42.660254038804318,894.9999999999992),(237.00000000001103,43.659258263850639,897.41180954897391),(237.00000000001103,44.000000000959993,899.9999999999992),(237.00000000001103,43.659258263850674,902.5881904510245),(237.00000000001103,42.660254038804382,904.99999999999932),(237.00000000001106,41.071067812825461,907.07106781186474),(237.00000000001106,39.000000000959943,908.66025403784374),(237.00000000001106,36.588190451985135,909.65925826289003),(237.00000000001106,34.000000000959893,909.99999999999943),(237.00000000001106,31.411809549934684,909.65925826289003),(237.00000000001106,29.000000000959883,908.66025403784374),(237.00000000001106,26.928932189094368,907.07106781186474),(237.00000000001103,25.339745963115448,904.99999999999932),(237.00000000001103,24.340741738069106,902.58819045102439)));
#2558=IFCPOLYGONALFACESET(#2557,.T.,(#2399,#2400,#2401,#2402,#2403,#2404,#2405,#2406,#2407,#2408,#2409,#2410,#2411,#2412,#2413,#2414,#2415,#2416,#2417,#2418,#2419,#2420,#2421,#2422,#2423,#2424,#2425,#2426,#2427,#2428,#2429,#2430,#2431,#2432,#2433,#2434,#2435,#2436,#2437,#2438,#2439,#2440,#2441,#2442,#2443,#2444,#2445,#2446,#2447,#2448,#2449,#2450,#2451,#2452,#2453,#2454,#2455,#2456,#2457,#2458,#2459,#2460,#2461,#2462,#2463,#2464,#2465,#2466,#2467,#2468,#2469,#2470,#2471,#2472,#2473,#2474,#2475,#2476,#2477,#2478,#2479,#2480,#2481,#2482,#2483,#2484,#2485,#2486,#2487,#2488,#2489,#2490,#2491,#2492,#2493,#2494,#2495,#2496,#2497,#2498,#2499,#2500,#2501,#2502,#2503,#2504,#2505,#2506,#2507,#2508,#2509,#2510,#2511,#2512,#2513,#2514,#2515,#2516,#2517,#2518,#2519,#2520,#2521,#2522,#2523,#2524,#2525,#2526,#2527,#2528,#2529,#2530,#2531,#2532,#2533,#2534,#2535,#2536,#2537,#2538,#2539,#2540,#2541,#2542,#2543,#2544,#2545,#2546,#2547,#2548,#2549,#2550,#2551,#2552,#2553,#2554,#2555,#2556),$);
#2559=IFCINDEXEDCOLOURMAP(#2558,1.,#2398,(1,1,1,1,1,1,1,1,1,1,1,1,1,1,1,1,1,1,1,1,1,1,1,1,1,1,1,1,1,1,1,1,1,1,1,1,1,1,1,1,1,1,1,1,1,1,1,1,1,1,1,1,1,1,1,1,1,1,1,1,1,1,1,1,1,1,1,1,1,1,1,1,1,1,1,1,1,1,1,1,1,1,1,1,1,1,1,1,1,1,1,1,1,1,1,1,1,1,1,1,1,1,1,1,1,1,1,1,1,1,1,1,1,1,1,1,1,1,1,1,1,1,1,1,1,1,1,1,1,1,1,1,1,1,1,1,1,1,1,1,1,1,1,1,1,1,1,1,1,1,1,1,1,1,1,1,1,1));
#2560=IFCSTYLEDITEM(#2558,(#886),$);
#2561=IFCCOLOURRGBLIST(((0.,0.,0.)));
#2562=IFCINDEXEDPOLYGONALFACE((16,17,18,19,20,21,22,23,24,1,2,3,4,5,6,7,8,9,10,11,12,13,14,15));
#2563=IFCINDEXEDPOLYGONALFACE((41,42,43,44,45,46,47,48,25,26,27,28,29,30,31,32,33,34,35,36,37,38,39,40));
#2564=IFCINDEXEDPOLYGONALFACE((25,1,24,26));
#2565=IFCINDEXEDPOLYGONALFACE((26,24,23,27));
#2566=IFCINDEXEDPOLYGONALFACE((29,28,22,21));
#2567=IFCINDEXEDPOLYGONALFACE((22,28,27,23));
#2568=IFCINDEXEDPOLYGONALFACE((30,29,21,20));
#2569=IFCINDEXEDPOLYGONALFACE((30,20,19,31));
#2570=IFCINDEXEDPOLYGONALFACE((31,19,18,32));
#2571=IFCINDEXEDPOLYGONALFACE((32,18,17,33));
#2572=IFCINDEXEDPOLYGONALFACE((35,34,16,15));
#2573=IFCINDEXEDPOLYGONALFACE((16,34,33,17));
#2574=IFCINDEXEDPOLYGONALFACE((36,35,15,14));
#2575=IFCINDEXEDPOLYGONALFACE((36,14,13,37));
#2576=IFCINDEXEDPOLYGONALFACE((37,13,12,38));
#2577=IFCINDEXEDPOLYGONALFACE((38,12,11,39));
#2578=IFCINDEXEDPOLYGONALFACE((41,40,10,9));
#2579=IFCINDEXEDPOLYGONALFACE((10,40,39,11));
#2580=IFCINDEXEDPOLYGONALFACE((42,41,9,8));
#2581=IFCINDEXEDPOLYGONALFACE((42,8,7,43));
#2582=IFCINDEXEDPOLYGONALFACE((43,7,6,44));
#2583=IFCINDEXEDPOLYGONALFACE((44,6,5,45));
#2584=IFCINDEXEDPOLYGONALFACE((47,46,4,3));
#2585=IFCINDEXEDPOLYGONALFACE((4,46,45,5));
#2586=IFCINDEXEDPOLYGONALFACE((48,47,3,2));
#2587=IFCINDEXEDPOLYGONALFACE((48,2,1,25));
#2588=IFCCARTESIANPOINTLIST3D(((84.499999999993307,79.000000000966565,899.99999999999977),(85.522225211321299,79.000000000966565,892.23542864692422),(88.519237886460189,79.000000000966565,884.99999999999977),(93.28679656439698,79.000000000966565,878.7867965644034),(99.499999999993349,79.000000000966565,874.01923788646673),(106.73542864691774,79.000000000966565,871.02222521132785),(114.49999999999336,79.000000000966565,870.),(122.26457135306897,79.000000000966565,871.02222521132785),(129.49999999999338,79.000000000966565,874.01923788646673),(135.71320343558978,79.000000000966565,878.78679656440363),(140.48076211352651,79.000000000966565,885.),(143.47777478866536,79.000000000966565,892.23542864692433),(144.49999999999335,79.000000000966565,900.00000000000011),(143.47777478866533,79.000000000966565,907.76457135307567),(140.4807621135264,79.000000000966565,915.),(135.71320343558963,79.000000000966565,921.21320343559637),(129.49999999999321,79.000000000966565,925.98076211353316),(122.2645713530688,79.000000000966565,928.97777478867204),(114.49999999999319,79.000000000966565,929.99999999999989),(106.73542864691757,79.000000000966565,928.97777478867192),(99.499999999993221,79.000000000966565,925.98076211353305),(93.286796564396852,79.000000000966565,921.21320343559626),(88.519237886460118,79.000000000966565,914.99999999999977),(85.522225211321228,79.000000000966565,907.76457135307544),(84.499999999993307,87.00000000096658,899.99999999999977),(85.522225211321228,87.00000000096658,907.76457135307544),(88.519237886460118,87.00000000096658,914.99999999999977),(93.286796564396852,87.00000000096658,921.21320343559626),(99.499999999993221,87.00000000096658,925.98076211353305),(106.73542864691757,87.00000000096658,928.97777478867192),(114.49999999999319,87.00000000096658,929.99999999999989),(122.2645713530688,87.00000000096658,928.97777478867204),(129.49999999999321,87.00000000096658,925.98076211353316),(135.71320343558963,87.00000000096658,921.21320343559637),(140.4807621135264,87.00000000096658,915.),(143.47777478866533,87.00000000096658,907.76457135307567),(144.49999999999335,87.00000000096658,899.99999999999989),(143.47777478866536,87.00000000096658,892.23542864692433),(140.48076211352651,87.00000000096658,885.),(135.71320343558978,87.00000000096658,878.78679656440363),(129.49999999999338,87.00000000096658,874.01923788646673),(122.26457135306897,87.00000000096658,871.02222521132785),(114.49999999999336,87.00000000096658,870.),(106.73542864691774,87.00000000096658,871.02222521132785),(99.499999999993349,87.00000000096658,874.01923788646673),(93.28679656439698,87.00000000096658,878.7867965644034),(88.519237886460189,87.00000000096658,884.99999999999977),(85.522225211321299,87.00000000096658,892.23542864692422)));
#2589=IFCPOLYGONALFACESET(#2588,.T.,(#2562,#2563,#2564,#2565,#2566,#2567,#2568,#2569,#2570,#2571,#2572,#2573,#2574,#2575,#2576,#2577,#2578,#2579,#2580,#2581,#2582,#2583,#2584,#2585,#2586,#2587),$);
#2590=IFCINDEXEDCOLOURMAP(#2589,1.,#2561,(1,1,1,1,1,1,1,1,1,1,1,1,1,1,1,1,1,1,1,1,1,1,1,1,1,1));
#2591=IFCSTYLEDITEM(#2589,(#886),$);
#2592=IFCCOLOURRGBLIST(((0.,0.,0.)));
#2593=IFCINDEXEDPOLYGONALFACE((7,8,9,10,11,12,13,14,15,16,17,18,19,20,21,22,23,24,1,2,3,4,5,6));
#2594=IFCINDEXEDPOLYGONALFACE((26,2,1,25));
#2595=IFCINDEXEDPOLYGONALFACE((27,3,2,26));
#2596=IFCINDEXEDPOLYGONALFACE((4,28,29,5));
#2597=IFCINDEXEDPOLYGONALFACE((27,28,4,3));
#2598=IFCINDEXEDPOLYGONALFACE((5,29,30,6));
#2599=IFCINDEXEDPOLYGONALFACE((6,30,31,7));
#2600=IFCINDEXEDPOLYGONALFACE((33,9,8,32));
#2601=IFCINDEXEDPOLYGONALFACE((34,10,9,33));
#2602=IFCINDEXEDPOLYGONALFACE((11,35,36,12));
#2603=IFCINDEXEDPOLYGONALFACE((34,35,11,10));
#2604=IFCINDEXEDPOLYGONALFACE((12,36,37,13));
#2605=IFCINDEXEDPOLYGONALFACE((8,7,31,32));
#2606=IFCINDEXEDPOLYGONALFACE((38,14,13,37));
#2607=IFCINDEXEDPOLYGONALFACE((39,15,14,38));
#2608=IFCINDEXEDPOLYGONALFACE((16,40,41,17));
#2609=IFCINDEXEDPOLYGONALFACE((39,40,16,15));
#2610=IFCINDEXEDPOLYGONALFACE((17,41,42,18));
#2611=IFCINDEXEDPOLYGONALFACE((18,42,43,19));
#2612=IFCINDEXEDPOLYGONALFACE((45,21,20,44));
#2613=IFCINDEXEDPOLYGONALFACE((46,22,21,45));
#2614=IFCINDEXEDPOLYGONALFACE((23,47,48,24));
#2615=IFCINDEXEDPOLYGONALFACE((46,47,23,22));
#2616=IFCINDEXEDPOLYGONALFACE((24,48,25,1));
#2617=IFCINDEXEDPOLYGONALFACE((20,19,43,44));
#2618=IFCINDEXEDPOLYGONALFACE((26,69,27));
#2619=IFCINDEXEDPOLYGONALFACE((77,30,65));
#2620=IFCINDEXEDPOLYGONALFACE((76,73,79));
#2621=IFCINDEXEDPOLYGONALFACE((65,74,51,77));
#2622=IFCINDEXEDPOLYGONALFACE((65,29,28));
#2623=IFCINDEXEDPOLYGONALFACE((27,67,28));
#2624=IFCINDEXEDPOLYGONALFACE((29,65,30));
#2625=IFCINDEXEDPOLYGONALFACE((51,76,77));
#2626=IFCINDEXEDPOLYGONALFACE((77,33,32));
#2627=IFCINDEXEDPOLYGONALFACE((81,72,80));
#2628=IFCINDEXEDPOLYGONALFACE((52,75,72));
#2629=IFCINDEXEDPOLYGONALFACE((77,31,30));
#2630=IFCINDEXEDPOLYGONALFACE((77,32,31));
#2631=IFCINDEXEDPOLYGONALFACE((49,50,78));
#2632=IFCINDEXEDPOLYGONALFACE((33,77,76));
#2633=IFCINDEXEDPOLYGONALFACE((64,78,63));
#2634=IFCINDEXEDPOLYGONALFACE((82,66,58));
#2635=IFCINDEXEDPOLYGONALFACE((26,25,69));
#2636=IFCINDEXEDPOLYGONALFACE((76,79,35));
#2637=IFCINDEXEDPOLYGONALFACE((76,34,33));
#2638=IFCINDEXEDPOLYGONALFACE((73,81,80));
#2639=IFCINDEXEDPOLYGONALFACE((62,75,61));
#2640=IFCINDEXEDPOLYGONALFACE((50,79,80));
#2641=IFCINDEXEDPOLYGONALFACE((73,84,81));
#2642=IFCINDEXEDPOLYGONALFACE((81,83,72));
#2643=IFCINDEXEDPOLYGONALFACE((66,57,58));
#2644=IFCINDEXEDPOLYGONALFACE((79,73,80));
#2645=IFCINDEXEDPOLYGONALFACE((82,59,75));
#2646=IFCINDEXEDPOLYGONALFACE((58,59,82));
#2647=IFCINDEXEDPOLYGONALFACE((68,56,66));
#2648=IFCINDEXEDPOLYGONALFACE((52,72,83));
#2649=IFCINDEXEDPOLYGONALFACE((66,56,57));
#2650=IFCINDEXEDPOLYGONALFACE((75,52,82));
#2651=IFCINDEXEDPOLYGONALFACE((54,70,53));
#2652=IFCINDEXEDPOLYGONALFACE((72,78,80));
#2653=IFCINDEXEDPOLYGONALFACE((76,84,73));
#2654=IFCINDEXEDPOLYGONALFACE((65,28,67));
#2655=IFCINDEXEDPOLYGONALFACE((79,37,36));
#2656=IFCINDEXEDPOLYGONALFACE((71,83,81,84));
#2657=IFCINDEXEDPOLYGONALFACE((63,78,72));
#2658=IFCINDEXEDPOLYGONALFACE((68,55,56));
#2659=IFCINDEXEDPOLYGONALFACE((64,49,78));
#2660=IFCINDEXEDPOLYGONALFACE((55,70,54));
#2661=IFCINDEXEDPOLYGONALFACE((75,62,72));
#2662=IFCINDEXEDPOLYGONALFACE((69,67,27));
#2663=IFCINDEXEDPOLYGONALFACE((62,63,72));
#2664=IFCINDEXEDPOLYGONALFACE((68,70,55));
#2665=IFCINDEXEDPOLYGONALFACE((61,75,60));
#2666=IFCINDEXEDPOLYGONALFACE((59,60,75));
#2667=IFCINDEXEDPOLYGONALFACE((35,34,76));
#2668=IFCINDEXEDPOLYGONALFACE((50,80,78));
#2669=IFCINDEXEDPOLYGONALFACE((36,35,79));
#2670=IFCINDEXEDPOLYGONALFACE((84,76,51));
#2671=IFCINDEXEDPOLYGONALFACE((50,37,79));
#2672=IFCINDEXEDPOLYGONALFACE((100,51,74,65));
#2673=IFCINDEXEDPOLYGONALFACE((96,101,103));
#2674=IFCINDEXEDPOLYGONALFACE((50,49,102));
#2675=IFCINDEXEDPOLYGONALFACE((99,40,39));
#2676=IFCINDEXEDPOLYGONALFACE((96,99,101));
#2677=IFCINDEXEDPOLYGONALFACE((86,97,102));
#2678=IFCINDEXEDPOLYGONALFACE((39,101,99));
#2679=IFCINDEXEDPOLYGONALFACE((104,96,103));
#2680=IFCINDEXEDPOLYGONALFACE((38,101,39));
#2681=IFCINDEXEDPOLYGONALFACE((50,102,103));
#2682=IFCINDEXEDPOLYGONALFACE((104,103,97));
#2683=IFCINDEXEDPOLYGONALFACE((102,49,85));
#2684=IFCINDEXEDPOLYGONALFACE((69,25,48));
#2685=IFCINDEXEDPOLYGONALFACE((52,97,98));
#2686=IFCINDEXEDPOLYGONALFACE((82,52,98));
#2687=IFCINDEXEDPOLYGONALFACE((46,65,67));
#2688=IFCINDEXEDPOLYGONALFACE((43,100,44));
#2689=IFCINDEXEDPOLYGONALFACE((97,52,83));
#2690=IFCINDEXEDPOLYGONALFACE((65,46,45));
#2691=IFCINDEXEDPOLYGONALFACE((45,44,65));
#2692=IFCINDEXEDPOLYGONALFACE((99,84,51));
#2693=IFCINDEXEDPOLYGONALFACE((90,91,82));
#2694=IFCINDEXEDPOLYGONALFACE((44,100,65));
#2695=IFCINDEXEDPOLYGONALFACE((103,102,97));
#2696=IFCINDEXEDPOLYGONALFACE((50,103,101));
#2697=IFCINDEXEDPOLYGONALFACE((86,102,85));
#2698=IFCINDEXEDPOLYGONALFACE((97,86,87));
#2699=IFCINDEXEDPOLYGONALFACE((66,93,68));
#2700=IFCINDEXEDPOLYGONALFACE((83,104,97));
#2701=IFCINDEXEDPOLYGONALFACE((38,37,101));
#2702=IFCINDEXEDPOLYGONALFACE((67,47,46));
#2703=IFCINDEXEDPOLYGONALFACE((89,98,88));
#2704=IFCINDEXEDPOLYGONALFACE((67,69,47));
#2705=IFCINDEXEDPOLYGONALFACE((70,68,94));
#2706=IFCINDEXEDPOLYGONALFACE((98,87,88));
#2707=IFCINDEXEDPOLYGONALFACE((47,69,48));
#2708=IFCINDEXEDPOLYGONALFACE((89,90,98));
#2709=IFCINDEXEDPOLYGONALFACE((104,84,96));
#2710=IFCINDEXEDPOLYGONALFACE((71,84,104,83));
#2711=IFCINDEXEDPOLYGONALFACE((92,93,66));
#2712=IFCINDEXEDPOLYGONALFACE((66,91,92));
#2713=IFCINDEXEDPOLYGONALFACE((41,100,42));
#2714=IFCINDEXEDPOLYGONALFACE((82,91,66));
#2715=IFCINDEXEDPOLYGONALFACE((94,95,70));
#2716=IFCINDEXEDPOLYGONALFACE((99,96,84));
#2717=IFCINDEXEDPOLYGONALFACE((90,82,98));
#2718=IFCINDEXEDPOLYGONALFACE((100,43,42));
#2719=IFCINDEXEDPOLYGONALFACE((87,98,97));
#2720=IFCINDEXEDPOLYGONALFACE((94,68,93));
#2721=IFCINDEXEDPOLYGONALFACE((95,53,70));
#2722=IFCINDEXEDPOLYGONALFACE((51,100,99));
#2723=IFCINDEXEDPOLYGONALFACE((41,40,99));
#2724=IFCINDEXEDPOLYGONALFACE((37,50,101));
#2725=IFCINDEXEDPOLYGONALFACE((41,99,100));
#2726=IFCINDEXEDPOLYGONALFACE((122,123,124,125,126,127,128,105,106,107,108,109,110,111,112,113,114,115,116,117,118,119,120,121));
#2727=IFCINDEXEDPOLYGONALFACE((128,54,53,105));
#2728=IFCINDEXEDPOLYGONALFACE((127,55,54,128));
#2729=IFCINDEXEDPOLYGONALFACE((125,57,56,126));
#2730=IFCINDEXEDPOLYGONALFACE((126,56,55,127));
#2731=IFCINDEXEDPOLYGONALFACE((124,58,57,125));
#2732=IFCINDEXEDPOLYGONALFACE((58,124,123,59));
#2733=IFCINDEXEDPOLYGONALFACE((121,120,62,61));
#2734=IFCINDEXEDPOLYGONALFACE((122,121,61,60));
#2735=IFCINDEXEDPOLYGONALFACE((118,117,49,64));
#2736=IFCINDEXEDPOLYGONALFACE((119,118,64,63));
#2737=IFCINDEXEDPOLYGONALFACE((120,119,63,62));
#2738=IFCINDEXEDPOLYGONALFACE((60,59,123,122));
#2739=IFCINDEXEDPOLYGONALFACE((116,85,49,117));
#2740=IFCINDEXEDPOLYGONALFACE((115,86,85,116));
#2741=IFCINDEXEDPOLYGONALFACE((87,114,113,88));
#2742=IFCINDEXEDPOLYGONALFACE((115,114,87,86));
#2743=IFCINDEXEDPOLYGONALFACE((88,113,112,89));
#2744=IFCINDEXEDPOLYGONALFACE((89,112,111,90));
#2745=IFCINDEXEDPOLYGONALFACE((109,92,91,110));
#2746=IFCINDEXEDPOLYGONALFACE((108,93,92,109));
#2747=IFCINDEXEDPOLYGONALFACE((94,107,106,95));
#2748=IFCINDEXEDPOLYGONALFACE((93,108,107,94));
#2749=IFCINDEXEDPOLYGONALFACE((95,106,105,53));
#2750=IFCINDEXEDPOLYGONALFACE((91,90,111,110));
#2751=IFCCARTESIANPOINTLIST3D(((106.99999999999622,133.0000000009683,899.99999999999943),(107.34074173710552,133.0000000009683,897.41180954897425),(108.33974596215182,133.0000000009683,894.99999999999932),(109.9289321881307,133.0000000009683,892.9289321881339),(111.99999999999623,133.0000000009683,891.33974596215489),(114.41180954897102,133.0000000009683,890.34074173710871),(116.99999999999625,133.0000000009683,889.9999999999992),(119.58819045102148,133.0000000009683,890.3407417371086),(121.99999999999629,133.0000000009683,891.33974596215489),(124.07106781186181,133.0000000009683,892.9289321881339),(125.66025403784073,133.0000000009683,894.99999999999932),(126.65925826288705,133.0000000009683,897.41180954897413),(126.9999999999964,133.0000000009683,899.9999999999992),(126.65925826288711,133.0000000009683,902.58819045102473),(125.6602540378408,133.0000000009683,904.99999999999943),(124.07106781186192,133.0000000009683,907.07106781186496),(121.99999999999639,133.0000000009683,908.66025403784386),(119.58819045102157,133.0000000009683,909.65925826289026),(116.99999999999635,133.0000000009683,909.99999999999955),(114.41180954897112,133.0000000009683,909.65925826289026),(111.99999999999633,133.0000000009683,908.66025403784386),(109.9289321881308,133.0000000009683,907.07106781186496),(108.33974596215189,133.0000000009683,904.99999999999943),(107.34074173710557,133.0000000009683,902.58819045102473),(106.99999999999622,163.00000000096799,899.99999999999909),(107.34074173710557,163.00000000096799,897.41180954897413),(108.33974596215187,163.00000000096799,894.99999999999932),(109.92893218813084,163.00000000096799,892.92893218813367),(111.99999999999629,163.00000000096799,891.33974596215489),(114.41180954897105,163.00000000096799,890.3407417371086),(116.99999999999625,163.00000000096799,889.9999999999992),(119.58819045102143,163.00000000096799,890.3407417371086),(121.99999999999622,163.00000000096799,891.33974596215489),(124.07106781186168,163.00000000096799,892.92893218813367),(125.66025403784063,163.00000000096799,894.99999999999898),(126.65925826288705,163.00000000096799,897.41180954897391),(126.9999999999964,163.00000000096799,899.9999999999992),(126.65925826288718,163.00000000096799,902.58819045102439),(125.66025403784093,163.00000000096799,904.9999999999992),(124.07106781186198,163.00000000096799,907.07106781186474),(121.99999999999653,163.00000000096799,908.66025403784374),(119.58819045102167,163.00000000096799,909.65925826289003),(116.99999999999638,163.00000000096799,909.99999999999955),(114.41180954897108,163.00000000096799,909.65925826289026),(111.99999999999623,163.00000000096799,908.66025403784386),(109.92893218813067,163.00000000096799,907.07106781186474),(108.33974596215177,163.00000000096799,904.99999999999932),(107.34074173710552,163.00000000096799,902.5881904510245),(132.00000000000338,168.00000000097484,899.99999999999829),(128.46446609406578,166.53553390690556,899.99999999999829),(110.34936490538628,175.50000000097151,899.99999999999829),(119.49999999999984,184.6506350955851,899.99999999999829),(132.00000000000335,188.00000000097506,899.99999999999852),(132.00000000000338,187.65925826386584,897.41180954897322),(132.00000000000335,186.66025403881957,894.99999999999852),(132.00000000000333,185.07106781284065,892.92893218813288),(132.00000000000333,183.00000000097515,891.33974596215387),(132.00000000000333,180.58819045200028,890.34074173710758),(132.00000000000333,178.00000000097504,889.99999999999818),(132.00000000000333,175.41180954994977,890.34074173710746),(132.00000000000333,173.00000000097484,891.33974596215376),(132.00000000000333,170.92893218910933,892.92893218813288),(132.00000000000335,169.33974596313041,894.99999999999841),(132.00000000000335,168.34074173808415,897.41180954897311),(108.70581754348073,169.36619774169415,899.99999999999829),(125.63380221865793,186.29418244660673,899.99999999999841),(107.85290877173853,166.18309887133105,899.99999999999829),(128.81690110933062,187.14709122379091,899.99999999999841),(107.42645438586737,164.59154943614953,899.99999999999829),(130.40845055466701,187.57354561238296,899.99999999999852),(114.92468245269305,180.07531754827829,899.99999999999829),(122.46232810486219,176.75291504766702,890.15192265530118),(118.24708558813097,172.53767117078013,890.15192249043469),(109.52759122443349,172.43309887133285,899.99999999999829),(124.98938219077,181.67037631926445,891.30720684254777),(115.96491328631704,169.58387558808155,890.2762186771937),(111.97166225960034,168.96013552160167,891.92330310307057),(127.98154246212879,170.37636936645123,892.48740540409369),(124.62363034193923,167.01845761609087,892.48740514590691),(123.49871706713064,171.5012825955842,890.45352084779961),(117.07949036132563,177.67176187050458,891.94476265456854),(122.5669011093289,185.4724087710959,899.99999999999841),(117.21234122634644,182.36297632193165,899.99999999999841),(112.63702367903967,177.7876587746249,899.99999999999829),(132.00000000000335,168.34074173808426,902.58819045102382),(132.00000000000335,169.33974596313061,904.99999999999852),(132.00000000000338,170.92893218910953,907.07106781186394),(132.00000000000338,173.00000000097498,908.66025403784283),(132.00000000000338,175.41180954994977,909.65925826288913),(132.00000000000338,178.00000000097489,909.99999999999841),(132.00000000000338,180.58819045200002,909.65925826288913),(132.00000000000338,183.00000000097481,908.66025403784295),(132.00000000000338,185.07106781284034,907.07106781186394),(132.00000000000335,186.66025403881926,904.99999999999864),(132.00000000000338,187.65925826386569,902.58819045102371),(118.24708558801869,172.53767117089967,909.8480775095336),(122.46232810440254,176.75291504777761,909.84807734463334),(124.9893821906859,181.67037631930043,908.69279315741278),(115.96491328629646,169.5838755881108,909.72378132279573),(111.971662259594,168.96013552162242,908.07669689691738),(124.62363034187049,167.0184576161322,907.51259485416028),(127.98154246213832,170.3763693664458,907.51259459589471),(123.49871706673898,171.50128259592537,909.54647915235864),(117.32823773708124,177.92050930671996,908.05523731715584),(237.00000000001108,188.00000000097509,899.99999999999909),(237.00000000001108,187.65925826386575,902.58819045102427),(237.00000000001108,186.6602540388194,904.9999999999992),(237.00000000001114,185.07106781284051,907.07106781186462),(237.00000000001114,183.00000000097498,908.66025403784363),(237.00000000001114,180.58819045200019,909.65925826288992),(237.00000000001114,178.00000000097495,909.99999999999932),(237.00000000001114,175.41180954994974,909.65925826288992),(237.00000000001114,173.00000000097492,908.66025403784363),(237.00000000001114,170.92893218910939,907.07106781186462),(237.00000000001108,169.33974596313047,904.9999999999992),(237.00000000001108,168.3407417380842,902.58819045102439),(237.00000000001108,168.00000000097486,899.99999999999909),(237.00000000001108,168.34074173808423,897.41180954897379),(237.00000000001108,169.33974596313055,894.99999999999898),(237.00000000001106,170.92893218910945,892.92893218813356),(237.00000000001106,173.00000000097498,891.33974596215455),(237.00000000001106,175.41180954994979,890.34074173710826),(237.00000000001106,178.00000000097504,889.99999999999898),(237.00000000001106,180.58819045200022,890.34074173710826),(237.00000000001106,183.00000000097504,891.33974596215455),(237.00000000001106,185.07106781284057,892.92893218813356),(237.00000000001108,186.66025403881949,894.99999999999898),(237.00000000001108,187.65925826386575,897.41180954897379)));
#2752=IFCPOLYGONALFACESET(#2751,.T.,(#2593,#2594,#2595,#2596,#2597,#2598,#2599,#2600,#2601,#2602,#2603,#2604,#2605,#2606,#2607,#2608,#2609,#2610,#2611,#2612,#2613,#2614,#2615,#2616,#2617,#2618,#2619,#2620,#2621,#2622,#2623,#2624,#2625,#2626,#2627,#2628,#2629,#2630,#2631,#2632,#2633,#2634,#2635,#2636,#2637,#2638,#2639,#2640,#2641,#2642,#2643,#2644,#2645,#2646,#2647,#2648,#2649,#2650,#2651,#2652,#2653,#2654,#2655,#2656,#2657,#2658,#2659,#2660,#2661,#2662,#2663,#2664,#2665,#2666,#2667,#2668,#2669,#2670,#2671,#2672,#2673,#2674,#2675,#2676,#2677,#2678,#2679,#2680,#2681,#2682,#2683,#2684,#2685,#2686,#2687,#2688,#2689,#2690,#2691,#2692,#2693,#2694,#2695,#2696,#2697,#2698,#2699,#2700,#2701,#2702,#2703,#2704,#2705,#2706,#2707,#2708,#2709,#2710,#2711,#2712,#2713,#2714,#2715,#2716,#2717,#2718,#2719,#2720,#2721,#2722,#2723,#2724,#2725,#2726,#2727,#2728,#2729,#2730,#2731,#2732,#2733,#2734,#2735,#2736,#2737,#2738,#2739,#2740,#2741,#2742,#2743,#2744,#2745,#2746,#2747,#2748,#2749,#2750),$);
#2753=IFCINDEXEDCOLOURMAP(#2752,1.,#2592,(1,1,1,1,1,1,1,1,1,1,1,1,1,1,1,1,1,1,1,1,1,1,1,1,1,1,1,1,1,1,1,1,1,1,1,1,1,1,1,1,1,1,1,1,1,1,1,1,1,1,1,1,1,1,1,1,1,1,1,1,1,1,1,1,1,1,1,1,1,1,1,1,1,1,1,1,1,1,1,1,1,1,1,1,1,1,1,1,1,1,1,1,1,1,1,1,1,1,1,1,1,1,1,1,1,1,1,1,1,1,1,1,1,1,1,1,1,1,1,1,1,1,1,1,1,1,1,1,1,1,1,1,1,1,1,1,1,1,1,1,1,1,1,1,1,1,1,1,1,1,1,1,1,1,1,1,1,1));
#2754=IFCSTYLEDITEM(#2752,(#886),$);
#2755=IFCCOLOURRGBLIST(((0.,0.,0.)));
#2756=IFCINDEXEDPOLYGONALFACE((8,9,10,11,12,13,14,15,16,17,18,19,20,21,22,23,24,1,2,3,4,5,6,7));
#2757=IFCINDEXEDPOLYGONALFACE((31,32,33,34,35,36,37,38,39,40,41,42,43,44,45,46,47,48,25,26,27,28,29,30));
#2758=IFCINDEXEDPOLYGONALFACE((48,2,1,25));
#2759=IFCINDEXEDPOLYGONALFACE((47,3,2,48));
#2760=IFCINDEXEDPOLYGONALFACE((5,4,46,45));
#2761=IFCINDEXEDPOLYGONALFACE((47,46,4,3));
#2762=IFCINDEXEDPOLYGONALFACE((6,5,45,44));
#2763=IFCINDEXEDPOLYGONALFACE((7,6,44,43));
#2764=IFCINDEXEDPOLYGONALFACE((42,8,7,43));
#2765=IFCINDEXEDPOLYGONALFACE((41,9,8,42));
#2766=IFCINDEXEDPOLYGONALFACE((11,10,40,39));
#2767=IFCINDEXEDPOLYGONALFACE((41,40,10,9));
#2768=IFCINDEXEDPOLYGONALFACE((12,11,39,38));
#2769=IFCINDEXEDPOLYGONALFACE((13,12,38,37));
#2770=IFCINDEXEDPOLYGONALFACE((36,14,13,37));
#2771=IFCINDEXEDPOLYGONALFACE((35,15,14,36));
#2772=IFCINDEXEDPOLYGONALFACE((17,16,34,33));
#2773=IFCINDEXEDPOLYGONALFACE((35,34,16,15));
#2774=IFCINDEXEDPOLYGONALFACE((18,17,33,32));
#2775=IFCINDEXEDPOLYGONALFACE((19,18,32,31));
#2776=IFCINDEXEDPOLYGONALFACE((30,20,19,31));
#2777=IFCINDEXEDPOLYGONALFACE((29,21,20,30));
#2778=IFCINDEXEDPOLYGONALFACE((23,22,28,27));
#2779=IFCINDEXEDPOLYGONALFACE((29,28,22,21));
#2780=IFCINDEXEDPOLYGONALFACE((24,23,27,26));
#2781=IFCINDEXEDPOLYGONALFACE((1,24,26,25));
#2782=IFCCARTESIANPOINTLIST3D(((84.499999999993378,133.0000000009683,899.99999999999966),(85.52222521132137,133.0000000009683,907.76457135307533),(88.519237886460189,133.0000000009683,914.99999999999966),(93.286796564396852,133.0000000009683,921.21320343559614),(99.499999999993278,133.0000000009683,925.98076211353293),(106.73542864691764,133.0000000009683,928.9777747886717),(114.49999999999326,133.0000000009683,929.99999999999977),(122.26457135306887,133.0000000009683,928.97777478867192),(129.49999999999326,133.0000000009683,925.98076211353305),(135.71320343558972,133.0000000009683,921.21320343559626),(140.48076211352648,133.0000000009683,914.99999999999989),(143.47777478866539,133.0000000009683,907.76457135307555),(144.49999999999341,133.0000000009683,899.99999999999977),(143.47777478866541,133.0000000009683,892.23542864692422),(140.48076211352657,133.0000000009683,884.99999999999977),(135.71320343558983,133.0000000009683,878.7867965644034),(129.49999999999343,133.0000000009683,874.01923788646661),(122.26457135306904,133.0000000009683,871.02222521132774),(114.49999999999343,133.0000000009683,869.99999999999989),(106.73542864691781,133.0000000009683,871.02222521132774),(99.499999999993491,133.0000000009683,874.01923788646661),(93.28679656439698,133.0000000009683,878.78679656440329),(88.519237886460317,133.0000000009683,884.99999999999966),(85.52222521132137,133.0000000009683,892.23542864692399),(84.499999999993378,125.0000000009683,899.99999999999966),(85.52222521132137,125.0000000009683,892.23542864692399),(88.519237886460317,125.0000000009683,884.99999999999966),(93.28679656439698,125.0000000009683,878.78679656440329),(99.499999999993491,125.0000000009683,874.01923788646661),(106.73542864691781,125.0000000009683,871.02222521132774),(114.49999999999343,125.0000000009683,869.99999999999989),(122.26457135306904,125.0000000009683,871.02222521132774),(129.49999999999343,125.0000000009683,874.01923788646661),(135.71320343558983,125.0000000009683,878.7867965644034),(140.48076211352657,125.0000000009683,884.99999999999977),(143.47777478866541,125.0000000009683,892.23542864692422),(144.49999999999341,125.0000000009683,899.99999999999989),(143.47777478866539,125.0000000009683,907.76457135307555),(140.48076211352648,125.0000000009683,914.99999999999989),(135.71320343558972,125.0000000009683,921.21320343559626),(129.49999999999326,125.0000000009683,925.98076211353305),(122.26457135306887,125.0000000009683,928.97777478867192),(114.49999999999326,125.0000000009683,929.99999999999977),(106.73542864691764,125.0000000009683,928.9777747886717),(99.499999999993278,125.0000000009683,925.98076211353293),(93.286796564396852,125.0000000009683,921.21320343559614),(88.519237886460189,125.0000000009683,914.99999999999966),(85.52222521132137,125.0000000009683,907.76457135307533)));
#2783=IFCPOLYGONALFACESET(#2782,.T.,(#2756,#2757,#2758,#2759,#2760,#2761,#2762,#2763,#2764,#2765,#2766,#2767,#2768,#2769,#2770,#2771,#2772,#2773,#2774,#2775,#2776,#2777,#2778,#2779,#2780,#2781),$);
#2784=IFCINDEXEDCOLOURMAP(#2783,1.,#2755,(1,1,1,1,1,1,1,1,1,1,1,1,1,1,1,1,1,1,1,1,1,1,1,1,1,1));
#2785=IFCSTYLEDITEM(#2783,(#886),$);
#2786=IFCCOLOURRGBLIST(((0.82352941176470584,0.62352941176470589,0.37254901960784315)));
#2787=IFCINDEXEDPOLYGONALFACE((1,2,3,4));
#2788=IFCINDEXEDPOLYGONALFACE((5,6,7,8));
#2789=IFCINDEXEDPOLYGONALFACE((2,1,5,8));
#2790=IFCINDEXEDPOLYGONALFACE((3,2,8,7));
#2791=IFCINDEXEDPOLYGONALFACE((4,3,7,6));
#2792=IFCINDEXEDPOLYGONALFACE((1,4,6,5));
#2793=IFCCARTESIANPOINTLIST3D(((42.000000000005613,87.000000000971525,2068.),(42.000000000005677,87.000000000971525,7.9999999999153424),(768.00000000000114,87.00000000096918,7.9999999999153424),(768.00000000000114,87.00000000096918,2068.),(42.000000000005748,125.00000000097151,2068.),(768.00000000000125,125.00000000096914,2068.),(768.00000000000125,125.00000000096914,7.9999999999153424),(42.000000000005812,125.00000000097151,7.9999999999153424)));
#2794=IFCPOLYGONALFACESET(#2793,.T.,(#2787,#2788,#2789,#2790,#2791,#2792),$);
#2795=IFCINDEXEDCOLOURMAP(#2794,1.,#2786,(1,1,1,1,1,1));
#2796=IFCSTYLEDITEM(#2794,(#1125),$);
#2797=IFCCOLOURRGBLIST(((0.60392156862745094,0.35294117647058826,0.019607843137254902)));
#2798=IFCINDEXEDPOLYGONALFACE((2,3,4,5,6,1));
#2799=IFCINDEXEDPOLYGONALFACE((10,210,209,281,282,11));
#2800=IFCINDEXEDPOLYGONALFACE((2,1,7,8));
#2801=IFCINDEXEDPOLYGONALFACE((2,8,9,10,11,338,334,455,331,452,332,449,320,444,327,436,325,430,326,428,301,425,324,421,310,417,322,413,306,409,340,395,308,380,311,372,286,377,309,384,305,386,323,390,290,399,321,402,303,406,307,464,287,459,339,366,291,362,302,358,288,354,292,350,289,346,304,337,12,234,230,260,227,253,219,242,220,255,269,217,246,223,241,218,226,225,233,13,70,35,81,24,109,25,106,22,102,38,87,23,74,73,90,20,94,39,98,34,156,56,153,21,150,53,146,36,127,40,120,19,115,44,123,43,132,75,134,41,139,55,143,42,161,54,165,37,167,59,170,58,176,60,197,57,184,65,188,64,190,67,71,3));
#2802=IFCINDEXEDPOLYGONALFACE((70,13,14));
#2803=IFCINDEXEDPOLYGONALFACE((4,3,71,67,77));
#2804=IFCINDEXEDPOLYGONALFACE((126,32,128));
#2805=IFCINDEXEDPOLYGONALFACE((116,115,19));
#2806=IFCINDEXEDPOLYGONALFACE((202,93,181));
#2807=IFCINDEXEDPOLYGONALFACE((59,167,171));
#2808=IFCINDEXEDPOLYGONALFACE((22,104,102));
#2809=IFCINDEXEDPOLYGONALFACE((184,186,65));
#2810=IFCINDEXEDPOLYGONALFACE((78,79,14));
#2811=IFCINDEXEDPOLYGONALFACE((205,56,156));
#2812=IFCINDEXEDPOLYGONALFACE((182,83,81));
#2813=IFCINDEXEDPOLYGONALFACE((23,86,84));
#2814=IFCINDEXEDPOLYGONALFACE((178,88,84));
#2815=IFCINDEXEDPOLYGONALFACE((111,110,109));
#2816=IFCINDEXEDPOLYGONALFACE((108,106,25));
#2817=IFCINDEXEDPOLYGONALFACE((102,104,101));
#2818=IFCINDEXEDPOLYGONALFACE((144,142,141));
#2819=IFCINDEXEDPOLYGONALFACE((90,91,93));
#2820=IFCINDEXEDPOLYGONALFACE((78,68,79));
#2821=IFCINDEXEDPOLYGONALFACE((114,117,116));
#2822=IFCINDEXEDPOLYGONALFACE((39,99,98));
#2823=IFCINDEXEDPOLYGONALFACE((149,147,53));
#2824=IFCINDEXEDPOLYGONALFACE((33,116,118));
#2825=IFCINDEXEDPOLYGONALFACE((155,112,154));
#2826=IFCINDEXEDPOLYGONALFACE((81,83,24));
#2827=IFCINDEXEDPOLYGONALFACE((125,32,119));
#2828=IFCINDEXEDPOLYGONALFACE((195,194,66));
#2829=IFCINDEXEDPOLYGONALFACE((17,84,86));
#2830=IFCINDEXEDPOLYGONALFACE((96,99,39));
#2831=IFCINDEXEDPOLYGONALFACE((120,124,118));
#2832=IFCINDEXEDPOLYGONALFACE((140,137,50));
#2833=IFCINDEXEDPOLYGONALFACE((159,162,161));
#2834=IFCINDEXEDPOLYGONALFACE((136,41,134));
#2835=IFCINDEXEDPOLYGONALFACE((121,44,117));
#2836=IFCINDEXEDPOLYGONALFACE((98,99,158));
#2837=IFCINDEXEDPOLYGONALFACE((132,43,130));
#2838=IFCINDEXEDPOLYGONALFACE((124,40,125));
#2839=IFCINDEXEDPOLYGONALFACE((151,150,21));
#2840=IFCINDEXEDPOLYGONALFACE((63,174,175));
#2841=IFCINDEXEDPOLYGONALFACE((136,137,138));
#2842=IFCINDEXEDPOLYGONALFACE((166,52,164));
#2843=IFCINDEXEDPOLYGONALFACE((159,42,144));
#2844=IFCINDEXEDPOLYGONALFACE((145,146,147));
#2845=IFCINDEXEDPOLYGONALFACE((163,54,162));
#2846=IFCINDEXEDPOLYGONALFACE((141,142,50));
#2847=IFCINDEXEDPOLYGONALFACE((152,154,112));
#2848=IFCINDEXEDPOLYGONALFACE((77,199,69));
#2849=IFCINDEXEDPOLYGONALFACE((176,175,177));
#2850=IFCINDEXEDPOLYGONALFACE((173,58,170));
#2851=IFCINDEXEDPOLYGONALFACE((191,194,64));
#2852=IFCINDEXEDPOLYGONALFACE((186,184,192));
#2853=IFCINDEXEDPOLYGONALFACE((192,57,196));
#2854=IFCINDEXEDPOLYGONALFACE((173,172,169));
#2855=IFCINDEXEDPOLYGONALFACE((4,77,69,76,5));
#2856=IFCINDEXEDPOLYGONALFACE((14,15,78));
#2857=IFCINDEXEDPOLYGONALFACE((189,194,191));
#2858=IFCINDEXEDPOLYGONALFACE((195,190,194));
#2859=IFCINDEXEDPOLYGONALFACE((199,67,195));
#2860=IFCINDEXEDPOLYGONALFACE((35,79,80));
#2861=IFCINDEXEDPOLYGONALFACE((70,79,35));
#2862=IFCINDEXEDPOLYGONALFACE((93,91,31));
#2863=IFCINDEXEDPOLYGONALFACE((84,74,23));
#2864=IFCINDEXEDPOLYGONALFACE((88,74,84));
#2865=IFCINDEXEDPOLYGONALFACE((129,130,43));
#2866=IFCINDEXEDPOLYGONALFACE((79,68,80));
#2867=IFCINDEXEDPOLYGONALFACE((14,79,70));
#2868=IFCINDEXEDPOLYGONALFACE((80,68,113));
#2869=IFCINDEXEDPOLYGONALFACE((83,182,29));
#2870=IFCINDEXEDPOLYGONALFACE((111,200,82,204));
#2871=IFCINDEXEDPOLYGONALFACE((80,182,35));
#2872=IFCINDEXEDPOLYGONALFACE((25,109,110));
#2873=IFCINDEXEDPOLYGONALFACE((200,111,83));
#2874=IFCINDEXEDPOLYGONALFACE((100,86,87));
#2875=IFCINDEXEDPOLYGONALFACE((178,72,89,88));
#2876=IFCINDEXEDPOLYGONALFACE((101,183,100));
#2877=IFCINDEXEDPOLYGONALFACE((87,38,100));
#2878=IFCINDEXEDPOLYGONALFACE((100,201,86));
#2879=IFCINDEXEDPOLYGONALFACE((86,23,87));
#2880=IFCINDEXEDPOLYGONALFACE((73,74,88));
#2881=IFCINDEXEDPOLYGONALFACE((88,89,91));
#2882=IFCINDEXEDPOLYGONALFACE((89,31,91));
#2883=IFCINDEXEDPOLYGONALFACE((91,73,88));
#2884=IFCINDEXEDPOLYGONALFACE((73,91,90));
#2885=IFCINDEXEDPOLYGONALFACE((93,20,90));
#2886=IFCINDEXEDPOLYGONALFACE((93,31,181));
#2887=IFCINDEXEDPOLYGONALFACE((202,96,94));
#2888=IFCINDEXEDPOLYGONALFACE((95,96,202));
#2889=IFCINDEXEDPOLYGONALFACE((93,202,20));
#2890=IFCINDEXEDPOLYGONALFACE((28,96,95));
#2891=IFCINDEXEDPOLYGONALFACE((94,96,39));
#2892=IFCINDEXEDPOLYGONALFACE((97,157,158));
#2893=IFCINDEXEDPOLYGONALFACE((96,28,99));
#2894=IFCINDEXEDPOLYGONALFACE((99,28,179,97));
#2895=IFCINDEXEDPOLYGONALFACE((99,97,158));
#2896=IFCINDEXEDPOLYGONALFACE((101,100,38));
#2897=IFCINDEXEDPOLYGONALFACE((202,181,92,95));
#2898=IFCINDEXEDPOLYGONALFACE((183,85,201,100));
#2899=IFCINDEXEDPOLYGONALFACE((101,38,102));
#2900=IFCINDEXEDPOLYGONALFACE((105,104,22));
#2901=IFCINDEXEDPOLYGONALFACE((101,104,26));
#2902=IFCINDEXEDPOLYGONALFACE((105,203,104));
#2903=IFCINDEXEDPOLYGONALFACE((108,18,107));
#2904=IFCINDEXEDPOLYGONALFACE((103,203,105,107));
#2905=IFCINDEXEDPOLYGONALFACE((105,22,106));
#2906=IFCINDEXEDPOLYGONALFACE((108,105,106));
#2907=IFCINDEXEDPOLYGONALFACE((108,107,105));
#2908=IFCINDEXEDPOLYGONALFACE((108,110,18));
#2909=IFCINDEXEDPOLYGONALFACE((56,205,155));
#2910=IFCINDEXEDPOLYGONALFACE((110,108,25));
#2911=IFCINDEXEDPOLYGONALFACE((111,204,110));
#2912=IFCINDEXEDPOLYGONALFACE((109,24,111));
#2913=IFCINDEXEDPOLYGONALFACE((83,111,24));
#2914=IFCINDEXEDPOLYGONALFACE((117,44,115));
#2915=IFCINDEXEDPOLYGONALFACE((152,16,148,151));
#2916=IFCINDEXEDPOLYGONALFACE((182,113,29));
#2917=IFCINDEXEDPOLYGONALFACE((117,30,121));
#2918=IFCINDEXEDPOLYGONALFACE((118,116,19));
#2919=IFCINDEXEDPOLYGONALFACE((33,114,116));
#2920=IFCINDEXEDPOLYGONALFACE((116,117,115));
#2921=IFCINDEXEDPOLYGONALFACE((30,117,114));
#2922=IFCINDEXEDPOLYGONALFACE((124,120,40));
#2923=IFCINDEXEDPOLYGONALFACE((118,19,120));
#2924=IFCINDEXEDPOLYGONALFACE((125,119,124));
#2925=IFCINDEXEDPOLYGONALFACE((119,33,118));
#2926=IFCINDEXEDPOLYGONALFACE((129,122,130));
#2927=IFCINDEXEDPOLYGONALFACE((129,121,122));
#2928=IFCINDEXEDPOLYGONALFACE((121,30,122));
#2929=IFCINDEXEDPOLYGONALFACE((123,129,43));
#2930=IFCINDEXEDPOLYGONALFACE((123,44,121));
#2931=IFCINDEXEDPOLYGONALFACE((118,124,119));
#2932=IFCINDEXEDPOLYGONALFACE((145,126,128));
#2933=IFCINDEXEDPOLYGONALFACE((128,36,145));
#2934=IFCINDEXEDPOLYGONALFACE((125,40,127));
#2935=IFCINDEXEDPOLYGONALFACE((125,128,32));
#2936=IFCINDEXEDPOLYGONALFACE((125,127,128));
#2937=IFCINDEXEDPOLYGONALFACE((36,128,127));
#2938=IFCINDEXEDPOLYGONALFACE((121,129,123));
#2939=IFCINDEXEDPOLYGONALFACE((130,122,47));
#2940=IFCINDEXEDPOLYGONALFACE((75,132,133));
#2941=IFCINDEXEDPOLYGONALFACE((133,47,131));
#2942=IFCINDEXEDPOLYGONALFACE((133,130,47));
#2943=IFCINDEXEDPOLYGONALFACE((135,134,75));
#2944=IFCINDEXEDPOLYGONALFACE((131,135,133));
#2945=IFCINDEXEDPOLYGONALFACE((132,130,133));
#2946=IFCINDEXEDPOLYGONALFACE((75,133,135));
#2947=IFCINDEXEDPOLYGONALFACE((131,46,135));
#2948=IFCINDEXEDPOLYGONALFACE((136,135,46));
#2949=IFCINDEXEDPOLYGONALFACE((135,136,134));
#2950=IFCINDEXEDPOLYGONALFACE((138,140,139));
#2951=IFCINDEXEDPOLYGONALFACE((136,46,137));
#2952=IFCINDEXEDPOLYGONALFACE((41,136,138));
#2953=IFCINDEXEDPOLYGONALFACE((138,137,140));
#2954=IFCINDEXEDPOLYGONALFACE((139,140,55));
#2955=IFCINDEXEDPOLYGONALFACE((139,41,138));
#2956=IFCINDEXEDPOLYGONALFACE((42,143,144));
#2957=IFCINDEXEDPOLYGONALFACE((140,142,55));
#2958=IFCINDEXEDPOLYGONALFACE((50,142,140));
#2959=IFCINDEXEDPOLYGONALFACE((141,27,144));
#2960=IFCINDEXEDPOLYGONALFACE((144,143,142));
#2961=IFCINDEXEDPOLYGONALFACE((143,55,142));
#2962=IFCINDEXEDPOLYGONALFACE((159,144,27));
#2963=IFCINDEXEDPOLYGONALFACE((146,53,147));
#2964=IFCINDEXEDPOLYGONALFACE((48,126,145));
#2965=IFCINDEXEDPOLYGONALFACE((145,36,146));
#2966=IFCINDEXEDPOLYGONALFACE((149,151,148));
#2967=IFCINDEXEDPOLYGONALFACE((145,147,48));
#2968=IFCINDEXEDPOLYGONALFACE((149,148,147));
#2969=IFCINDEXEDPOLYGONALFACE((148,48,147));
#2970=IFCINDEXEDPOLYGONALFACE((151,149,150));
#2971=IFCINDEXEDPOLYGONALFACE((149,53,150));
#2972=IFCINDEXEDPOLYGONALFACE((21,154,151));
#2973=IFCINDEXEDPOLYGONALFACE((154,21,153));
#2974=IFCINDEXEDPOLYGONALFACE((154,152,151));
#2975=IFCINDEXEDPOLYGONALFACE((153,155,154));
#2976=IFCINDEXEDPOLYGONALFACE((155,153,56));
#2977=IFCINDEXEDPOLYGONALFACE((158,156,34,98));
#2978=IFCINDEXEDPOLYGONALFACE((205,180,155));
#2979=IFCINDEXEDPOLYGONALFACE((205,157,45,180));
#2980=IFCINDEXEDPOLYGONALFACE((157,205,158));
#2981=IFCINDEXEDPOLYGONALFACE((162,160,163));
#2982=IFCINDEXEDPOLYGONALFACE((162,159,160));
#2983=IFCINDEXEDPOLYGONALFACE((159,27,160));
#2984=IFCINDEXEDPOLYGONALFACE((161,162,54));
#2985=IFCINDEXEDPOLYGONALFACE((161,42,159));
#2986=IFCINDEXEDPOLYGONALFACE((163,160,52));
#2987=IFCINDEXEDPOLYGONALFACE((164,168,166));
#2988=IFCINDEXEDPOLYGONALFACE((166,163,52));
#2989=IFCINDEXEDPOLYGONALFACE((166,37,165));
#2990=IFCINDEXEDPOLYGONALFACE((168,167,37));
#2991=IFCINDEXEDPOLYGONALFACE((165,54,163));
#2992=IFCINDEXEDPOLYGONALFACE((165,163,166));
#2993=IFCINDEXEDPOLYGONALFACE((37,166,168));
#2994=IFCINDEXEDPOLYGONALFACE((164,51,168));
#2995=IFCINDEXEDPOLYGONALFACE((169,172,171));
#2996=IFCINDEXEDPOLYGONALFACE((171,168,51));
#2997=IFCINDEXEDPOLYGONALFACE((168,171,167));
#2998=IFCINDEXEDPOLYGONALFACE((171,172,59));
#2999=IFCINDEXEDPOLYGONALFACE((169,171,51));
#3000=IFCINDEXEDPOLYGONALFACE((173,169,63));
#3001=IFCINDEXEDPOLYGONALFACE((170,59,172));
#3002=IFCINDEXEDPOLYGONALFACE((172,173,170));
#3003=IFCINDEXEDPOLYGONALFACE((175,176,58));
#3004=IFCINDEXEDPOLYGONALFACE((173,175,58));
#3005=IFCINDEXEDPOLYGONALFACE((63,175,173));
#3006=IFCINDEXEDPOLYGONALFACE((177,175,174));
#3007=IFCINDEXEDPOLYGONALFACE((174,49,177));
#3008=IFCINDEXEDPOLYGONALFACE((176,177,60));
#3009=IFCINDEXEDPOLYGONALFACE((198,206,49));
#3010=IFCINDEXEDPOLYGONALFACE((84,17,178));
#3011=IFCINDEXEDPOLYGONALFACE((35,182,81));
#3012=IFCINDEXEDPOLYGONALFACE((180,112,155));
#3013=IFCINDEXEDPOLYGONALFACE((182,80,113));
#3014=IFCINDEXEDPOLYGONALFACE((101,26,183));
#3015=IFCINDEXEDPOLYGONALFACE((186,62,185));
#3016=IFCINDEXEDPOLYGONALFACE((192,62,186));
#3017=IFCINDEXEDPOLYGONALFACE((65,186,187));
#3018=IFCINDEXEDPOLYGONALFACE((187,185,61));
#3019=IFCINDEXEDPOLYGONALFACE((185,187,186));
#3020=IFCINDEXEDPOLYGONALFACE((191,187,61));
#3021=IFCINDEXEDPOLYGONALFACE((191,64,188));
#3022=IFCINDEXEDPOLYGONALFACE((188,65,187));
#3023=IFCINDEXEDPOLYGONALFACE((187,191,188));
#3024=IFCINDEXEDPOLYGONALFACE((64,194,190));
#3025=IFCINDEXEDPOLYGONALFACE((189,191,61));
#3026=IFCINDEXEDPOLYGONALFACE((184,57,192));
#3027=IFCINDEXEDPOLYGONALFACE((196,197,198));
#3028=IFCINDEXEDPOLYGONALFACE((193,196,198));
#3029=IFCINDEXEDPOLYGONALFACE((192,196,62));
#3030=IFCINDEXEDPOLYGONALFACE((66,194,189));
#3031=IFCINDEXEDPOLYGONALFACE((66,69,199));
#3032=IFCINDEXEDPOLYGONALFACE((67,190,195));
#3033=IFCINDEXEDPOLYGONALFACE((196,57,197));
#3034=IFCINDEXEDPOLYGONALFACE((62,196,193));
#3035=IFCINDEXEDPOLYGONALFACE((60,177,206));
#3036=IFCINDEXEDPOLYGONALFACE((206,197,60));
#3037=IFCINDEXEDPOLYGONALFACE((49,193,198));
#3038=IFCINDEXEDPOLYGONALFACE((67,199,77));
#3039=IFCINDEXEDPOLYGONALFACE((66,199,195));
#3040=IFCINDEXEDPOLYGONALFACE((83,29,200));
#3041=IFCINDEXEDPOLYGONALFACE((201,17,86));
#3042=IFCINDEXEDPOLYGONALFACE((20,202,94));
#3043=IFCINDEXEDPOLYGONALFACE((203,26,104));
#3044=IFCINDEXEDPOLYGONALFACE((204,18,110));
#3045=IFCINDEXEDPOLYGONALFACE((158,205,156));
#3046=IFCINDEXEDPOLYGONALFACE((49,206,177));
#3047=IFCINDEXEDPOLYGONALFACE((197,206,198));
#3048=IFCINDEXEDPOLYGONALFACE((6,5,76,69,66,189,61,185,62,193,49,174,63,169,51,164,52,160,27,141,50,137,46,131,47,122,30,114,33,119,32,126,48,148,16,152,112,180,45,157,97,179,28,95,92,181,31,89,72,178,17,201,85,183,26,203,103,107,18,204,82,200,29,113,68,78,15,207));
#3049=IFCINDEXEDPOLYGONALFACE((209,210,211,7,1,6,207,208));
#3050=IFCINDEXEDPOLYGONALFACE((8,7,211,9));
#3051=IFCINDEXEDPOLYGONALFACE((212,244,235));
#3052=IFCINDEXEDPOLYGONALFACE((214,268,270));
#3053=IFCINDEXEDPOLYGONALFACE((268,245,267));
#3054=IFCINDEXEDPOLYGONALFACE((267,246,268));
#3055=IFCINDEXEDPOLYGONALFACE((239,224,261,232));
#3056=IFCINDEXEDPOLYGONALFACE((276,280,274));
#3057=IFCINDEXEDPOLYGONALFACE((264,263,240));
#3058=IFCINDEXEDPOLYGONALFACE((247,243,221));
#3059=IFCINDEXEDPOLYGONALFACE((237,14,238));
#3060=IFCINDEXEDPOLYGONALFACE((252,216,248));
#3061=IFCINDEXEDPOLYGONALFACE((257,220,247));
#3062=IFCINDEXEDPOLYGONALFACE((248,216,243));
#3063=IFCINDEXEDPOLYGONALFACE((267,245,266));
#3064=IFCINDEXEDPOLYGONALFACE((241,264,276));
#3065=IFCINDEXEDPOLYGONALFACE((218,274,226));
#3066=IFCINDEXEDPOLYGONALFACE((13,233,238));
#3067=IFCINDEXEDPOLYGONALFACE((225,226,251));
#3068=IFCINDEXEDPOLYGONALFACE((229,277,258));
#3069=IFCINDEXEDPOLYGONALFACE((234,12,212));
#3070=IFCINDEXEDPOLYGONALFACE((253,277,219));
#3071=IFCINDEXEDPOLYGONALFACE((235,236,230));
#3072=IFCINDEXEDPOLYGONALFACE((278,260,236));
#3073=IFCINDEXEDPOLYGONALFACE((239,232,238));
#3074=IFCINDEXEDPOLYGONALFACE((238,233,239));
#3075=IFCINDEXEDPOLYGONALFACE((212,235,234));
#3076=IFCINDEXEDPOLYGONALFACE((230,234,235));
#3077=IFCINDEXEDPOLYGONALFACE((236,231,259,228));
#3078=IFCINDEXEDPOLYGONALFACE((231,236,235));
#3079=IFCINDEXEDPOLYGONALFACE((228,258,278));
#3080=IFCINDEXEDPOLYGONALFACE((238,232,237));
#3081=IFCINDEXEDPOLYGONALFACE((237,15,14));
#3082=IFCINDEXEDPOLYGONALFACE((244,212,213));
#3083=IFCINDEXEDPOLYGONALFACE((13,238,14));
#3084=IFCINDEXEDPOLYGONALFACE((233,225,239));
#3085=IFCINDEXEDPOLYGONALFACE((224,251,250));
#3086=IFCINDEXEDPOLYGONALFACE((262,263,265));
#3087=IFCINDEXEDPOLYGONALFACE((241,263,264));
#3088=IFCINDEXEDPOLYGONALFACE((247,242,248));
#3089=IFCINDEXEDPOLYGONALFACE((252,248,219));
#3090=IFCINDEXEDPOLYGONALFACE((244,231,235));
#3091=IFCINDEXEDPOLYGONALFACE((265,246,267));
#3092=IFCINDEXEDPOLYGONALFACE((257,247,221));
#3093=IFCINDEXEDPOLYGONALFACE((220,242,247));
#3094=IFCINDEXEDPOLYGONALFACE((247,248,243));
#3095=IFCINDEXEDPOLYGONALFACE((219,248,242));
#3096=IFCINDEXEDPOLYGONALFACE((239,225,251));
#3097=IFCINDEXEDPOLYGONALFACE((250,251,275));
#3098=IFCINDEXEDPOLYGONALFACE((239,251,224));
#3099=IFCINDEXEDPOLYGONALFACE((226,274,275));
#3100=IFCINDEXEDPOLYGONALFACE((227,258,253));
#3101=IFCINDEXEDPOLYGONALFACE((277,254,252));
#3102=IFCINDEXEDPOLYGONALFACE((269,268,246,217));
#3103=IFCINDEXEDPOLYGONALFACE((254,277,229));
#3104=IFCINDEXEDPOLYGONALFACE((254,216,252));
#3105=IFCINDEXEDPOLYGONALFACE((271,220,257));
#3106=IFCINDEXEDPOLYGONALFACE((221,256,257));
#3107=IFCINDEXEDPOLYGONALFACE((256,270,271));
#3108=IFCINDEXEDPOLYGONALFACE((278,258,227));
#3109=IFCINDEXEDPOLYGONALFACE((258,228,279,229));
#3110=IFCINDEXEDPOLYGONALFACE((263,223,265));
#3111=IFCINDEXEDPOLYGONALFACE((260,230,236));
#3112=IFCINDEXEDPOLYGONALFACE((262,240,263));
#3113=IFCINDEXEDPOLYGONALFACE((241,223,263));
#3114=IFCINDEXEDPOLYGONALFACE((264,240,272));
#3115=IFCINDEXEDPOLYGONALFACE((272,276,264));
#3116=IFCINDEXEDPOLYGONALFACE((246,265,223));
#3117=IFCINDEXEDPOLYGONALFACE((262,265,266,222));
#3118=IFCINDEXEDPOLYGONALFACE((265,267,266));
#3119=IFCINDEXEDPOLYGONALFACE((255,270,269));
#3120=IFCINDEXEDPOLYGONALFACE((268,214,273,245));
#3121=IFCINDEXEDPOLYGONALFACE((269,270,268));
#3122=IFCINDEXEDPOLYGONALFACE((271,270,255));
#3123=IFCINDEXEDPOLYGONALFACE((256,214,270));
#3124=IFCINDEXEDPOLYGONALFACE((220,271,255));
#3125=IFCINDEXEDPOLYGONALFACE((256,271,257));
#3126=IFCINDEXEDPOLYGONALFACE((276,274,218));
#3127=IFCINDEXEDPOLYGONALFACE((276,272,215,280));
#3128=IFCINDEXEDPOLYGONALFACE((275,274,249));
#3129=IFCINDEXEDPOLYGONALFACE((250,275,249));
#3130=IFCINDEXEDPOLYGONALFACE((226,275,251));
#3131=IFCINDEXEDPOLYGONALFACE((276,218,241));
#3132=IFCINDEXEDPOLYGONALFACE((219,277,252));
#3133=IFCINDEXEDPOLYGONALFACE((258,277,253));
#3134=IFCINDEXEDPOLYGONALFACE((260,278,227));
#3135=IFCINDEXEDPOLYGONALFACE((228,278,236));
#3136=IFCINDEXEDPOLYGONALFACE((280,249,274));
#3137=IFCINDEXEDPOLYGONALFACE((207,15,237,232,261,224,250,249,280,215,272,240,262,222,266,245,273,214,256,221,243,216,254,229,279,228,259,231,244,213,208));
#3138=IFCINDEXEDPOLYGONALFACE((9,211,210,10));
#3139=IFCINDEXEDPOLYGONALFACE((437,327,445));
#3140=IFCINDEXEDPOLYGONALFACE((355,292,354));
#3141=IFCINDEXEDPOLYGONALFACE((294,418,419));
#3142=IFCINDEXEDPOLYGONALFACE((375,286,373));
#3143=IFCINDEXEDPOLYGONALFACE((345,335,344));
#3144=IFCINDEXEDPOLYGONALFACE((367,364,291));
#3145=IFCINDEXEDPOLYGONALFACE((379,393,317));
#3146=IFCINDEXEDPOLYGONALFACE((388,323,386));
#3147=IFCINDEXEDPOLYGONALFACE((352,292,355));
#3148=IFCINDEXEDPOLYGONALFACE((441,304,346));
#3149=IFCINDEXEDPOLYGONALFACE((212,12,337));
#3150=IFCINDEXEDPOLYGONALFACE((338,11,282,342,334));
#3151=IFCINDEXEDPOLYGONALFACE((471,405,402));
#3152=IFCINDEXEDPOLYGONALFACE((295,441,348));
#3153=IFCINDEXEDPOLYGONALFACE((471,439,315,404));
#3154=IFCINDEXEDPOLYGONALFACE((398,400,397));
#3155=IFCINDEXEDPOLYGONALFACE((331,456,454));
#3156=IFCINDEXEDPOLYGONALFACE((346,348,441));
#3157=IFCINDEXEDPOLYGONALFACE((364,362,291));
#3158=IFCINDEXEDPOLYGONALFACE((466,297,461));
#3159=IFCINDEXEDPOLYGONALFACE((396,394,317));
#3160=IFCINDEXEDPOLYGONALFACE((392,380,308));
#3161=IFCINDEXEDPOLYGONALFACE((298,371,374));
#3162=IFCINDEXEDPOLYGONALFACE((319,420,423));
#3163=IFCINDEXEDPOLYGONALFACE((358,360,357));
#3164=IFCINDEXEDPOLYGONALFACE((407,303,405));
#3165=IFCINDEXEDPOLYGONALFACE((304,345,344));
#3166=IFCINDEXEDPOLYGONALFACE((389,397,391));
#3167=IFCINDEXEDPOLYGONALFACE((380,392,378));
#3168=IFCINDEXEDPOLYGONALFACE((372,374,373));
#3169=IFCINDEXEDPOLYGONALFACE((374,378,298));
#3170=IFCINDEXEDPOLYGONALFACE((382,309,381));
#3171=IFCINDEXEDPOLYGONALFACE((414,322,416));
#3172=IFCINDEXEDPOLYGONALFACE((374,372,311));
#3173=IFCINDEXEDPOLYGONALFACE((384,309,382));
#3174=IFCINDEXEDPOLYGONALFACE((412,410,306));
#3175=IFCINDEXEDPOLYGONALFACE((342,336,457));
#3176=IFCINDEXEDPOLYGONALFACE((464,465,462));
#3177=IFCINDEXEDPOLYGONALFACE((310,418,417));
#3178=IFCINDEXEDPOLYGONALFACE((282,281,341,336,342));
#3179=IFCINDEXEDPOLYGONALFACE((343,213,212));
#3180=IFCINDEXEDPOLYGONALFACE((429,431,432));
#3181=IFCINDEXEDPOLYGONALFACE((319,426,424));
#3182=IFCINDEXEDPOLYGONALFACE((327,444,445));
#3183=IFCINDEXEDPOLYGONALFACE((439,471,401));
#3184=IFCINDEXEDPOLYGONALFACE((414,413,322));
#3185=IFCINDEXEDPOLYGONALFACE((388,389,391));
#3186=IFCINDEXEDPOLYGONALFACE((421,422,419));
#3187=IFCINDEXEDPOLYGONALFACE((433,429,432));
#3188=IFCINDEXEDPOLYGONALFACE((428,431,427));
#3189=IFCINDEXEDPOLYGONALFACE((435,325,436));
#3190=IFCINDEXEDPOLYGONALFACE((433,325,435));
#3191=IFCINDEXEDPOLYGONALFACE((332,451,450));
#3192=IFCINDEXEDPOLYGONALFACE((452,331,454));
#3193=IFCINDEXEDPOLYGONALFACE((450,330,447));
#3194=IFCINDEXEDPOLYGONALFACE((453,454,456));
#3195=IFCINDEXEDPOLYGONALFACE((344,212,337));
#3196=IFCINDEXEDPOLYGONALFACE((367,291,366));
#3197=IFCINDEXEDPOLYGONALFACE((212,344,343));
#3198=IFCINDEXEDPOLYGONALFACE((336,333,457));
#3199=IFCINDEXEDPOLYGONALFACE((459,461,460));
#3200=IFCINDEXEDPOLYGONALFACE((409,410,408));
#3201=IFCINDEXEDPOLYGONALFACE((343,344,335));
#3202=IFCINDEXEDPOLYGONALFACE((304,344,337));
#3203=IFCINDEXEDPOLYGONALFACE((346,289,348));
#3204=IFCINDEXEDPOLYGONALFACE((441,369,345));
#3205=IFCINDEXEDPOLYGONALFACE((349,348,289));
#3206=IFCINDEXEDPOLYGONALFACE((469,356,353));
#3207=IFCINDEXEDPOLYGONALFACE((295,369,441));
#3208=IFCINDEXEDPOLYGONALFACE((349,468,348));
#3209=IFCINDEXEDPOLYGONALFACE((285,351,352));
#3210=IFCINDEXEDPOLYGONALFACE((347,468,349,351));
#3211=IFCINDEXEDPOLYGONALFACE((349,289,350));
#3212=IFCINDEXEDPOLYGONALFACE((352,349,350));
#3213=IFCINDEXEDPOLYGONALFACE((349,352,351));
#3214=IFCINDEXEDPOLYGONALFACE((350,292,352));
#3215=IFCINDEXEDPOLYGONALFACE((353,356,357));
#3216=IFCINDEXEDPOLYGONALFACE((352,355,285));
#3217=IFCINDEXEDPOLYGONALFACE((356,355,354));
#3218=IFCINDEXEDPOLYGONALFACE((356,469,355));
#3219=IFCINDEXEDPOLYGONALFACE((354,288,356));
#3220=IFCINDEXEDPOLYGONALFACE((357,356,288));
#3221=IFCINDEXEDPOLYGONALFACE((302,360,358));
#3222=IFCINDEXEDPOLYGONALFACE((357,296,470,353));
#3223=IFCINDEXEDPOLYGONALFACE((357,288,358));
#3224=IFCINDEXEDPOLYGONALFACE((361,440,360));
#3225=IFCINDEXEDPOLYGONALFACE((360,302,361));
#3226=IFCINDEXEDPOLYGONALFACE((357,360,296));
#3227=IFCINDEXEDPOLYGONALFACE((364,284,363));
#3228=IFCINDEXEDPOLYGONALFACE((359,440,361,363));
#3229=IFCINDEXEDPOLYGONALFACE((361,302,362));
#3230=IFCINDEXEDPOLYGONALFACE((364,361,362));
#3231=IFCINDEXEDPOLYGONALFACE((364,363,361));
#3232=IFCINDEXEDPOLYGONALFACE((467,339,460));
#3233=IFCINDEXEDPOLYGONALFACE((467,472,365,442));
#3234=IFCINDEXEDPOLYGONALFACE((367,284,364));
#3235=IFCINDEXEDPOLYGONALFACE((467,366,339));
#3236=IFCINDEXEDPOLYGONALFACE((331,455,456));
#3237=IFCINDEXEDPOLYGONALFACE((467,442,367));
#3238=IFCINDEXEDPOLYGONALFACE((368,400,398));
#3239=IFCINDEXEDPOLYGONALFACE((321,399,401));
#3240=IFCINDEXEDPOLYGONALFACE((369,335,345));
#3241=IFCINDEXEDPOLYGONALFACE((466,461,462));
#3242=IFCINDEXEDPOLYGONALFACE((286,372,373));
#3243=IFCINDEXEDPOLYGONALFACE((371,300,373));
#3244=IFCINDEXEDPOLYGONALFACE((375,373,300));
#3245=IFCINDEXEDPOLYGONALFACE((374,311,378));
#3246=IFCINDEXEDPOLYGONALFACE((373,374,371));
#3247=IFCINDEXEDPOLYGONALFACE((381,376,382));
#3248=IFCINDEXEDPOLYGONALFACE((381,375,376));
#3249=IFCINDEXEDPOLYGONALFACE((375,300,376));
#3250=IFCINDEXEDPOLYGONALFACE((377,381,309));
#3251=IFCINDEXEDPOLYGONALFACE((377,286,375));
#3252=IFCINDEXEDPOLYGONALFACE((378,311,380));
#3253=IFCINDEXEDPOLYGONALFACE((393,379,392));
#3254=IFCINDEXEDPOLYGONALFACE((379,298,378));
#3255=IFCINDEXEDPOLYGONALFACE((375,381,377));
#3256=IFCINDEXEDPOLYGONALFACE((382,376,299));
#3257=IFCINDEXEDPOLYGONALFACE((305,384,385));
#3258=IFCINDEXEDPOLYGONALFACE((385,299,383));
#3259=IFCINDEXEDPOLYGONALFACE((385,382,299));
#3260=IFCINDEXEDPOLYGONALFACE((387,386,305));
#3261=IFCINDEXEDPOLYGONALFACE((383,387,385));
#3262=IFCINDEXEDPOLYGONALFACE((384,382,385));
#3263=IFCINDEXEDPOLYGONALFACE((305,385,387));
#3264=IFCINDEXEDPOLYGONALFACE((383,312,387));
#3265=IFCINDEXEDPOLYGONALFACE((388,387,312));
#3266=IFCINDEXEDPOLYGONALFACE((387,388,386));
#3267=IFCINDEXEDPOLYGONALFACE((391,323,388));
#3268=IFCINDEXEDPOLYGONALFACE((388,312,389));
#3269=IFCINDEXEDPOLYGONALFACE((397,290,390));
#3270=IFCINDEXEDPOLYGONALFACE((397,389,283,398));
#3271=IFCINDEXEDPOLYGONALFACE((390,323,391));
#3272=IFCINDEXEDPOLYGONALFACE((392,308,393));
#3273=IFCINDEXEDPOLYGONALFACE((378,392,379));
#3274=IFCINDEXEDPOLYGONALFACE((408,394,396));
#3275=IFCINDEXEDPOLYGONALFACE((396,340,408));
#3276=IFCINDEXEDPOLYGONALFACE((393,308,395));
#3277=IFCINDEXEDPOLYGONALFACE((393,396,317));
#3278=IFCINDEXEDPOLYGONALFACE((393,395,396));
#3279=IFCINDEXEDPOLYGONALFACE((340,396,395));
#3280=IFCINDEXEDPOLYGONALFACE((391,397,390));
#3281=IFCINDEXEDPOLYGONALFACE((399,400,401));
#3282=IFCINDEXEDPOLYGONALFACE((400,368,401));
#3283=IFCINDEXEDPOLYGONALFACE((400,290,397));
#3284=IFCINDEXEDPOLYGONALFACE((290,400,399));
#3285=IFCINDEXEDPOLYGONALFACE((401,368,439));
#3286=IFCINDEXEDPOLYGONALFACE((404,405,471));
#3287=IFCINDEXEDPOLYGONALFACE((465,406,407));
#3288=IFCINDEXEDPOLYGONALFACE((401,471,321));
#3289=IFCINDEXEDPOLYGONALFACE((407,406,303));
#3290=IFCINDEXEDPOLYGONALFACE((403,405,404));
#3291=IFCINDEXEDPOLYGONALFACE((402,405,303));
#3292=IFCINDEXEDPOLYGONALFACE((405,403,407));
#3293=IFCINDEXEDPOLYGONALFACE((407,403,438,293));
#3294=IFCINDEXEDPOLYGONALFACE((407,293,465));
#3295=IFCINDEXEDPOLYGONALFACE((409,306,410));
#3296=IFCINDEXEDPOLYGONALFACE((313,394,408));
#3297=IFCINDEXEDPOLYGONALFACE((408,340,409));
#3298=IFCINDEXEDPOLYGONALFACE((412,414,411));
#3299=IFCINDEXEDPOLYGONALFACE((408,410,313));
#3300=IFCINDEXEDPOLYGONALFACE((412,411,410));
#3301=IFCINDEXEDPOLYGONALFACE((411,313,410));
#3302=IFCINDEXEDPOLYGONALFACE((414,412,413));
#3303=IFCINDEXEDPOLYGONALFACE((412,306,413));
#3304=IFCINDEXEDPOLYGONALFACE((418,416,417));
#3305=IFCINDEXEDPOLYGONALFACE((414,316,411));
#3306=IFCINDEXEDPOLYGONALFACE((418,415,416));
#3307=IFCINDEXEDPOLYGONALFACE((414,416,316));
#3308=IFCINDEXEDPOLYGONALFACE((316,416,415));
#3309=IFCINDEXEDPOLYGONALFACE((416,322,417));
#3310=IFCINDEXEDPOLYGONALFACE((419,418,310));
#3311=IFCINDEXEDPOLYGONALFACE((294,415,418));
#3312=IFCINDEXEDPOLYGONALFACE((422,421,324));
#3313=IFCINDEXEDPOLYGONALFACE((419,310,421));
#3314=IFCINDEXEDPOLYGONALFACE((423,420,422));
#3315=IFCINDEXEDPOLYGONALFACE((420,294,419));
#3316=IFCINDEXEDPOLYGONALFACE((422,324,423));
#3317=IFCINDEXEDPOLYGONALFACE((419,422,420));
#3318=IFCINDEXEDPOLYGONALFACE((301,427,426));
#3319=IFCINDEXEDPOLYGONALFACE((427,424,426));
#3320=IFCINDEXEDPOLYGONALFACE((423,324,425));
#3321=IFCINDEXEDPOLYGONALFACE((423,426,319));
#3322=IFCINDEXEDPOLYGONALFACE((423,425,426));
#3323=IFCINDEXEDPOLYGONALFACE((301,426,425));
#3324=IFCINDEXEDPOLYGONALFACE((326,431,428));
#3325=IFCINDEXEDPOLYGONALFACE((318,424,427));
#3326=IFCINDEXEDPOLYGONALFACE((427,301,428));
#3327=IFCINDEXEDPOLYGONALFACE((431,429,318));
#3328=IFCINDEXEDPOLYGONALFACE((431,326,432));
#3329=IFCINDEXEDPOLYGONALFACE((325,433,430));
#3330=IFCINDEXEDPOLYGONALFACE((427,431,318));
#3331=IFCINDEXEDPOLYGONALFACE((326,430,432));
#3332=IFCINDEXEDPOLYGONALFACE((432,430,433));
#3333=IFCINDEXEDPOLYGONALFACE((445,443,314));
#3334=IFCINDEXEDPOLYGONALFACE((433,328,429));
#3335=IFCINDEXEDPOLYGONALFACE((435,436,437));
#3336=IFCINDEXEDPOLYGONALFACE((433,435,328));
#3337=IFCINDEXEDPOLYGONALFACE((328,435,434));
#3338=IFCINDEXEDPOLYGONALFACE((327,437,436));
#3339=IFCINDEXEDPOLYGONALFACE((435,437,434));
#3340=IFCINDEXEDPOLYGONALFACE((314,434,437));
#3341=IFCINDEXEDPOLYGONALFACE((440,296,360));
#3342=IFCINDEXEDPOLYGONALFACE((304,441,345));
#3343=IFCINDEXEDPOLYGONALFACE((443,446,447));
#3344=IFCINDEXEDPOLYGONALFACE((442,284,367));
#3345=IFCINDEXEDPOLYGONALFACE((445,444,446));
#3346=IFCINDEXEDPOLYGONALFACE((443,445,446));
#3347=IFCINDEXEDPOLYGONALFACE((437,445,314));
#3348=IFCINDEXEDPOLYGONALFACE((444,320,446));
#3349=IFCINDEXEDPOLYGONALFACE((447,446,320));
#3350=IFCINDEXEDPOLYGONALFACE((451,448,450));
#3351=IFCINDEXEDPOLYGONALFACE((443,447,330));
#3352=IFCINDEXEDPOLYGONALFACE((447,320,449));
#3353=IFCINDEXEDPOLYGONALFACE((449,450,447));
#3354=IFCINDEXEDPOLYGONALFACE((332,450,449));
#3355=IFCINDEXEDPOLYGONALFACE((448,330,450));
#3356=IFCINDEXEDPOLYGONALFACE((332,452,458));
#3357=IFCINDEXEDPOLYGONALFACE((448,451,458));
#3358=IFCINDEXEDPOLYGONALFACE((454,453,329));
#3359=IFCINDEXEDPOLYGONALFACE((458,452,454));
#3360=IFCINDEXEDPOLYGONALFACE((456,333,453));
#3361=IFCINDEXEDPOLYGONALFACE((458,454,329));
#3362=IFCINDEXEDPOLYGONALFACE((334,457,455));
#3363=IFCINDEXEDPOLYGONALFACE((456,455,457));
#3364=IFCINDEXEDPOLYGONALFACE((342,457,334));
#3365=IFCINDEXEDPOLYGONALFACE((456,457,333));
#3366=IFCINDEXEDPOLYGONALFACE((448,458,329));
#3367=IFCINDEXEDPOLYGONALFACE((458,451,332));
#3368=IFCINDEXEDPOLYGONALFACE((459,460,339));
#3369=IFCINDEXEDPOLYGONALFACE((459,287,461));
#3370=IFCINDEXEDPOLYGONALFACE((472,467,460));
#3371=IFCINDEXEDPOLYGONALFACE((461,287,462));
#3372=IFCINDEXEDPOLYGONALFACE((460,461,297));
#3373=IFCINDEXEDPOLYGONALFACE((465,293,463));
#3374=IFCINDEXEDPOLYGONALFACE((465,464,307,406));
#3375=IFCINDEXEDPOLYGONALFACE((462,287,464));
#3376=IFCINDEXEDPOLYGONALFACE((370,466,462,463));
#3377=IFCINDEXEDPOLYGONALFACE((465,463,462));
#3378=IFCINDEXEDPOLYGONALFACE((366,467,367));
#3379=IFCINDEXEDPOLYGONALFACE((468,295,348));
#3380=IFCINDEXEDPOLYGONALFACE((469,285,355));
#3381=IFCINDEXEDPOLYGONALFACE((321,471,402));
#3382=IFCINDEXEDPOLYGONALFACE((460,297,472));
#3383=IFCINDEXEDPOLYGONALFACE((208,213,343,335,369,295,468,347,351,285,469,353,470,296,440,359,363,284,442,365,472,297,466,370,463,293,438,403,404,315,439,368,398,283,389,312,383,299,376,300,371,298,379,317,394,313,411,316,415,294,420,319,424,318,429,328,434,314,443,330,448,329,453,333,336,341,281,209));
#3384=IFCCARTESIANPOINTLIST3D(((845.00000000000011,145.00000000096819,0.),(845.00000000000011,125.0000000009683,0.),(775.,125.0000000009687,0.),(776.29179606750085,128.47213595596816,0.),(779.00000000000023,131.00000000096858,0.),(805.00000000000023,145.00000000096844,0.),(845.00000000000011,145.00000000096819,2145.),(844.99999999999989,125.0000000009683,2144.9999999999995),(-34.99999999999563,125.00000000097398,2144.9999999999995),(-34.99999999999563,125.00000000097398,-5.6889663450158195E-021),(35.000000000004157,125.00000000097354,-7.8987290628997283E-022),(35.000000000003887,125.00000000097354,2075.),(775.,125.00000000096874,2075.),(776.29179606750085,128.47213595596821,2076.2917960675009),(779.,131.00000000096847,2079.),(779.,131.0000000009685,1285.8491508435191),(779.,131.0000000009685,1682.4245754217595),(779.,131.0000000009685,1880.71228771088),(775.,125.00000000096867,1037.5),(775.,125.00000000096865,1556.2499999999998),(775.,125.00000000096867,1296.8753457415964),(775.,125.00000000096863,1815.6246542584033),(775.,125.00000000096865,1685.9369813876049),(775.,125.00000000096863,1945.3123271292015),(775.,125.00000000096863,1880.4684906938026),(779.,131.0000000009685,1781.5683990095088),(779.00000000000011,131.00000000096853,642.92454286494853),(779.,131.0000000009685,1484.1368631326391),(779.,131.00000000096847,1979.8561764122508),(779.,131.00000000096853,964.3868468542338),(779.,131.0000000009685,1583.2807518340103),(779.,131.0000000009685,1125.1179988488764),(779.,131.00000000096853,1044.7524228515551),(775.,125.00000000096865,1426.5630186123949),(775.,125.00000000096863,2010.1561635646005),(775.,125.00000000096867,1167.1876728707985),(775.,125.00000000096868,518.75),(775.,125.00000000096863,1750.7808178230041),(775.,125.00000000096865,1491.4061635646008),(775.,125.00000000096867,1102.3438364353992),(775.,125.00000000096868,778.12465425840333),(775.,125.00000000096867,648.4369813876051),(775.00000000000023,125.00000000096867,907.81232712920166),(775.,125.00000000096867,972.65616356460077),(779.,131.0000000009685,1384.9929744312681),(779.,131.00000000096853,803.65569485959134),(779.00000000000011,131.00000000096853,884.02127085691257),(779.,131.0000000009685,1205.4835748461978),(779.00000000000011,131.00000000096853,321.46223887566345),(779.,131.00000000096853,723.29011886226988),(779.00000000000011,131.00000000096853,482.19339087030613),(779.00000000000011,131.00000000096853,562.55896686762742),(775.,125.00000000096867,1232.0315093061972),(775.,125.00000000096868,583.59383643539923),(775.,125.00000000096868,713.2808178230041),(775.,125.00000000096867,1361.7191821769957),(775.,125.0000000009687,259.37534574159656),(775.,125.0000000009687,389.06301861239479),(775.,125.00000000096868,453.90616356460083),(775.,125.00000000096868,324.21918217699567),(779.00000000000011,131.00000000096856,160.73108688102093),(779.00000000000011,131.00000000096856,241.09666287834216),(779.00000000000011,131.00000000096853,401.82781487298462),(775.,125.0000000009687,129.68767287079828),(775.,125.0000000009687,194.53150930619739),(779.00000000000011,131.00000000096856,80.365510883699685),(775.,125.0000000009687,64.84383643539914),(779.,131.00000000096847,2029.4280882061255),(779.,131.00000000096856,49.571911793874655),(775.,125.00000000096863,2050.2144764255881),(775.,125.0000000009687,24.786215057604714),(779.,131.0000000009685,1632.8526636278848),(775.,125.00000000096865,1621.093836435399),(775.,125.00000000096865,1653.5154089115022),(775.00000000000023,125.00000000096868,842.96849069380244),(779.00000000000011,131.00000000096856,24.785955896937327),(776.29179609261303,128.47213599363675,37.178946763379429),(779.,131.00000000096847,2054.2140441030629),(776.35334071385,128.56310424411654,2041.8210531410837),(776.50288297517784,128.77362235362324,2012.5631827205762),(775.,125.00000000096863,1977.7345910884976),(779.,131.00000000096847,1930.284264618376),(776.34598467684771,128.55237082058053,1961.5234380406164),(776.21831306909212,128.35989935429686,1669.7265644346169),(779.,131.0000000009685,1731.9964872156343),(776.38188705713492,128.60440887458947,1701.4248254235001),(775.,125.00000000096863,1718.3592453469012),(776.22954226080299,128.37731675918303,1641.1063242228818),(779.,131.0000000009685,1608.0667077309477),(775.,125.00000000096865,1588.6715724761029),(776.36939404766429,128.5863999731526,1595.6736906063111),(779.,131.0000000009685,1533.7088400401356),(776.4664420726217,128.72362369571718,1565.4777205594742),(775.,125.00000000096865,1523.8284275238968),(779.,131.0000000009685,1508.9228190295764),(776.38655454620709,128.611110412757,1496.5298322650522),(779.,131.0000000009685,1434.5648862251426),(775.,125.00000000096865,1458.9845910884976),(776.47907512767097,128.74104828267164,1466.628928973116),(776.11004961765525,128.18671514876948,1734.5703141250065),(776.33712501218486,128.53939389186928,1765.1776894390025),(775.,125.00000000096863,1783.2023902991073),(779.,131.0000000009685,1831.1403108033835),(776.33286875227748,128.53314029502957,1799.4140638150075),(776.20229518646977,128.33488284461117,1827.3800818694556),(775.,125.00000000096863,1848.0469182176996),(779.,131.0000000009685,1855.9263318139426),(776.29617886435233,128.47870318171644,1868.3193010448554),(775.,125.00000000096863,1912.8900631699055),(776.4230644152492,128.66303745675179,1899.5267023165425),(776.13081530895113,128.22069919426085,1928.08467608724),(779.,131.0000000009685,1335.4210626373933),(779.,131.00000000096847,2004.6421323091881),(779.,131.00000000096853,1004.5696348528945),(775.,125.00000000096867,1005.0777360407038),(776.30409114667361,128.4905238710692,1021.2890675306172),(776.27992883238699,128.454283725903,988.86719268536251),(776.20556789386865,128.34001064095202,1049.3605198669736),(779.,131.00000000096853,1084.9352108502158),(775.,125.00000000096867,1069.9222639592961),(776.20064045567335,128.33228690132182,960.88057405415441),(779.,131.00000000096853,924.20405885557307),(775.,125.00000000096867,940.23459108849772),(776.10649162656091,128.18085425641971,1086.1328172217193),(776.24848237427523,128.40647361935413,1115.0382152652332),(779.,131.0000000009685,1165.300786847537),(775.,125.00000000096867,1134.7654089115022),(776.59323306383556,128.89421469034102,1145.2093853926688),(776.10553164023861,128.17927099436537,924.02344299525123),(776.25786459601602,128.42081555857152,894.93809400820498),(779.,131.00000000096853,843.83848285825184),(775.,125.00000000096867,875.39006316990549),(776.51488674618702,128.78991712814511,863.92988960143725),(775.,125.00000000096867,810.5469182176995),(776.31308843986574,128.50391094446439,826.75781845802362),(776.16568269544825,128.27692728357496,794.33594361315636),(779.00000000000011,131.00000000096853,763.47290686093061),(776.19825199942557,128.32853602792744,766.37164563805663),(775.,125.00000000096867,745.70239029910726),(776.13198577957019,128.22260354238364,729.4921939220103),(779.,131.00000000096853,683.10733086360926),(776.32797130292079,128.52592897360512,699.00748345157763),(775.00000000000023,125.00000000096868,680.85924534690139),(776.34945011874379,128.55743198366682,664.64844422851468),(776.30852469195361,128.49712777342558,1172.277384343317),(775.,125.00000000096867,1199.6099368300945),(776.17972800476969,128.29928946680792,1215.820316602435),(779.,131.0000000009685,1245.6663628448584),(776.19573107850965,128.32457216987035,1243.7367400854173),(775.,125.00000000096867,1264.4530817823002),(776.12398594133572,128.20956419041269,1280.6640662929283),(779.,131.0000000009685,1310.6351067404562),(775.,125.00000000096865,1329.2976097008925),(776.37671249445418,128.59696232612191,1323.0280801681122),(776.47159911810604,128.73074855963088,1353.103647458709),(775.,125.00000000096867,1394.1407546530986),(779.,131.0000000009685,1409.7789303282057),(776.39182790413554,128.61866447800483,1422.1719385091496),(776.21750077684169,128.35863560031106,636.36726571746442),(779.,131.00000000096853,602.74175486628781),(775.,125.00000000096868,616.01540891150216),(776.11142330050711,128.18897494183454,599.80469453787839),(776.23382668555439,128.38393643742415,571.17718229697948),(779.00000000000011,131.00000000096853,522.37617886896669),(775.,125.00000000096868,551.17157247610294),(776.72717566517611,129.06474825378831,542.46760868193564),(775.,125.00000000096868,486.32842752389695),(776.38911145326949,128.61477546925573,502.53906999162064),(779.00000000000011,131.00000000096853,442.01060287164535),(775.,125.00000000096868,421.48459108849789),(776.2073307485997,128.34276921439451,470.11719514567528),(776.19379056640309,128.32151745968773,442.24060391341436),(776.11365189711466,128.1926375724606,405.27344544538283),(779.00000000000011,131.00000000096853,361.64502687432417),(776.29556952616724,128.47779097661066,375.44764511301139),(775.,125.00000000096868,356.64075465309872),(776.39424028296571,128.62211408013241,345.40551166829556),(779.,131.0000000009685,1657.6386195248222),(779.,131.0000000009685,1459.3509072357017),(779.,131.0000000009685,1360.2070185343309),(779.,131.0000000009685,1558.4947959370727),(776.10225718603374,128.17386440609442,1987.2009474139156),(779.,131.0000000009685,1756.7824431125714),(775.00000000000023,125.0000000009687,226.95308178230042),(779.00000000000011,131.00000000096856,200.91387487968143),(776.1725147044159,128.28782515348837,210.74219558565272),(776.37444122883596,128.59368816733891,179.27721956333014),(775.,125.0000000009687,162.1099368300944),(779.00000000000011,131.00000000096856,120.54829888236019),(775.,125.0000000009687,97.265408911502149),(776.26061018957694,128.42499999906627,145.89843864144697),(776.19686910020619,128.32636220959941,238.68037336705908),(779.00000000000011,131.00000000096853,281.27945087700289),(776.13998568393015,128.23558775042139,113.47656245659773),(776.20713109016992,128.34245690620804,85.346977770409822),(776.38372186700281,128.607045004745,267.50628566055036),(775.,125.0000000009687,291.79760970089268),(776.44793471750722,128.69791874589728,296.4179281987972),(776.69831191869173,129.02878984802877,61.387806910560812),(779.,131.00000000096847,1955.0702205153134),(779.,131.0000000009685,1707.2105313186969),(776.1706395821285,128.28483795389138,1537.3139161412446),(779.,131.0000000009685,1806.3543549064461),(779.,131.0000000009685,1905.4982436078171),(776.18130157288317,128.30178471897031,1381.1650296212117),(776.13590237305596,128.22896722332686,320.86208988827065),(805.00000000000011,145.00000000096847,2105.),(5.00000000000421,145.00000000097361,2105.),(5.00000000000421,145.00000000097364,-4.4268535584664747E-021),(-34.9999999999959,145.00000000097387,-2.1080239279016528E-022),(-34.999999999996035,145.00000000097387,2145.),(33.708203932503515,128.4721359559704,2076.2917960675004),(31.000000000003848,131.00000000097097,2079.),(382.42455740110222,131.00000000096983,2079.),(580.71227870055134,131.00000000096921,2079.),(229.28770972673306,131.00000000097035,2079.),(405.00000000000216,125.00000000096985,2075.),(590.0000439140066,125.00000000096928,2075.),(219.9999560859977,125.00000000097043,2075.),(312.49997804299994,125.00000000097013,2075.),(305.85613356391769,131.00000000097009,2079.),(481.56841805082678,131.00000000096952,2079.),(497.50002195700438,125.00000000096956,2075.),(679.85613935027584,131.0000000009689,2079.),(682.4999780429979,125.00000000096897,2074.9999999999995),(636.25001097850225,125.00000000096912,2075.),(134.1438596707815,125.0000000009707,2075.),(130.14384907700855,131.00000000097066,2079.),(179.71577940187083,131.00000000097049,2079.),(84.571973749398239,125.00000000097087,2075.),(80.571918752146331,131.00000000097083,2078.9999999999995),(729.42806967513798,131.00000000096873,2079.),(728.75003293550446,125.00000000096884,2075.),(59.786030788706633,125.00000000097093,2075.),(72.178946889085466,128.38033769744334,2076.2314963496456),(107.1907300296628,128.48886830425849,2076.3029811590723),(754.2140348375691,131.00000000096864,2079.),(741.82105265945984,128.45314022231088,2076.2791710206952),(707.67345121575806,128.50400721523178,2076.3131532832085),(531.14034837568897,131.00000000096938,2079.),(543.74998902150003,125.00000000096941,2075.),(266.25001097850429,125.00000000097029,2075.),(267.5719216453254,131.0000000009702,2079.),(55.785953589715163,131.00000000097089,2078.9999999999995),(431.99648772596458,131.00000000096969,2079.),(451.25005489250873,125.00000000096972,2075.),(286.71403204922007,128.41442529376678,2076.2536788295906),(248.42982173456144,128.52569732512492,2076.3278141714923),(630.28420902541347,131.00000000096904,2079.),(655.07017418784471,131.00000000096895,2079.),(667.46315126612683,128.39211254433275,2076.2391311648262),(221.20558586509819,128.54208848705758,2076.3389616286531),(177.07190787838957,125.00000000097056,2075.),(204.50174456430196,131.0000000009704,2079.),(358.74994510749559,125.00000000096999,2075.),(344.14034548251004,131.00000000096998,2079.),(313.91917322575028,128.5411400987704,2076.3383150320547),(155.60789315044485,128.60368570811286,2076.381383988336),(105.35788391457743,131.00000000097074,2079.),(109.3579167100899,125.00000000097079,2075.),(704.64210451270685,131.00000000096881,2079.),(506.35438321325796,131.00000000096944,2079.),(518.74736308505283,128.13954809662422,2076.0816084554458),(547.50989361256256,128.74717598345882,2076.4835346857922),(491.12650539698376,128.52774599176186,2076.329204227166),(456.7824528883956,131.00000000096961,2079.),(444.38946933028018,128.58852753953988,2076.370866193251),(414.19861308307668,128.72400278226038,2076.4667161608913),(381.87497255374876,125.00000000096992,2075.),(370.31249553382219,128.48642615354029,2076.3013448829238),(342.08349861945095,128.05189469751807,2076.029910375893),(555.9263135381201,131.00000000096929,2079.),(407.2105225635334,131.00000000096975,2079.),(613.12499242755382,128.20458621204577,2076.1209408496784),(640.21770200471883,128.60694147995414,2076.3836497818506),(586.21853315277554,128.48972799361772,2076.3035574704154),(191.53055515579155,128.39549871764274,2076.24133215554),(131.46032888544119,128.19384492508036,2076.1143871185986),(154.92981423943974,131.00000000097057,2079.),(605.49824386298235,131.00000000096912,2079.),(31.000000000004189,131.00000000097097,-2.7071678232459823E-013),(33.708203932503515,128.47213595597057,-2.7071678232459818E-013),(31.000000000004189,131.00000000097097,1285.8491045880112),(31.000000000004189,131.00000000097097,1682.424585500301),(31.000000000004121,131.00000000097097,1880.7122595438548),(35.000000000004093,125.00000000097108,1037.5),(35.000000000004093,125.00000000097108,1556.2503442687464),(35.000000000004093,125.00000000097108,1815.6251721343733),(35.000000000004093,125.00000000097108,1945.3125860671864),(35.000000000004093,125.00000000097108,1296.8755164031199),(35.000000000004093,125.00000000097108,1685.93775820156),(35.000000000004093,125.00000000097108,1880.4688791007798),(31.000000000004189,131.00000000097097,1484.136845044156),(31.000000000004054,131.000000000971,642.92455229400559),(31.000000000004189,131.00000000097097,1979.8561629782228),(31.000000000004189,131.00000000097097,1781.5684225220778),(31.000000000004189,131.00000000097097,1583.2806820659332),(31.000000000004054,131.000000000971,964.38679523471285),(31.000000000004121,131.000000000971,1125.1179499113618),(31.000000000004121,131.000000000971,1044.7524057793328),(35.000000000004093,125.00000000097108,518.74965573125337),(35.000000000004093,125.00000000097108,1750.7814651679666),(35.000000000004093,125.00000000097108,1426.5629303359331),(35.000000000004093,125.00000000097108,2010.1562930335931),(35.000000000004093,125.00000000097108,1167.1881024703064),(35.000000000004093,125.00000000097108,778.12448359688005),(35.000000000004093,125.00000000097107,1491.4066373023397),(35.000000000004093,125.00000000097108,907.8118975296934),(35.000000000004093,125.00000000097108,1102.3443955038997),(35.000000000004093,125.00000000097108,648.43706966406671),(35.000000000004093,125.00000000097108,972.65560449610007),(31.000000000004121,131.000000000971,1205.4834940433911),(31.000000000004054,131.000000000971,803.65570697065459),(31.000000000004054,131.000000000971,321.46230935329817),(31.000000000004121,131.00000000097097,1384.9930080223789),(31.000000000004121,131.000000000971,723.29009642603455),(31.000000000004121,131.000000000971,884.02125110268366),(31.000000000004054,131.000000000971,482.19339761735642),(31.000000000004054,131.000000000971,562.55900816197641),(35.000000000004093,125.00000000097108,259.37482786562668),(35.000000000004093,125.00000000097108,1361.7192233695264),(35.000000000004093,125.00000000097108,713.28077663047338),(35.000000000004093,125.00000000097108,1232.0318094367133),(35.000000000004093,125.00000000097108,583.59336269766004),(35.000000000004093,125.00000000097108,389.06224179844003),(35.000000000004093,125.00000000097108,453.9059487648467),(35.000000000004093,125.00000000097108,324.21853483203336),(31.000000000004054,131.000000000971,401.8278534853273),(31.000000000004054,131.000000000971,160.73115467664908),(31.000000000004054,131.000000000971,241.09669880867821),(35.000000000004093,125.00000000097108,129.68741393281334),(35.000000000004093,125.00000000097108,194.53112089922001),(31.000000000004054,131.000000000971,80.365610544619969),(35.000000000004093,125.00000000097108,64.843706966406671),(31.000000000004189,131.00000000097097,2029.4281146954067),(31.000000000004054,131.000000000971,49.571951717183943),(35.000000000004093,125.00000000097108,2050.2140273171858),(35.000000000004093,125.00000000097108,24.785972682814201),(35.000000000004093,125.00000000097108,1621.0940512351531),(35.000000000004093,125.00000000097108,842.96819056328684),(31.000000000003983,131.00000000097103,24.785975858591971),(33.708203933017671,128.47213595519926,37.178946858702012),(31.000000000004189,131.00000000097097,2054.2140905539986),(33.646659258859252,128.56310428387707,2041.8210532282815),(33.497116987801498,128.77362240401828,2012.563183450731),(35.000000000004093,125.00000000097108,1977.7344395503899),(31.000000000004189,131.00000000097097,1930.2842112610388),(33.654015186487214,128.55237102034673,1961.5234374455051),(33.799091331413599,128.33270782254772,1933.6064212768345),(35.000000000004093,125.00000000097108,1912.8907325839832),(31.000000000004189,131.00000000097097,1905.4982354024469),(33.712666799344106,128.4654344077268,1893.1052587893666),(31.000000000004189,131.00000000097097,1831.140307826671),(35.000000000004093,125.00000000097107,1848.0470256175765),(33.581620824375278,128.65642216011895,1861.7888930232905),(33.858988547681804,128.23724864871707,1833.3443479007453),(33.544481022715921,128.70847832664748,1801.7922625879532),(35.000000000004157,125.00000000097108,1783.2033186511699),(31.000000000004121,131.00000000097097,1731.996537217485),(33.744853376559746,128.41666762812682,1766.9921791594572),(33.782942017497199,128.35794648840366,1738.6389591580862),(35.000000000004093,125.00000000097108,1718.3596116847632),(31.000000000004189,131.00000000097097,1707.2105613588926),(33.652943094001444,128.55393765843107,1694.8175392853886),(31.000000000004189,131.00000000097097,1632.8526337831167),(35.000000000004093,125.00000000097108,1653.5159047183563),(33.548001941015684,128.70358061370726,1664.2844892369271),(31.000000000004189,131.00000000097097,1335.421056305195),(31.000000000004189,131.00000000097097,2004.6421388368146),(31.000000000004121,131.00000000097097,1533.708730348749),(31.000000000004054,131.000000000971,1004.5696005070228),(35.000000000004093,125.00000000097108,1005.0774579793034),(33.695908857286121,128.49052386517354,1021.289057624079),(33.720071161155168,128.45428373565446,988.86718277873263),(33.794432106945337,128.34001063968682,1049.3605099402648),(31.000000000004121,131.000000000971,1084.9352110516427),(35.000000000004093,125.00000000097108,1069.9225420206965),(33.799359541670654,128.33228690549936,960.88056405747534),(31.000000000004054,131.000000000971,924.20398996240283),(35.000000000004093,125.00000000097108,940.23375101289673),(33.893508374591129,128.18085425452958,1086.1328073140942),(33.751517624013083,128.40647362198541,1115.0382053525573),(31.000000000004121,131.00000000097097,1165.300688771081),(35.000000000004093,125.00000000097108,1134.7662489871032),(33.406766961552592,128.89421465711456,1145.2093756935903),(35.000000000004093,125.00000000097108,1199.6099559535096),(33.660395641370272,128.54303091661211,1183.3984318510441),(33.820272002293592,128.29928945561184,1215.8203066958583),(31.000000000004189,131.00000000097097,1245.6662993157011),(35.000000000004093,125.00000000097108,1264.4536629199165),(33.804268923049939,128.32457216742546,1243.736730042476),(33.89446835573181,128.17927100102224,924.02343308782258),(33.742135405036798,128.42081555697473,894.93808404224842),(31.000000000004121,131.000000000971,843.83851224296461),(35.000000000004093,125.00000000097108,875.39004404649017),(33.485113215947869,128.78991717941906,863.92987990318738),(33.876014063279641,128.20956418288304,1280.6640563866283),(31.000000000004189,131.00000000097097,1310.6350804466028),(35.000000000004093,125.00000000097108,1329.2973698863232),(33.623287508375256,128.59696232205383,1323.0280704654772),(33.528400892848381,128.73074854452207,1353.1036375213935),(35.000000000004093,125.00000000097107,1394.1410768527298),(31.000000000004121,131.00000000097097,1434.5649597395629),(31.000000000004189,131.00000000097097,1409.7789838809708),(33.608172099418333,128.61866447292857,1422.1719288096176),(35.000000000004093,125.00000000097108,1458.9847838191365),(33.51653215411929,128.74708423072542,1451.9700728493717),(33.69952035066666,128.48513400912037,836.60077776374817),(35.000000000004093,125.00000000097108,810.5463370800835),(33.834317294941698,128.27692729894056,794.33593370715403),(31.000000000004054,131.000000000971,763.47290169834457),(33.801747998202373,128.32853603166384,766.37163553601442),(35.000000000004093,125.00000000097108,745.70263011367672),(33.868014213650504,128.22260355341953,729.49218401674182),(31.000000000004121,131.000000000971,683.10729115372465),(33.672028701589383,128.52592896696484,699.00747340242481),(35.000000000004093,125.00000000097108,680.85892314727005),(33.650549868928358,128.55743200166521,664.64843432676707),(33.782499215981844,128.35863561148736,636.36725541459305),(31.000000000004054,131.000000000971,602.74181343428643),(35.000000000004093,125.00000000097108,616.01521618086349),(33.888576688786301,128.18897495945026,599.80468463608111),(33.76617331788502,128.38393643212473,571.17717211359297),(31.000000000004121,131.000000000971,522.37620288966639),(35.000000000004093,125.00000000097108,551.17150921445671),(33.272824267192071,129.06474833755971,542.46759900406801),(33.683002220464239,128.50970967248256,515.84065587302666),(35.000000000004093,125.00000000097108,486.32780224805003),(31.000000000004121,131.000000000971,442.0105923450464),(35.000000000004093,125.00000000097108,421.48409528164342),(33.7926692434187,128.34276922688775,470.11718525564464),(33.806209438806178,128.3215174514925,442.24059355921867),(33.886348102455457,128.19263757317603,405.27343556525676),(31.000000000004054,131.000000000971,361.64511462560819),(33.704430502146259,128.47779093422662,375.44763489639246),(35.000000000004093,125.00000000097108,356.64038831523669),(33.605759722796783,128.62211407190537,345.40550035909962),(31.000000000004121,131.00000000097097,1459.3509355981546),(31.000000000004189,131.00000000097097,1360.2070321637868),(31.000000000004189,131.00000000097097,1756.7825130760766),(33.897742697549582,128.17386459849433,1987.200947573285),(31.000000000004189,131.00000000097097,1657.6386096417089),(31.000000000004054,131.000000000971,281.2795040809882),(35.000000000004093,125.00000000097108,291.79668134883002),(33.767518685921914,128.38185929078773,308.00781103001162),(33.805448186380183,128.32271615896133,280.12215276464434),(33.660604176473569,128.54272517474038,251.99889605620083),(31.000000000004054,131.000000000971,200.91389353636825),(35.000000000004093,125.00000000097108,226.95297438242335),(33.445134480469555,128.84357734924527,221.84243849429893),(33.68339636784642,128.50912552487387,195.08139971392691),(35.000000000004093,125.00000000097108,162.10926741601668),(31.000000000004054,131.000000000971,120.54841581692997),(33.739390047525248,128.42499963796234,145.89843680442274),(35.000000000004093,125.00000000097108,97.265560449610007),(33.802468515534862,128.32740362152836,117.96435841746985),(33.894165475088577,128.1797706169443,81.054687114034323),(33.406667751932289,128.89434452464354,170.43531321194507),(35.000000000004093,125.00000000097108,1588.6721977519496),(33.5551131508442,128.69366504863723,1604.8828048591099),(33.813063881100653,128.31070302392425,1572.4609300049158),(33.75531520028121,128.40064956040032,1543.5417766081193),(31.000000000004189,131.00000000097097,1508.9227544901571),(35.000000000004093,125.00000000097108,1523.8284907855432),(33.61344545931437,128.6111104048465,1496.5298225690285),(31.000000000004121,131.00000000097097,1558.4947062073409),(33.802466711838413,128.32740645685033,1632.532914182578),(31.000000000004189,131.00000000097097,1955.0701871196309),(31.000000000004121,131.00000000097097,1855.9262836852627),(31.000000000004189,131.00000000097097,1806.3543319680787),(33.818698435492308,128.30178470570351,1381.16501955019),(31.000000000004189,131.00000000097097,1608.0666579245249)));
#3385=IFCPOLYGONALFACESET(#3384,.T.,(#2798,#2799,#2800,#2801,#2802,#2803,#2804,#2805,#2806,#2807,#2808,#2809,#2810,#2811,#2812,#2813,#2814,#2815,#2816,#2817,#2818,#2819,#2820,#2821,#2822,#2823,#2824,#2825,#2826,#2827,#2828,#2829,#2830,#2831,#2832,#2833,#2834,#2835,#2836,#2837,#2838,#2839,#2840,#2841,#2842,#2843,#2844,#2845,#2846,#2847,#2848,#2849,#2850,#2851,#2852,#2853,#2854,#2855,#2856,#2857,#2858,#2859,#2860,#2861,#2862,#2863,#2864,#2865,#2866,#2867,#2868,#2869,#2870,#2871,#2872,#2873,#2874,#2875,#2876,#2877,#2878,#2879,#2880,#2881,#2882,#2883,#2884,#2885,#2886,#2887,#2888,#2889,#2890,#2891,#2892,#2893,#2894,#2895,#2896,#2897,#2898,#2899,#2900,#2901,#2902,#2903,#2904,#2905,#2906,#2907,#2908,#2909,#2910,#2911,#2912,#2913,#2914,#2915,#2916,#2917,#2918,#2919,#2920,#2921,#2922,#2923,#2924,#2925,#2926,#2927,#2928,#2929,#2930,#2931,#2932,#2933,#2934,#2935,#2936,#2937,#2938,#2939,#2940,#2941,#2942,#2943,#2944,#2945,#2946,#2947,#2948,#2949,#2950,#2951,#2952,#2953,#2954,#2955,#2956,#2957,#2958,#2959,#2960,#2961,#2962,#2963,#2964,#2965,#2966,#2967,#2968,#2969,#2970,#2971,#2972,#2973,#2974,#2975,#2976,#2977,#2978,#2979,#2980,#2981,#2982,#2983,#2984,#2985,#2986,#2987,#2988,#2989,#2990,#2991,#2992,#2993,#2994,#2995,#2996,#2997,#2998,#2999,#3000,#3001,#3002,#3003,#3004,#3005,#3006,#3007,#3008,#3009,#3010,#3011,#3012,#3013,#3014,#3015,#3016,#3017,#3018,#3019,#3020,#3021,#3022,#3023,#3024,#3025,#3026,#3027,#3028,#3029,#3030,#3031,#3032,#3033,#3034,#3035,#3036,#3037,#3038,#3039,#3040,#3041,#3042,#3043,#3044,#3045,#3046,#3047,#3048,#3049,#3050,#3051,#3052,#3053,#3054,#3055,#3056,#3057,#3058,#3059,#3060,#3061,#3062,#3063,#3064,#3065,#3066,#3067,#3068,#3069,#3070,#3071,#3072,#3073,#3074,#3075,#3076,#3077,#3078,#3079,#3080,#3081,#3082,#3083,#3084,#3085,#3086,#3087,#3088,#3089,#3090,#3091,#3092,#3093,#3094,#3095,#3096,#3097,#3098,#3099,#3100,#3101,#3102,#3103,#3104,#3105,#3106,#3107,#3108,#3109,#3110,#3111,#3112,#3113,#3114,#3115,#3116,#3117,#3118,#3119,#3120,#3121,#3122,#3123,#3124,#3125,#3126,#3127,#3128,#3129,#3130,#3131,#3132,#3133,#3134,#3135,#3136,#3137,#3138,#3139,#3140,#3141,#3142,#3143,#3144,#3145,#3146,#3147,#3148,#3149,#3150,#3151,#3152,#3153,#3154,#3155,#3156,#3157,#3158,#3159,#3160,#3161,#3162,#3163,#3164,#3165,#3166,#3167,#3168,#3169,#3170,#3171,#3172,#3173,#3174,#3175,#3176,#3177,#3178,#3179,#3180,#3181,#3182,#3183,#3184,#3185,#3186,#3187,#3188,#3189,#3190,#3191,#3192,#3193,#3194,#3195,#3196,#3197,#3198,#3199,#3200,#3201,#3202,#3203,#3204,#3205,#3206,#3207,#3208,#3209,#3210,#3211,#3212,#3213,#3214,#3215,#3216,#3217,#3218,#3219,#3220,#3221,#3222,#3223,#3224,#3225,#3226,#3227,#3228,#3229,#3230,#3231,#3232,#3233,#3234,#3235,#3236,#3237,#3238,#3239,#3240,#3241,#3242,#3243,#3244,#3245,#3246,#3247,#3248,#3249,#3250,#3251,#3252,#3253,#3254,#3255,#3256,#3257,#3258,#3259,#3260,#3261,#3262,#3263,#3264,#3265,#3266,#3267,#3268,#3269,#3270,#3271,#3272,#3273,#3274,#3275,#3276,#3277,#3278,#3279,#3280,#3281,#3282,#3283,#3284,#3285,#3286,#3287,#3288,#3289,#3290,#3291,#3292,#3293,#3294,#3295,#3296,#3297,#3298,#3299,#3300,#3301,#3302,#3303,#3304,#3305,#3306,#3307,#3308,#3309,#3310,#3311,#3312,#3313,#3314,#3315,#3316,#3317,#3318,#3319,#3320,#3321,#3322,#3323,#3324,#3325,#3326,#3327,#3328,#3329,#3330,#3331,#3332,#3333,#3334,#3335,#3336,#3337,#3338,#3339,#3340,#3341,#3342,#3343,#3344,#3345,#3346,#3347,#3348,#3349,#3350,#3351,#3352,#3353,#3354,#3355,#3356,#3357,#3358,#3359,#3360,#3361,#3362,#3363,#3364,#3365,#3366,#3367,#3368,#3369,#3370,#3371,#3372,#3373,#3374,#3375,#3376,#3377,#3378,#3379,#3380,#3381,#3382,#3383),$);
#3386=IFCINDEXEDCOLOURMAP(#3385,1.,#2797,(1,1,1,1,1,1,1,1,1,1,1,1,1,1,1,1,1,1,1,1,1,1,1,1,1,1,1,1,1,1,1,1,1,1,1,1,1,1,1,1,1,1,1,1,1,1,1,1,1,1,1,1,1,1,1,1,1,1,1,1,1,1,1,1,1,1,1,1,1,1,1,1,1,1,1,1,1,1,1,1,1,1,1,1,1,1,1,1,1,1,1,1,1,1,1,1,1,1,1,1,1,1,1,1,1,1,1,1,1,1,1,1,1,1,1,1,1,1,1,1,1,1,1,1,1,1,1,1,1,1,1,1,1,1,1,1,1,1,1,1,1,1,1,1,1,1,1,1,1,1,1,1,1,1,1,1,1,1,1,1,1,1,1,1,1,1,1,1,1,1,1,1,1,1,1,1,1,1,1,1,1,1,1,1,1,1,1,1,1,1,1,1,1,1,1,1,1,1,1,1,1,1,1,1,1,1,1,1,1,1,1,1,1,1,1,1,1,1,1,1,1,1,1,1,1,1,1,1,1,1,1,1,1,1,1,1,1,1,1,1,1,1,1,1,1,1,1,1,1,1,1,1,1,1,1,1,1,1,1,1,1,1,1,1,1,1,1,1,1,1,1,1,1,1,1,1,1,1,1,1,1,1,1,1,1,1,1,1,1,1,1,1,1,1,1,1,1,1,1,1,1,1,1,1,1,1,1,1,1,1,1,1,1,1,1,1,1,1,1,1,1,1,1,1,1,1,1,1,1,1,1,1,1,1,1,1,1,1,1,1,1,1,1,1,1,1,1,1,1,1,1,1,1,1,1,1,1,1,1,1,1,1,1,1,1,1,1,1,1,1,1,1,1,1,1,1,1,1,1,1,1,1,1,1,1,1,1,1,1,1,1,1,1,1,1,1,1,1,1,1,1,1,1,1,1,1,1,1,1,1,1,1,1,1,1,1,1,1,1,1,1,1,1,1,1,1,1,1,1,1,1,1,1,1,1,1,1,1,1,1,1,1,1,1,1,1,1,1,1,1,1,1,1,1,1,1,1,1,1,1,1,1,1,1,1,1,1,1,1,1,1,1,1,1,1,1,1,1,1,1,1,1,1,1,1,1,1,1,1,1,1,1,1,1,1,1,1,1,1,1,1,1,1,1,1,1,1,1,1,1,1,1,1,1,1,1,1,1,1,1,1,1,1,1,1,1,1,1,1,1,1,1,1,1,1,1,1,1,1,1,1,1,1,1,1,1,1,1,1,1,1,1,1,1,1,1,1,1,1,1,1,1,1,1,1,1,1,1,1,1,1,1,1,1,1,1,1,1,1,1,1,1,1,1,1,1));
#3387=IFCSTYLEDITEM(#3385,(#1719),$);
#3388=IFCCOLOURRGBLIST(((0.83137254901960789,0.70196078431372544,0.44313725490196076)));
#3389=IFCINDEXEDPOLYGONALFACE((1,2,3,4));
#3390=IFCINDEXEDPOLYGONALFACE((2,1,5,6,7,8,9,10));
#3391=IFCINDEXEDPOLYGONALFACE((3,2,10,11));
#3392=IFCINDEXEDPOLYGONALFACE((4,3,11,12,13,14,15,16));
#3393=IFCINDEXEDPOLYGONALFACE((1,4,16,5));
#3394=IFCINDEXEDPOLYGONALFACE((11,10,9,12));
#3395=IFCINDEXEDPOLYGONALFACE((5,16,15,6));
#3396=IFCINDEXEDPOLYGONALFACE((7,14,13,8));
#3397=IFCINDEXEDPOLYGONALFACE((12,9,8,13));
#3398=IFCINDEXEDPOLYGONALFACE((6,15,14,7));
#3399=IFCCARTESIANPOINTLIST3D(((40.000000000005997,85.000000000963723,0.),(59.00000000000513,85.000000000963666,0.),(59.000000000005066,53.000000000963816,0.),(40.000000000005933,53.00000000096388,0.),(40.000000000006068,85.000000000963723,2070.),(769.99999999999955,85.000000000961307,2070.),(769.99999999999955,85.000000000961307,-1.8047785488306544E-013),(751.00000000000068,85.000000000961393,-1.8047785488306534E-013),(751.00000000000068,85.000000000961421,2051.0000000000009),(59.00000000000513,85.000000000963666,2051.0000000000009),(59.00000000000513,53.000000000963816,2051.0000000000009),(751.00000000000034,53.000000000961585,2051.0000000000009),(751.00000000000034,53.000000000961585,-1.8047785488306534E-013),(769.99999999999955,53.000000000961528,-1.8047785488306544E-013),(769.99999999999955,53.000000000961514,2070.),(40.000000000005997,53.00000000096388,2070.)));
#3400=IFCPOLYGONALFACESET(#3399,.T.,(#3389,#3390,#3391,#3392,#3393,#3394,#3395,#3396,#3397,#3398),$);
#3401=IFCINDEXEDCOLOURMAP(#3400,1.,#3388,(1,1,1,1,1,1,1,1,1,1));
#3402=IFCSTYLEDITEM(#3400,(#1737),$);
#3403=IFCCOLOURRGBLIST(((0.60392156862745094,0.35294117647058826,0.019607843137254902)));
#3404=IFCINDEXEDPOLYGONALFACE((2,3,4,5,6,1));
#3405=IFCINDEXEDPOLYGONALFACE((277,278,279,280,281,282));
#3406=IFCINDEXEDPOLYGONALFACE((2,1,7,8));
#3407=IFCINDEXEDPOLYGONALFACE((2,8,205,282,281,338,334,455,331,452,332,449,320,444,327,436,325,430,326,428,301,425,324,421,310,417,322,413,306,409,340,395,308,380,311,372,286,377,309,384,305,386,323,390,290,399,321,402,303,406,307,464,287,459,339,366,291,362,302,358,288,354,292,350,289,346,304,337,206,229,225,255,222,248,214,237,215,250,264,212,241,218,236,213,221,220,228,9,66,31,77,20,105,21,102,18,98,34,83,19,70,69,86,16,90,35,94,30,152,52,149,17,146,49,142,32,123,36,116,15,111,40,119,39,128,71,130,37,135,51,139,38,157,50,161,33,163,55,166,54,172,56,193,53,180,61,184,60,186,63,67,3));
#3408=IFCINDEXEDPOLYGONALFACE((66,9,10));
#3409=IFCINDEXEDPOLYGONALFACE((4,3,67,63,73));
#3410=IFCINDEXEDPOLYGONALFACE((122,28,124));
#3411=IFCINDEXEDPOLYGONALFACE((112,111,15));
#3412=IFCINDEXEDPOLYGONALFACE((198,89,177));
#3413=IFCINDEXEDPOLYGONALFACE((55,163,167));
#3414=IFCINDEXEDPOLYGONALFACE((18,100,98));
#3415=IFCINDEXEDPOLYGONALFACE((180,182,61));
#3416=IFCINDEXEDPOLYGONALFACE((74,75,10));
#3417=IFCINDEXEDPOLYGONALFACE((201,52,152));
#3418=IFCINDEXEDPOLYGONALFACE((178,79,77));
#3419=IFCINDEXEDPOLYGONALFACE((19,82,80));
#3420=IFCINDEXEDPOLYGONALFACE((174,84,80));
#3421=IFCINDEXEDPOLYGONALFACE((107,106,105));
#3422=IFCINDEXEDPOLYGONALFACE((104,102,21));
#3423=IFCINDEXEDPOLYGONALFACE((98,100,97));
#3424=IFCINDEXEDPOLYGONALFACE((140,138,137));
#3425=IFCINDEXEDPOLYGONALFACE((86,87,89));
#3426=IFCINDEXEDPOLYGONALFACE((74,64,75));
#3427=IFCINDEXEDPOLYGONALFACE((110,113,112));
#3428=IFCINDEXEDPOLYGONALFACE((35,95,94));
#3429=IFCINDEXEDPOLYGONALFACE((145,143,49));
#3430=IFCINDEXEDPOLYGONALFACE((29,112,114));
#3431=IFCINDEXEDPOLYGONALFACE((151,108,150));
#3432=IFCINDEXEDPOLYGONALFACE((77,79,20));
#3433=IFCINDEXEDPOLYGONALFACE((121,28,115));
#3434=IFCINDEXEDPOLYGONALFACE((191,190,62));
#3435=IFCINDEXEDPOLYGONALFACE((13,80,82));
#3436=IFCINDEXEDPOLYGONALFACE((92,95,35));
#3437=IFCINDEXEDPOLYGONALFACE((116,120,114));
#3438=IFCINDEXEDPOLYGONALFACE((136,133,46));
#3439=IFCINDEXEDPOLYGONALFACE((155,158,157));
#3440=IFCINDEXEDPOLYGONALFACE((132,37,130));
#3441=IFCINDEXEDPOLYGONALFACE((117,40,113));
#3442=IFCINDEXEDPOLYGONALFACE((94,95,154));
#3443=IFCINDEXEDPOLYGONALFACE((128,39,126));
#3444=IFCINDEXEDPOLYGONALFACE((120,36,121));
#3445=IFCINDEXEDPOLYGONALFACE((147,146,17));
#3446=IFCINDEXEDPOLYGONALFACE((59,170,171));
#3447=IFCINDEXEDPOLYGONALFACE((132,133,134));
#3448=IFCINDEXEDPOLYGONALFACE((162,48,160));
#3449=IFCINDEXEDPOLYGONALFACE((155,38,140));
#3450=IFCINDEXEDPOLYGONALFACE((141,142,143));
#3451=IFCINDEXEDPOLYGONALFACE((159,50,158));
#3452=IFCINDEXEDPOLYGONALFACE((137,138,46));
#3453=IFCINDEXEDPOLYGONALFACE((148,150,108));
#3454=IFCINDEXEDPOLYGONALFACE((73,195,65));
#3455=IFCINDEXEDPOLYGONALFACE((172,171,173));
#3456=IFCINDEXEDPOLYGONALFACE((169,54,166));
#3457=IFCINDEXEDPOLYGONALFACE((187,190,60));
#3458=IFCINDEXEDPOLYGONALFACE((182,180,188));
#3459=IFCINDEXEDPOLYGONALFACE((188,53,192));
#3460=IFCINDEXEDPOLYGONALFACE((169,168,165));
#3461=IFCINDEXEDPOLYGONALFACE((4,73,65,72,5));
#3462=IFCINDEXEDPOLYGONALFACE((10,11,74));
#3463=IFCINDEXEDPOLYGONALFACE((185,190,187));
#3464=IFCINDEXEDPOLYGONALFACE((191,186,190));
#3465=IFCINDEXEDPOLYGONALFACE((195,63,191));
#3466=IFCINDEXEDPOLYGONALFACE((31,75,76));
#3467=IFCINDEXEDPOLYGONALFACE((66,75,31));
#3468=IFCINDEXEDPOLYGONALFACE((89,87,27));
#3469=IFCINDEXEDPOLYGONALFACE((80,70,19));
#3470=IFCINDEXEDPOLYGONALFACE((84,70,80));
#3471=IFCINDEXEDPOLYGONALFACE((125,126,39));
#3472=IFCINDEXEDPOLYGONALFACE((75,64,76));
#3473=IFCINDEXEDPOLYGONALFACE((10,75,66));
#3474=IFCINDEXEDPOLYGONALFACE((76,64,109));
#3475=IFCINDEXEDPOLYGONALFACE((79,178,25));
#3476=IFCINDEXEDPOLYGONALFACE((107,196,78,200));
#3477=IFCINDEXEDPOLYGONALFACE((76,178,31));
#3478=IFCINDEXEDPOLYGONALFACE((21,105,106));
#3479=IFCINDEXEDPOLYGONALFACE((196,107,79));
#3480=IFCINDEXEDPOLYGONALFACE((96,82,83));
#3481=IFCINDEXEDPOLYGONALFACE((174,68,85,84));
#3482=IFCINDEXEDPOLYGONALFACE((97,179,96));
#3483=IFCINDEXEDPOLYGONALFACE((83,34,96));
#3484=IFCINDEXEDPOLYGONALFACE((96,197,82));
#3485=IFCINDEXEDPOLYGONALFACE((82,19,83));
#3486=IFCINDEXEDPOLYGONALFACE((69,70,84));
#3487=IFCINDEXEDPOLYGONALFACE((84,85,87));
#3488=IFCINDEXEDPOLYGONALFACE((85,27,87));
#3489=IFCINDEXEDPOLYGONALFACE((87,69,84));
#3490=IFCINDEXEDPOLYGONALFACE((69,87,86));
#3491=IFCINDEXEDPOLYGONALFACE((89,16,86));
#3492=IFCINDEXEDPOLYGONALFACE((89,27,177));
#3493=IFCINDEXEDPOLYGONALFACE((198,92,90));
#3494=IFCINDEXEDPOLYGONALFACE((91,92,198));
#3495=IFCINDEXEDPOLYGONALFACE((89,198,16));
#3496=IFCINDEXEDPOLYGONALFACE((24,92,91));
#3497=IFCINDEXEDPOLYGONALFACE((90,92,35));
#3498=IFCINDEXEDPOLYGONALFACE((93,153,154));
#3499=IFCINDEXEDPOLYGONALFACE((92,24,95));
#3500=IFCINDEXEDPOLYGONALFACE((95,24,175,93));
#3501=IFCINDEXEDPOLYGONALFACE((95,93,154));
#3502=IFCINDEXEDPOLYGONALFACE((97,96,34));
#3503=IFCINDEXEDPOLYGONALFACE((198,177,88,91));
#3504=IFCINDEXEDPOLYGONALFACE((179,81,197,96));
#3505=IFCINDEXEDPOLYGONALFACE((97,34,98));
#3506=IFCINDEXEDPOLYGONALFACE((101,100,18));
#3507=IFCINDEXEDPOLYGONALFACE((97,100,22));
#3508=IFCINDEXEDPOLYGONALFACE((101,199,100));
#3509=IFCINDEXEDPOLYGONALFACE((104,14,103));
#3510=IFCINDEXEDPOLYGONALFACE((99,199,101,103));
#3511=IFCINDEXEDPOLYGONALFACE((101,18,102));
#3512=IFCINDEXEDPOLYGONALFACE((104,101,102));
#3513=IFCINDEXEDPOLYGONALFACE((104,103,101));
#3514=IFCINDEXEDPOLYGONALFACE((104,106,14));
#3515=IFCINDEXEDPOLYGONALFACE((52,201,151));
#3516=IFCINDEXEDPOLYGONALFACE((106,104,21));
#3517=IFCINDEXEDPOLYGONALFACE((107,200,106));
#3518=IFCINDEXEDPOLYGONALFACE((105,20,107));
#3519=IFCINDEXEDPOLYGONALFACE((79,107,20));
#3520=IFCINDEXEDPOLYGONALFACE((113,40,111));
#3521=IFCINDEXEDPOLYGONALFACE((148,12,144,147));
#3522=IFCINDEXEDPOLYGONALFACE((178,109,25));
#3523=IFCINDEXEDPOLYGONALFACE((113,26,117));
#3524=IFCINDEXEDPOLYGONALFACE((114,112,15));
#3525=IFCINDEXEDPOLYGONALFACE((29,110,112));
#3526=IFCINDEXEDPOLYGONALFACE((112,113,111));
#3527=IFCINDEXEDPOLYGONALFACE((26,113,110));
#3528=IFCINDEXEDPOLYGONALFACE((120,116,36));
#3529=IFCINDEXEDPOLYGONALFACE((114,15,116));
#3530=IFCINDEXEDPOLYGONALFACE((121,115,120));
#3531=IFCINDEXEDPOLYGONALFACE((115,29,114));
#3532=IFCINDEXEDPOLYGONALFACE((125,118,126));
#3533=IFCINDEXEDPOLYGONALFACE((125,117,118));
#3534=IFCINDEXEDPOLYGONALFACE((117,26,118));
#3535=IFCINDEXEDPOLYGONALFACE((119,125,39));
#3536=IFCINDEXEDPOLYGONALFACE((119,40,117));
#3537=IFCINDEXEDPOLYGONALFACE((114,120,115));
#3538=IFCINDEXEDPOLYGONALFACE((141,122,124));
#3539=IFCINDEXEDPOLYGONALFACE((124,32,141));
#3540=IFCINDEXEDPOLYGONALFACE((121,36,123));
#3541=IFCINDEXEDPOLYGONALFACE((121,124,28));
#3542=IFCINDEXEDPOLYGONALFACE((121,123,124));
#3543=IFCINDEXEDPOLYGONALFACE((32,124,123));
#3544=IFCINDEXEDPOLYGONALFACE((117,125,119));
#3545=IFCINDEXEDPOLYGONALFACE((126,118,43));
#3546=IFCINDEXEDPOLYGONALFACE((71,128,129));
#3547=IFCINDEXEDPOLYGONALFACE((129,43,127));
#3548=IFCINDEXEDPOLYGONALFACE((129,126,43));
#3549=IFCINDEXEDPOLYGONALFACE((131,130,71));
#3550=IFCINDEXEDPOLYGONALFACE((127,131,129));
#3551=IFCINDEXEDPOLYGONALFACE((128,126,129));
#3552=IFCINDEXEDPOLYGONALFACE((71,129,131));
#3553=IFCINDEXEDPOLYGONALFACE((127,42,131));
#3554=IFCINDEXEDPOLYGONALFACE((132,131,42));
#3555=IFCINDEXEDPOLYGONALFACE((131,132,130));
#3556=IFCINDEXEDPOLYGONALFACE((134,136,135));
#3557=IFCINDEXEDPOLYGONALFACE((132,42,133));
#3558=IFCINDEXEDPOLYGONALFACE((37,132,134));
#3559=IFCINDEXEDPOLYGONALFACE((134,133,136));
#3560=IFCINDEXEDPOLYGONALFACE((135,136,51));
#3561=IFCINDEXEDPOLYGONALFACE((135,37,134));
#3562=IFCINDEXEDPOLYGONALFACE((38,139,140));
#3563=IFCINDEXEDPOLYGONALFACE((136,138,51));
#3564=IFCINDEXEDPOLYGONALFACE((46,138,136));
#3565=IFCINDEXEDPOLYGONALFACE((137,23,140));
#3566=IFCINDEXEDPOLYGONALFACE((140,139,138));
#3567=IFCINDEXEDPOLYGONALFACE((139,51,138));
#3568=IFCINDEXEDPOLYGONALFACE((155,140,23));
#3569=IFCINDEXEDPOLYGONALFACE((142,49,143));
#3570=IFCINDEXEDPOLYGONALFACE((44,122,141));
#3571=IFCINDEXEDPOLYGONALFACE((141,32,142));
#3572=IFCINDEXEDPOLYGONALFACE((145,147,144));
#3573=IFCINDEXEDPOLYGONALFACE((141,143,44));
#3574=IFCINDEXEDPOLYGONALFACE((145,144,143));
#3575=IFCINDEXEDPOLYGONALFACE((144,44,143));
#3576=IFCINDEXEDPOLYGONALFACE((147,145,146));
#3577=IFCINDEXEDPOLYGONALFACE((145,49,146));
#3578=IFCINDEXEDPOLYGONALFACE((17,150,147));
#3579=IFCINDEXEDPOLYGONALFACE((150,17,149));
#3580=IFCINDEXEDPOLYGONALFACE((150,148,147));
#3581=IFCINDEXEDPOLYGONALFACE((149,151,150));
#3582=IFCINDEXEDPOLYGONALFACE((151,149,52));
#3583=IFCINDEXEDPOLYGONALFACE((154,152,30,94));
#3584=IFCINDEXEDPOLYGONALFACE((201,176,151));
#3585=IFCINDEXEDPOLYGONALFACE((201,153,41,176));
#3586=IFCINDEXEDPOLYGONALFACE((153,201,154));
#3587=IFCINDEXEDPOLYGONALFACE((158,156,159));
#3588=IFCINDEXEDPOLYGONALFACE((158,155,156));
#3589=IFCINDEXEDPOLYGONALFACE((155,23,156));
#3590=IFCINDEXEDPOLYGONALFACE((157,158,50));
#3591=IFCINDEXEDPOLYGONALFACE((157,38,155));
#3592=IFCINDEXEDPOLYGONALFACE((159,156,48));
#3593=IFCINDEXEDPOLYGONALFACE((160,164,162));
#3594=IFCINDEXEDPOLYGONALFACE((162,159,48));
#3595=IFCINDEXEDPOLYGONALFACE((162,33,161));
#3596=IFCINDEXEDPOLYGONALFACE((164,163,33));
#3597=IFCINDEXEDPOLYGONALFACE((161,50,159));
#3598=IFCINDEXEDPOLYGONALFACE((161,159,162));
#3599=IFCINDEXEDPOLYGONALFACE((33,162,164));
#3600=IFCINDEXEDPOLYGONALFACE((160,47,164));
#3601=IFCINDEXEDPOLYGONALFACE((165,168,167));
#3602=IFCINDEXEDPOLYGONALFACE((167,164,47));
#3603=IFCINDEXEDPOLYGONALFACE((164,167,163));
#3604=IFCINDEXEDPOLYGONALFACE((167,168,55));
#3605=IFCINDEXEDPOLYGONALFACE((165,167,47));
#3606=IFCINDEXEDPOLYGONALFACE((169,165,59));
#3607=IFCINDEXEDPOLYGONALFACE((166,55,168));
#3608=IFCINDEXEDPOLYGONALFACE((168,169,166));
#3609=IFCINDEXEDPOLYGONALFACE((171,172,54));
#3610=IFCINDEXEDPOLYGONALFACE((169,171,54));
#3611=IFCINDEXEDPOLYGONALFACE((59,171,169));
#3612=IFCINDEXEDPOLYGONALFACE((173,171,170));
#3613=IFCINDEXEDPOLYGONALFACE((170,45,173));
#3614=IFCINDEXEDPOLYGONALFACE((172,173,56));
#3615=IFCINDEXEDPOLYGONALFACE((194,202,45));
#3616=IFCINDEXEDPOLYGONALFACE((80,13,174));
#3617=IFCINDEXEDPOLYGONALFACE((31,178,77));
#3618=IFCINDEXEDPOLYGONALFACE((176,108,151));
#3619=IFCINDEXEDPOLYGONALFACE((178,76,109));
#3620=IFCINDEXEDPOLYGONALFACE((97,22,179));
#3621=IFCINDEXEDPOLYGONALFACE((182,58,181));
#3622=IFCINDEXEDPOLYGONALFACE((188,58,182));
#3623=IFCINDEXEDPOLYGONALFACE((61,182,183));
#3624=IFCINDEXEDPOLYGONALFACE((183,181,57));
#3625=IFCINDEXEDPOLYGONALFACE((181,183,182));
#3626=IFCINDEXEDPOLYGONALFACE((187,183,57));
#3627=IFCINDEXEDPOLYGONALFACE((187,60,184));
#3628=IFCINDEXEDPOLYGONALFACE((184,61,183));
#3629=IFCINDEXEDPOLYGONALFACE((183,187,184));
#3630=IFCINDEXEDPOLYGONALFACE((60,190,186));
#3631=IFCINDEXEDPOLYGONALFACE((185,187,57));
#3632=IFCINDEXEDPOLYGONALFACE((180,53,188));
#3633=IFCINDEXEDPOLYGONALFACE((192,193,194));
#3634=IFCINDEXEDPOLYGONALFACE((189,192,194));
#3635=IFCINDEXEDPOLYGONALFACE((188,192,58));
#3636=IFCINDEXEDPOLYGONALFACE((62,190,185));
#3637=IFCINDEXEDPOLYGONALFACE((62,65,195));
#3638=IFCINDEXEDPOLYGONALFACE((63,186,191));
#3639=IFCINDEXEDPOLYGONALFACE((192,53,193));
#3640=IFCINDEXEDPOLYGONALFACE((58,192,189));
#3641=IFCINDEXEDPOLYGONALFACE((56,173,202));
#3642=IFCINDEXEDPOLYGONALFACE((202,193,56));
#3643=IFCINDEXEDPOLYGONALFACE((45,189,194));
#3644=IFCINDEXEDPOLYGONALFACE((63,195,73));
#3645=IFCINDEXEDPOLYGONALFACE((62,195,191));
#3646=IFCINDEXEDPOLYGONALFACE((79,25,196));
#3647=IFCINDEXEDPOLYGONALFACE((197,13,82));
#3648=IFCINDEXEDPOLYGONALFACE((16,198,90));
#3649=IFCINDEXEDPOLYGONALFACE((199,22,100));
#3650=IFCINDEXEDPOLYGONALFACE((200,14,106));
#3651=IFCINDEXEDPOLYGONALFACE((154,201,152));
#3652=IFCINDEXEDPOLYGONALFACE((45,202,173));
#3653=IFCINDEXEDPOLYGONALFACE((193,202,194));
#3654=IFCINDEXEDPOLYGONALFACE((6,5,72,65,62,185,57,181,58,189,45,170,59,165,47,160,48,156,23,137,46,133,42,127,43,118,26,110,29,115,28,122,44,144,12,148,108,176,41,153,93,175,24,91,88,177,27,85,68,174,13,197,81,179,22,199,99,103,14,200,78,196,25,109,64,74,11,203));
#3655=IFCINDEXEDPOLYGONALFACE((1,6,203,276,278,277,204,7));
#3656=IFCINDEXEDPOLYGONALFACE((8,7,204,205));
#3657=IFCINDEXEDPOLYGONALFACE((207,239,230));
#3658=IFCINDEXEDPOLYGONALFACE((209,263,265));
#3659=IFCINDEXEDPOLYGONALFACE((263,240,262));
#3660=IFCINDEXEDPOLYGONALFACE((262,241,263));
#3661=IFCINDEXEDPOLYGONALFACE((234,219,256,227));
#3662=IFCINDEXEDPOLYGONALFACE((271,275,269));
#3663=IFCINDEXEDPOLYGONALFACE((259,258,235));
#3664=IFCINDEXEDPOLYGONALFACE((242,238,216));
#3665=IFCINDEXEDPOLYGONALFACE((232,10,233));
#3666=IFCINDEXEDPOLYGONALFACE((247,211,243));
#3667=IFCINDEXEDPOLYGONALFACE((252,215,242));
#3668=IFCINDEXEDPOLYGONALFACE((243,211,238));
#3669=IFCINDEXEDPOLYGONALFACE((262,240,261));
#3670=IFCINDEXEDPOLYGONALFACE((236,259,271));
#3671=IFCINDEXEDPOLYGONALFACE((213,269,221));
#3672=IFCINDEXEDPOLYGONALFACE((9,228,233));
#3673=IFCINDEXEDPOLYGONALFACE((220,221,246));
#3674=IFCINDEXEDPOLYGONALFACE((224,272,253));
#3675=IFCINDEXEDPOLYGONALFACE((229,206,207));
#3676=IFCINDEXEDPOLYGONALFACE((248,272,214));
#3677=IFCINDEXEDPOLYGONALFACE((230,231,225));
#3678=IFCINDEXEDPOLYGONALFACE((273,255,231));
#3679=IFCINDEXEDPOLYGONALFACE((234,227,233));
#3680=IFCINDEXEDPOLYGONALFACE((233,228,234));
#3681=IFCINDEXEDPOLYGONALFACE((207,230,229));
#3682=IFCINDEXEDPOLYGONALFACE((225,229,230));
#3683=IFCINDEXEDPOLYGONALFACE((231,226,254,223));
#3684=IFCINDEXEDPOLYGONALFACE((226,231,230));
#3685=IFCINDEXEDPOLYGONALFACE((223,253,273));
#3686=IFCINDEXEDPOLYGONALFACE((233,227,232));
#3687=IFCINDEXEDPOLYGONALFACE((232,11,10));
#3688=IFCINDEXEDPOLYGONALFACE((239,207,208));
#3689=IFCINDEXEDPOLYGONALFACE((9,233,10));
#3690=IFCINDEXEDPOLYGONALFACE((228,220,234));
#3691=IFCINDEXEDPOLYGONALFACE((219,246,245));
#3692=IFCINDEXEDPOLYGONALFACE((257,258,260));
#3693=IFCINDEXEDPOLYGONALFACE((236,258,259));
#3694=IFCINDEXEDPOLYGONALFACE((242,237,243));
#3695=IFCINDEXEDPOLYGONALFACE((247,243,214));
#3696=IFCINDEXEDPOLYGONALFACE((239,226,230));
#3697=IFCINDEXEDPOLYGONALFACE((260,241,262));
#3698=IFCINDEXEDPOLYGONALFACE((252,242,216));
#3699=IFCINDEXEDPOLYGONALFACE((215,237,242));
#3700=IFCINDEXEDPOLYGONALFACE((242,243,238));
#3701=IFCINDEXEDPOLYGONALFACE((214,243,237));
#3702=IFCINDEXEDPOLYGONALFACE((234,220,246));
#3703=IFCINDEXEDPOLYGONALFACE((245,246,270));
#3704=IFCINDEXEDPOLYGONALFACE((234,246,219));
#3705=IFCINDEXEDPOLYGONALFACE((221,269,270));
#3706=IFCINDEXEDPOLYGONALFACE((222,253,248));
#3707=IFCINDEXEDPOLYGONALFACE((272,249,247));
#3708=IFCINDEXEDPOLYGONALFACE((264,263,241,212));
#3709=IFCINDEXEDPOLYGONALFACE((249,272,224));
#3710=IFCINDEXEDPOLYGONALFACE((249,211,247));
#3711=IFCINDEXEDPOLYGONALFACE((266,215,252));
#3712=IFCINDEXEDPOLYGONALFACE((216,251,252));
#3713=IFCINDEXEDPOLYGONALFACE((251,265,266));
#3714=IFCINDEXEDPOLYGONALFACE((273,253,222));
#3715=IFCINDEXEDPOLYGONALFACE((253,223,274,224));
#3716=IFCINDEXEDPOLYGONALFACE((258,218,260));
#3717=IFCINDEXEDPOLYGONALFACE((255,225,231));
#3718=IFCINDEXEDPOLYGONALFACE((257,235,258));
#3719=IFCINDEXEDPOLYGONALFACE((236,218,258));
#3720=IFCINDEXEDPOLYGONALFACE((259,235,267));
#3721=IFCINDEXEDPOLYGONALFACE((267,271,259));
#3722=IFCINDEXEDPOLYGONALFACE((241,260,218));
#3723=IFCINDEXEDPOLYGONALFACE((257,260,261,217));
#3724=IFCINDEXEDPOLYGONALFACE((260,262,261));
#3725=IFCINDEXEDPOLYGONALFACE((250,265,264));
#3726=IFCINDEXEDPOLYGONALFACE((263,209,268,240));
#3727=IFCINDEXEDPOLYGONALFACE((264,265,263));
#3728=IFCINDEXEDPOLYGONALFACE((266,265,250));
#3729=IFCINDEXEDPOLYGONALFACE((251,209,265));
#3730=IFCINDEXEDPOLYGONALFACE((215,266,250));
#3731=IFCINDEXEDPOLYGONALFACE((251,266,252));
#3732=IFCINDEXEDPOLYGONALFACE((271,269,213));
#3733=IFCINDEXEDPOLYGONALFACE((271,267,210,275));
#3734=IFCINDEXEDPOLYGONALFACE((270,269,244));
#3735=IFCINDEXEDPOLYGONALFACE((245,270,244));
#3736=IFCINDEXEDPOLYGONALFACE((221,270,246));
#3737=IFCINDEXEDPOLYGONALFACE((271,213,236));
#3738=IFCINDEXEDPOLYGONALFACE((214,272,247));
#3739=IFCINDEXEDPOLYGONALFACE((253,272,248));
#3740=IFCINDEXEDPOLYGONALFACE((255,273,222));
#3741=IFCINDEXEDPOLYGONALFACE((223,273,231));
#3742=IFCINDEXEDPOLYGONALFACE((275,244,269));
#3743=IFCINDEXEDPOLYGONALFACE((203,11,232,227,256,219,245,244,275,210,267,235,257,217,261,240,268,209,251,216,238,211,249,224,274,223,254,226,239,208,276));
#3744=IFCINDEXEDPOLYGONALFACE((205,204,277,282));
#3745=IFCINDEXEDPOLYGONALFACE((437,327,445));
#3746=IFCINDEXEDPOLYGONALFACE((355,292,354));
#3747=IFCINDEXEDPOLYGONALFACE((294,418,419));
#3748=IFCINDEXEDPOLYGONALFACE((375,286,373));
#3749=IFCINDEXEDPOLYGONALFACE((345,335,344));
#3750=IFCINDEXEDPOLYGONALFACE((367,364,291));
#3751=IFCINDEXEDPOLYGONALFACE((379,393,317));
#3752=IFCINDEXEDPOLYGONALFACE((388,323,386));
#3753=IFCINDEXEDPOLYGONALFACE((352,292,355));
#3754=IFCINDEXEDPOLYGONALFACE((441,304,346));
#3755=IFCINDEXEDPOLYGONALFACE((207,206,337));
#3756=IFCINDEXEDPOLYGONALFACE((338,281,280,342,334));
#3757=IFCINDEXEDPOLYGONALFACE((471,405,402));
#3758=IFCINDEXEDPOLYGONALFACE((295,441,348));
#3759=IFCINDEXEDPOLYGONALFACE((471,439,315,404));
#3760=IFCINDEXEDPOLYGONALFACE((398,400,397));
#3761=IFCINDEXEDPOLYGONALFACE((331,456,454));
#3762=IFCINDEXEDPOLYGONALFACE((346,348,441));
#3763=IFCINDEXEDPOLYGONALFACE((364,362,291));
#3764=IFCINDEXEDPOLYGONALFACE((466,297,461));
#3765=IFCINDEXEDPOLYGONALFACE((396,394,317));
#3766=IFCINDEXEDPOLYGONALFACE((392,380,308));
#3767=IFCINDEXEDPOLYGONALFACE((298,371,374));
#3768=IFCINDEXEDPOLYGONALFACE((319,420,423));
#3769=IFCINDEXEDPOLYGONALFACE((358,360,357));
#3770=IFCINDEXEDPOLYGONALFACE((407,303,405));
#3771=IFCINDEXEDPOLYGONALFACE((304,345,344));
#3772=IFCINDEXEDPOLYGONALFACE((389,397,391));
#3773=IFCINDEXEDPOLYGONALFACE((380,392,378));
#3774=IFCINDEXEDPOLYGONALFACE((372,374,373));
#3775=IFCINDEXEDPOLYGONALFACE((374,378,298));
#3776=IFCINDEXEDPOLYGONALFACE((382,309,381));
#3777=IFCINDEXEDPOLYGONALFACE((414,322,416));
#3778=IFCINDEXEDPOLYGONALFACE((374,372,311));
#3779=IFCINDEXEDPOLYGONALFACE((384,309,382));
#3780=IFCINDEXEDPOLYGONALFACE((412,410,306));
#3781=IFCINDEXEDPOLYGONALFACE((342,336,457));
#3782=IFCINDEXEDPOLYGONALFACE((464,465,462));
#3783=IFCINDEXEDPOLYGONALFACE((310,418,417));
#3784=IFCINDEXEDPOLYGONALFACE((280,279,341,336,342));
#3785=IFCINDEXEDPOLYGONALFACE((343,208,207));
#3786=IFCINDEXEDPOLYGONALFACE((429,431,432));
#3787=IFCINDEXEDPOLYGONALFACE((319,426,424));
#3788=IFCINDEXEDPOLYGONALFACE((327,444,445));
#3789=IFCINDEXEDPOLYGONALFACE((439,471,401));
#3790=IFCINDEXEDPOLYGONALFACE((414,413,322));
#3791=IFCINDEXEDPOLYGONALFACE((388,389,391));
#3792=IFCINDEXEDPOLYGONALFACE((421,422,419));
#3793=IFCINDEXEDPOLYGONALFACE((433,429,432));
#3794=IFCINDEXEDPOLYGONALFACE((428,431,427));
#3795=IFCINDEXEDPOLYGONALFACE((435,325,436));
#3796=IFCINDEXEDPOLYGONALFACE((433,325,435));
#3797=IFCINDEXEDPOLYGONALFACE((332,451,450));
#3798=IFCINDEXEDPOLYGONALFACE((452,331,454));
#3799=IFCINDEXEDPOLYGONALFACE((450,330,447));
#3800=IFCINDEXEDPOLYGONALFACE((453,454,456));
#3801=IFCINDEXEDPOLYGONALFACE((344,207,337));
#3802=IFCINDEXEDPOLYGONALFACE((367,291,366));
#3803=IFCINDEXEDPOLYGONALFACE((207,344,343));
#3804=IFCINDEXEDPOLYGONALFACE((336,333,457));
#3805=IFCINDEXEDPOLYGONALFACE((459,461,460));
#3806=IFCINDEXEDPOLYGONALFACE((409,410,408));
#3807=IFCINDEXEDPOLYGONALFACE((343,344,335));
#3808=IFCINDEXEDPOLYGONALFACE((304,344,337));
#3809=IFCINDEXEDPOLYGONALFACE((346,289,348));
#3810=IFCINDEXEDPOLYGONALFACE((441,369,345));
#3811=IFCINDEXEDPOLYGONALFACE((349,348,289));
#3812=IFCINDEXEDPOLYGONALFACE((469,356,353));
#3813=IFCINDEXEDPOLYGONALFACE((295,369,441));
#3814=IFCINDEXEDPOLYGONALFACE((349,468,348));
#3815=IFCINDEXEDPOLYGONALFACE((285,351,352));
#3816=IFCINDEXEDPOLYGONALFACE((347,468,349,351));
#3817=IFCINDEXEDPOLYGONALFACE((349,289,350));
#3818=IFCINDEXEDPOLYGONALFACE((352,349,350));
#3819=IFCINDEXEDPOLYGONALFACE((349,352,351));
#3820=IFCINDEXEDPOLYGONALFACE((350,292,352));
#3821=IFCINDEXEDPOLYGONALFACE((353,356,357));
#3822=IFCINDEXEDPOLYGONALFACE((352,355,285));
#3823=IFCINDEXEDPOLYGONALFACE((356,355,354));
#3824=IFCINDEXEDPOLYGONALFACE((356,469,355));
#3825=IFCINDEXEDPOLYGONALFACE((354,288,356));
#3826=IFCINDEXEDPOLYGONALFACE((357,356,288));
#3827=IFCINDEXEDPOLYGONALFACE((302,360,358));
#3828=IFCINDEXEDPOLYGONALFACE((357,296,470,353));
#3829=IFCINDEXEDPOLYGONALFACE((357,288,358));
#3830=IFCINDEXEDPOLYGONALFACE((361,440,360));
#3831=IFCINDEXEDPOLYGONALFACE((360,302,361));
#3832=IFCINDEXEDPOLYGONALFACE((357,360,296));
#3833=IFCINDEXEDPOLYGONALFACE((364,284,363));
#3834=IFCINDEXEDPOLYGONALFACE((359,440,361,363));
#3835=IFCINDEXEDPOLYGONALFACE((361,302,362));
#3836=IFCINDEXEDPOLYGONALFACE((364,361,362));
#3837=IFCINDEXEDPOLYGONALFACE((364,363,361));
#3838=IFCINDEXEDPOLYGONALFACE((467,339,460));
#3839=IFCINDEXEDPOLYGONALFACE((467,472,365,442));
#3840=IFCINDEXEDPOLYGONALFACE((367,284,364));
#3841=IFCINDEXEDPOLYGONALFACE((467,366,339));
#3842=IFCINDEXEDPOLYGONALFACE((331,455,456));
#3843=IFCINDEXEDPOLYGONALFACE((467,442,367));
#3844=IFCINDEXEDPOLYGONALFACE((368,400,398));
#3845=IFCINDEXEDPOLYGONALFACE((321,399,401));
#3846=IFCINDEXEDPOLYGONALFACE((369,335,345));
#3847=IFCINDEXEDPOLYGONALFACE((466,461,462));
#3848=IFCINDEXEDPOLYGONALFACE((286,372,373));
#3849=IFCINDEXEDPOLYGONALFACE((371,300,373));
#3850=IFCINDEXEDPOLYGONALFACE((375,373,300));
#3851=IFCINDEXEDPOLYGONALFACE((374,311,378));
#3852=IFCINDEXEDPOLYGONALFACE((373,374,371));
#3853=IFCINDEXEDPOLYGONALFACE((381,376,382));
#3854=IFCINDEXEDPOLYGONALFACE((381,375,376));
#3855=IFCINDEXEDPOLYGONALFACE((375,300,376));
#3856=IFCINDEXEDPOLYGONALFACE((377,381,309));
#3857=IFCINDEXEDPOLYGONALFACE((377,286,375));
#3858=IFCINDEXEDPOLYGONALFACE((378,311,380));
#3859=IFCINDEXEDPOLYGONALFACE((393,379,392));
#3860=IFCINDEXEDPOLYGONALFACE((379,298,378));
#3861=IFCINDEXEDPOLYGONALFACE((375,381,377));
#3862=IFCINDEXEDPOLYGONALFACE((382,376,299));
#3863=IFCINDEXEDPOLYGONALFACE((305,384,385));
#3864=IFCINDEXEDPOLYGONALFACE((385,299,383));
#3865=IFCINDEXEDPOLYGONALFACE((385,382,299));
#3866=IFCINDEXEDPOLYGONALFACE((387,386,305));
#3867=IFCINDEXEDPOLYGONALFACE((383,387,385));
#3868=IFCINDEXEDPOLYGONALFACE((384,382,385));
#3869=IFCINDEXEDPOLYGONALFACE((305,385,387));
#3870=IFCINDEXEDPOLYGONALFACE((383,312,387));
#3871=IFCINDEXEDPOLYGONALFACE((388,387,312));
#3872=IFCINDEXEDPOLYGONALFACE((387,388,386));
#3873=IFCINDEXEDPOLYGONALFACE((391,323,388));
#3874=IFCINDEXEDPOLYGONALFACE((388,312,389));
#3875=IFCINDEXEDPOLYGONALFACE((397,290,390));
#3876=IFCINDEXEDPOLYGONALFACE((397,389,283,398));
#3877=IFCINDEXEDPOLYGONALFACE((390,323,391));
#3878=IFCINDEXEDPOLYGONALFACE((392,308,393));
#3879=IFCINDEXEDPOLYGONALFACE((378,392,379));
#3880=IFCINDEXEDPOLYGONALFACE((408,394,396));
#3881=IFCINDEXEDPOLYGONALFACE((396,340,408));
#3882=IFCINDEXEDPOLYGONALFACE((393,308,395));
#3883=IFCINDEXEDPOLYGONALFACE((393,396,317));
#3884=IFCINDEXEDPOLYGONALFACE((393,395,396));
#3885=IFCINDEXEDPOLYGONALFACE((340,396,395));
#3886=IFCINDEXEDPOLYGONALFACE((391,397,390));
#3887=IFCINDEXEDPOLYGONALFACE((399,400,401));
#3888=IFCINDEXEDPOLYGONALFACE((400,368,401));
#3889=IFCINDEXEDPOLYGONALFACE((400,290,397));
#3890=IFCINDEXEDPOLYGONALFACE((290,400,399));
#3891=IFCINDEXEDPOLYGONALFACE((401,368,439));
#3892=IFCINDEXEDPOLYGONALFACE((404,405,471));
#3893=IFCINDEXEDPOLYGONALFACE((465,406,407));
#3894=IFCINDEXEDPOLYGONALFACE((401,471,321));
#3895=IFCINDEXEDPOLYGONALFACE((407,406,303));
#3896=IFCINDEXEDPOLYGONALFACE((403,405,404));
#3897=IFCINDEXEDPOLYGONALFACE((402,405,303));
#3898=IFCINDEXEDPOLYGONALFACE((405,403,407));
#3899=IFCINDEXEDPOLYGONALFACE((407,403,438,293));
#3900=IFCINDEXEDPOLYGONALFACE((407,293,465));
#3901=IFCINDEXEDPOLYGONALFACE((409,306,410));
#3902=IFCINDEXEDPOLYGONALFACE((313,394,408));
#3903=IFCINDEXEDPOLYGONALFACE((408,340,409));
#3904=IFCINDEXEDPOLYGONALFACE((412,414,411));
#3905=IFCINDEXEDPOLYGONALFACE((408,410,313));
#3906=IFCINDEXEDPOLYGONALFACE((412,411,410));
#3907=IFCINDEXEDPOLYGONALFACE((411,313,410));
#3908=IFCINDEXEDPOLYGONALFACE((414,412,413));
#3909=IFCINDEXEDPOLYGONALFACE((412,306,413));
#3910=IFCINDEXEDPOLYGONALFACE((418,416,417));
#3911=IFCINDEXEDPOLYGONALFACE((414,316,411));
#3912=IFCINDEXEDPOLYGONALFACE((418,415,416));
#3913=IFCINDEXEDPOLYGONALFACE((414,416,316));
#3914=IFCINDEXEDPOLYGONALFACE((316,416,415));
#3915=IFCINDEXEDPOLYGONALFACE((416,322,417));
#3916=IFCINDEXEDPOLYGONALFACE((419,418,310));
#3917=IFCINDEXEDPOLYGONALFACE((294,415,418));
#3918=IFCINDEXEDPOLYGONALFACE((422,421,324));
#3919=IFCINDEXEDPOLYGONALFACE((419,310,421));
#3920=IFCINDEXEDPOLYGONALFACE((423,420,422));
#3921=IFCINDEXEDPOLYGONALFACE((420,294,419));
#3922=IFCINDEXEDPOLYGONALFACE((422,324,423));
#3923=IFCINDEXEDPOLYGONALFACE((419,422,420));
#3924=IFCINDEXEDPOLYGONALFACE((301,427,426));
#3925=IFCINDEXEDPOLYGONALFACE((427,424,426));
#3926=IFCINDEXEDPOLYGONALFACE((423,324,425));
#3927=IFCINDEXEDPOLYGONALFACE((423,426,319));
#3928=IFCINDEXEDPOLYGONALFACE((423,425,426));
#3929=IFCINDEXEDPOLYGONALFACE((301,426,425));
#3930=IFCINDEXEDPOLYGONALFACE((326,431,428));
#3931=IFCINDEXEDPOLYGONALFACE((318,424,427));
#3932=IFCINDEXEDPOLYGONALFACE((427,301,428));
#3933=IFCINDEXEDPOLYGONALFACE((431,429,318));
#3934=IFCINDEXEDPOLYGONALFACE((431,326,432));
#3935=IFCINDEXEDPOLYGONALFACE((325,433,430));
#3936=IFCINDEXEDPOLYGONALFACE((427,431,318));
#3937=IFCINDEXEDPOLYGONALFACE((326,430,432));
#3938=IFCINDEXEDPOLYGONALFACE((432,430,433));
#3939=IFCINDEXEDPOLYGONALFACE((445,443,314));
#3940=IFCINDEXEDPOLYGONALFACE((433,328,429));
#3941=IFCINDEXEDPOLYGONALFACE((435,436,437));
#3942=IFCINDEXEDPOLYGONALFACE((433,435,328));
#3943=IFCINDEXEDPOLYGONALFACE((328,435,434));
#3944=IFCINDEXEDPOLYGONALFACE((327,437,436));
#3945=IFCINDEXEDPOLYGONALFACE((435,437,434));
#3946=IFCINDEXEDPOLYGONALFACE((314,434,437));
#3947=IFCINDEXEDPOLYGONALFACE((440,296,360));
#3948=IFCINDEXEDPOLYGONALFACE((304,441,345));
#3949=IFCINDEXEDPOLYGONALFACE((443,446,447));
#3950=IFCINDEXEDPOLYGONALFACE((442,284,367));
#3951=IFCINDEXEDPOLYGONALFACE((445,444,446));
#3952=IFCINDEXEDPOLYGONALFACE((443,445,446));
#3953=IFCINDEXEDPOLYGONALFACE((437,445,314));
#3954=IFCINDEXEDPOLYGONALFACE((444,320,446));
#3955=IFCINDEXEDPOLYGONALFACE((447,446,320));
#3956=IFCINDEXEDPOLYGONALFACE((451,448,450));
#3957=IFCINDEXEDPOLYGONALFACE((443,447,330));
#3958=IFCINDEXEDPOLYGONALFACE((447,320,449));
#3959=IFCINDEXEDPOLYGONALFACE((449,450,447));
#3960=IFCINDEXEDPOLYGONALFACE((332,450,449));
#3961=IFCINDEXEDPOLYGONALFACE((448,330,450));
#3962=IFCINDEXEDPOLYGONALFACE((332,452,458));
#3963=IFCINDEXEDPOLYGONALFACE((448,451,458));
#3964=IFCINDEXEDPOLYGONALFACE((454,453,329));
#3965=IFCINDEXEDPOLYGONALFACE((458,452,454));
#3966=IFCINDEXEDPOLYGONALFACE((456,333,453));
#3967=IFCINDEXEDPOLYGONALFACE((458,454,329));
#3968=IFCINDEXEDPOLYGONALFACE((334,457,455));
#3969=IFCINDEXEDPOLYGONALFACE((456,455,457));
#3970=IFCINDEXEDPOLYGONALFACE((342,457,334));
#3971=IFCINDEXEDPOLYGONALFACE((456,457,333));
#3972=IFCINDEXEDPOLYGONALFACE((448,458,329));
#3973=IFCINDEXEDPOLYGONALFACE((458,451,332));
#3974=IFCINDEXEDPOLYGONALFACE((459,460,339));
#3975=IFCINDEXEDPOLYGONALFACE((459,287,461));
#3976=IFCINDEXEDPOLYGONALFACE((472,467,460));
#3977=IFCINDEXEDPOLYGONALFACE((461,287,462));
#3978=IFCINDEXEDPOLYGONALFACE((460,461,297));
#3979=IFCINDEXEDPOLYGONALFACE((465,293,463));
#3980=IFCINDEXEDPOLYGONALFACE((465,464,307,406));
#3981=IFCINDEXEDPOLYGONALFACE((462,287,464));
#3982=IFCINDEXEDPOLYGONALFACE((370,466,462,463));
#3983=IFCINDEXEDPOLYGONALFACE((465,463,462));
#3984=IFCINDEXEDPOLYGONALFACE((366,467,367));
#3985=IFCINDEXEDPOLYGONALFACE((468,295,348));
#3986=IFCINDEXEDPOLYGONALFACE((469,285,355));
#3987=IFCINDEXEDPOLYGONALFACE((321,471,402));
#3988=IFCINDEXEDPOLYGONALFACE((460,297,472));
#3989=IFCINDEXEDPOLYGONALFACE((276,208,343,335,369,295,468,347,351,285,469,353,470,296,440,359,363,284,442,365,472,297,466,370,463,293,438,403,404,315,439,368,398,283,389,312,383,299,376,300,371,298,379,317,394,313,411,316,415,294,420,319,424,318,429,328,434,314,443,330,448,329,453,333,336,341,279,278));
#3990=IFCCARTESIANPOINTLIST3D(((-34.999999999996035,-20.000000000000021,0.),(-34.999999999996035,-1.3535839116229909E-013,0.),(35.000000000003887,-1.4381829060994279E-013,0.),(33.708203932503238,-3.4721359549996333,0.),(31.000000000003848,-5.9999999999999893,0.),(5.0000000000039391,-20.000000000000021,0.),(-34.999999999995971,-20.000000000000021,2145.),(-34.999999999995971,-1.3535839116229909E-013,2144.9999999999995),(35.000000000003887,-1.3535839116229909E-013,2074.9999999999995),(33.708203932503238,-3.4721359549996249,2076.2917960675009),(31.000000000004054,-5.999999999999905,2078.9999999999995),(31.000000000004054,-5.9999999999999218,1285.8491233702218),(31.000000000004054,-5.9999999999999138,1682.4245942419093),(31.000000000004054,-5.999999999999905,1880.7122971209544),(35.000000000003958,-5.9219296133505847E-014,1037.5),(35.000000000003958,-4.2299497238218464E-014,1556.2499999999998),(35.000000000003958,-5.0759396685862162E-014,1296.8746542584036),(35.000000000003887,-3.3839597790574773E-014,1815.6253457415964),(35.000000000003958,-3.3839597790574773E-014,1685.9376728707982),(35.000000000003958,-2.5379698342931081E-014,1945.3130186123947),(35.000000000003958,-3.3839597790574773E-014,1880.4691821769954),(31.000000000004054,-5.9999999999999138,1781.5684456814317),(31.000000000003983,-5.9999999999999387,642.92456168511092),(31.000000000003983,-5.9999999999999218,1484.1368913628642),(31.000000000004054,-5.999999999999905,1979.8561485604769),(31.000000000004054,-5.9999999999999387,964.38687508446503),(31.000000000004054,-5.9999999999999138,1583.2807428023866),(31.000000000004054,-5.9999999999999307,1125.1179666705448),(31.000000000004054,-5.9999999999999307,1044.7524208775046),(35.000000000003958,-4.2299497238218464E-014,1426.5623271292015),(35.000000000003958,-2.5379698342931081E-014,2010.1561635646005),(35.000000000003958,-5.0759396685862162E-014,1167.1869813876051),(35.000000000003887,-7.6139095028793243E-014,518.75),(35.000000000003887,-3.3839597790574773E-014,1750.7815093061972),(35.000000000003958,-4.2299497238218464E-014,1491.4061635646008),(35.000000000003958,-5.9219296133505847E-014,1102.3438364353992),(35.000000000003958,-6.7679195581149545E-014,778.12534574159656),(35.000000000003958,-6.7679195581149545E-014,648.43767287079822),(35.000000000003887,-6.7679195581149545E-014,907.81301861239479),(35.000000000003958,-5.9219296133505847E-014,972.65616356460077),(31.000000000004054,-5.9999999999999218,1384.9929748097445),(31.000000000004054,-5.9999999999999476,803.65571838478797),(31.000000000004054,-5.9999999999999387,884.02132929142499),(31.000000000004054,-5.9999999999999387,1205.4835124635847),(31.000000000003983,-5.9999999999999556,321.4622482857568),(31.000000000003983,-5.9999999999999387,723.29010747815084),(31.000000000003983,-5.9999999999999476,482.19340498543386),(31.000000000003983,-5.9999999999999476,562.5590158920711),(35.000000000003958,-5.0759396685862162E-014,1232.0308178230043),(35.000000000003958,-7.6139095028793243E-014,583.59383643539923),(35.000000000003958,-6.7679195581149545E-014,713.28150930619745),(35.000000000003958,-5.0759396685862162E-014,1361.7184906938028),(35.000000000003958,-8.4598994476436928E-014,259.37465425840338),(35.000000000003887,-8.4598994476436928E-014,389.06232712920166),(35.000000000003887,-7.6139095028793243E-014,453.90616356460083),(35.000000000003958,-8.4598994476436928E-014,324.21849069380255),(31.000000000003983,-5.9999999999999556,160.73115669967706),(31.000000000003983,-5.9999999999999556,241.09670249271704),(31.000000000003983,-5.9999999999999556,401.82779407879679),(35.000000000003823,-9.3058893924080626E-014,129.68698138760516),(35.000000000003958,-8.4598994476436928E-014,194.5308178230043),(31.000000000003983,-5.9999999999999556,80.365610906637073),(35.000000000003887,-9.3058893924080626E-014,64.84383643539914),(31.000000000004054,-5.999999999999905,2029.4281068370369),(31.000000000003983,-5.9999999999999645,49.571958276559897),(35.000000000003958,-3.3839597790574773E-014,2050.2137849423953),(35.000000000003887,-8.4598994476436928E-014,24.786215057604714),(31.000000000004054,-5.9999999999999138,1632.8527010789467),(35.000000000003958,-3.3839597790574773E-014,1621.093836435399),(35.000000000003958,-4.2299497238218464E-014,1653.5154089115022),(35.000000000003958,-6.7679195581149545E-014,842.96918217699579),(31.000000000003983,-5.9999999999999645,24.785946581481401),(33.708203907390946,-3.4721359926681479,37.178946763379464),(31.000000000004054,-5.999999999999905,2054.2140534185182),(33.646659286153998,-3.5631042431479689,2041.8210531410834),(33.497117024826217,-3.7736223526546606,2012.5631827205759),(35.000000000003958,-3.3839597790574773E-014,1977.7345910884976),(31.000000000004054,-5.9999999999999138,1930.284190283917),(33.654015323156209,-3.552370819611915,1961.5234380406164),(33.781686930911853,-3.3598993533282591,1669.7265644346169),(31.000000000003983,-5.9999999999999218,1731.9964874048719),(33.618112942869175,-3.604408873620907,1701.4248254235008),(35.000000000003958,-3.3839597790574773E-014,1718.3599368300945),(33.770457739201078,-3.3773167582144712,1641.1063242228818),(31.000000000004054,-5.9999999999999218,1608.0666893838682),(35.000000000003958,-4.2299497238218464E-014,1588.6722639592961),(33.630605952339678,-3.5863999721839832,1595.6736906063109),(31.000000000004054,-5.9999999999999218,1533.7087845258268),(33.533557927382383,-3.7236236947486021,1565.4777205594739),(35.000000000003958,-5.0759396685862162E-014,1523.8277360407037),(31.000000000004054,-5.9999999999999218,1508.9228379443457),(33.613445453797027,-3.6111104117884096,1496.5298322650522),(31.000000000003983,-5.9999999999999218,1434.5649330863043),(35.000000000003958,-5.0759396685862162E-014,1458.9845910884976),(33.520924872333055,-3.741048281703073,1466.6289289731155),(33.889950382348808,-3.1867151478008915,1734.5703141250069),(33.662874987819144,-3.5393938909006657,1765.177689439003),(35.000000000003958,-3.3839597790574773E-014,1783.2030817823004),(31.000000000004054,-5.9999999999999138,1831.1404039579918),(33.66713124772663,-3.5331402940610119,1799.4140638150079),(33.797704813534253,-3.3348828436425633,1827.3800818694565),(35.000000000003958,-3.3839597790574773E-014,1848.0476097008925),(31.000000000004054,-5.9999999999999218,1855.9263505394731),(33.703821135651786,-3.4787031807478574,1868.3193010448551),(35.000000000003958,-3.3839597790574773E-014,1912.8907546530988),(33.576935584754835,-3.6630374557832224,1899.5267023165422),(33.869184691052951,-3.220699193292242,1928.0846760872398),(31.000000000004054,-5.9999999999999218,1335.4210816467817),(31.000000000004054,-5.999999999999905,2004.6420951419582),(31.000000000004054,-5.9999999999999387,1004.569647980985),(35.000000000003958,-5.9219296133505847E-014,1005.0784275238968),(33.695908853330472,-3.4905238701006107,1021.2890675306174),(33.720071167616979,-3.4542837249343727,988.86719268536262),(33.794432106135417,-3.3400106399834169,1049.3605198669741),(31.000000000004054,-5.9999999999999387,1084.935193774025),(35.000000000003958,-5.9219296133505847E-014,1069.9215724761029),(33.79935954433072,-3.3322869003532305,960.88057405415441),(31.000000000004054,-5.9999999999999387,924.20410218794495),(35.000000000003958,-5.9219296133505847E-014,940.23459108849772),(33.893508373443154,-3.1808542554510852,1086.1328172217193),(33.751517625728688,-3.4064736183855304,1115.038215265233),(31.000000000004054,-5.9999999999999387,1165.300739567065),(35.000000000003958,-5.9219296133505847E-014,1134.7654089115022),(33.406766936168424,-3.8942146893724305,1145.2093853926685),(33.894468359765426,-3.179270993396766,924.02344299525112),(33.742135403988044,-3.4208155576029275,894.93809400820476),(31.000000000004054,-5.9999999999999387,843.83855639490525),(35.000000000003958,-5.9219296133505847E-014,875.39075465309861),(33.485113253816948,-3.7899171271765226,863.92988960143714),(35.000000000003958,-6.7679195581149545E-014,810.54760970089262),(33.686911560138292,-3.5039109434957934,826.75781845802351),(33.834317304555796,-3.2769272826063727,794.33594361315636),(31.000000000003983,-5.9999999999999387,763.47288037467081),(33.801748000578456,-3.3285360269588486,766.37164563805698),(35.000000000003958,-6.7679195581149545E-014,745.70308178230039),(33.868014220433921,-3.2226035414150407,729.4921939220103),(31.000000000003983,-5.9999999999999476,683.10733458163088),(33.672028697083171,-3.5259289726365211,699.00748345157763),(35.000000000003887,-7.6139095028793243E-014,680.8599368300944),(33.650549881260318,-3.5574319826982093,664.64844422851468),(33.691475308050421,-3.4971277724569765,1172.277384343317),(35.000000000003958,-5.0759396685862162E-014,1199.6092453469012),(33.820271995234251,-3.2992894658393266,1215.8203166024352),(31.000000000004054,-5.9999999999999218,1245.6662853601047),(33.804268921494334,-3.3245721689017649,1243.7367400854178),(35.000000000003958,-5.0759396685862162E-014,1264.4523902991073),(33.876014058668247,-3.2095641894441007,1280.6640662929287),(31.000000000004054,-5.9999999999999218,1310.6350699517031),(35.000000000003958,-5.0759396685862162E-014,1329.2969182176994),(33.623287505549854,-3.5969623251533047,1323.0280801681122),(33.528400881897952,-3.7307485586623068,1353.1036474587095),(35.000000000003958,-5.0759396685862162E-014,1394.1400631699053),(31.000000000004054,-5.9999999999999218,1409.778986504823),(33.60817209586849,-3.6186644770362335,1422.1719385091496),(33.78249922316234,-3.3586355993424504,636.36726571746453),(31.000000000003983,-5.9999999999999476,602.74178878859084),(35.000000000003887,-7.6139095028793243E-014,616.01540891150216),(33.888576699496873,-3.1889749408659234,599.80469453787839),(33.766173314449624,-3.3839364364555373,571.17718229697948),(31.000000000003983,-5.9999999999999556,522.37624299555114),(35.000000000003958,-7.6139095028793243E-014,551.17226395929606),(33.272824334827888,-4.0647482528196663,542.46760868193553),(35.000000000003887,-7.6139095028793243E-014,486.32773604070383),(33.610888546734664,-3.6147754682871134,502.53906999162064),(31.000000000003983,-5.9999999999999476,442.01056697531675),(35.000000000003958,-7.6139095028793243E-014,421.48459108849789),(33.792669251404305,-3.3427692134259064,470.11719514567528),(33.806209433600976,-3.3215174587191223,442.24060391341442),(33.88634810288935,-3.1926375714919883,405.27344544538283),(31.000000000003983,-5.9999999999999556,361.64502118227676),(33.704430473836794,-3.4777909756420518,375.44764511301145),(35.000000000003887,-8.4598994476436928E-014,356.64006316990555),(33.605759717038438,-3.6221140791637825,345.40551166829573),(31.000000000004054,-5.9999999999999218,1657.638647660428),(31.000000000003983,-5.9999999999999218,1459.3508796677859),(31.000000000004054,-5.9999999999999218,1360.207028228263),(31.000000000004054,-5.9999999999999218,1558.4947962209058),(33.89774281397019,-3.1738644051258151,1987.2009474139156),(31.000000000004054,-5.9999999999999138,1756.7824990999504),(35.000000000003887,-8.4598994476436928E-014,226.95239029910729),(31.000000000003983,-5.9999999999999556,200.91392959619702),(33.827485295588119,-3.2878251525197641,210.74219558565269),(33.625558771168002,-3.593688166370288,179.27721956333016),(35.000000000003887,-9.3058893924080626E-014,162.10924534690128),(31.000000000003983,-5.9999999999999645,120.54838380315707),(35.000000000003958,-8.4598994476436928E-014,97.265408911502149),(33.739389810427092,-3.4249999980976558,145.898438641447),(33.803130899797871,-3.3263622086307878,238.68037336705893),(31.000000000004054,-5.9999999999999556,281.27947538923678),(33.860014316073908,-3.2355877494527849,113.47656245659775),(33.792868909834191,-3.3424569052394366,85.346977770409893),(33.616278133001295,-3.6070450037764137,267.50628566055019),(35.000000000003887,-8.4598994476436928E-014,291.79691821769961),(33.552065282496727,-3.6979187449286837,296.41792819879686),(33.301688081312314,-4.028789847060156,61.387806910560869),(31.000000000004054,-5.999999999999905,1955.0702019789956),(31.000000000004054,-5.9999999999999138,1707.2105408233906),(33.82936041787562,-3.2848379529227953,1537.3139161412441),(31.000000000004054,-5.9999999999999218,1806.3543922629133),(31.000000000004054,-5.999999999999905,1905.4982437024357),(33.818698427120864,-3.3017847180017244,1381.1650296212117),(33.864097626948016,-3.2289672223582757,320.86208988827059),(5.0000000000039391,-20.000000000000071,2105.),(844.99999999999989,-20.000000000000021,2145.),(844.99999999999989,-1.3535839116229909E-013,2145.),(774.99999999999989,-1.3535839116229909E-013,2075.),(776.29179606750051,-3.4721359549995912,2076.2917960675009),(779.00000000000023,-5.9999999999999893,2079.),(427.57543716181891,-5.9999999999999893,2079.),(229.28772436727132,-5.9999999999999893,2079.),(580.7122756327326,-5.9999999999999893,2079.),(404.99995608600159,-5.0759396685862162E-014,2075.),(219.99993412900253,-5.9219296133505847E-014,2075.),(589.99997804300074,-4.2299497238218464E-014,2075.),(497.49996706450128,-5.0759396685862162E-014,2075.),(504.14385061091576,-5.9999999999999893,2079.),(328.43158655090508,-5.9999999999999893,2079.),(312.49994510750213,-5.0759396685862162E-014,2075.),(130.14386218363745,-5.9999999999999893,2079.),(127.50001097850344,-6.7679195581149545E-014,2074.9999999999995),(173.749972553753,-6.7679195581149545E-014,2075.),(675.85606426825848,-3.3839597790574773E-014,2075.),(679.85613781636641,-5.9999999999999893,2079.0000000000005),(630.28420672454956,-5.9999999999999893,2079.),(725.42803213412924,-2.5379698342931081E-014,2075.),(729.42806890818326,-5.9999999999999982,2079.),(80.57193109182063,-5.9999999999999893,2079.),(81.249961575253465,-6.7679195581149545E-014,2075.),(750.21405998106479,-2.5379698342931081E-014,2075.),(737.82105311091857,-3.3803376964724698,2076.2314963496456),(702.80926997034123,-3.4888683032877217,2076.3029811590723),(55.785965545912241,-5.9999999999999893,2079.),(68.17894734054417,-3.453140221342176,2076.2791710206948),(102.32654878424594,-3.5040072142629679,2076.3131532832085),(278.85965545908817,-5.9999999999999893,2079.),(266.24998353225254,-6.7679195581149545E-014,2075.),(543.74992863975081,-4.2299497238218464E-014,2075.),(542.42806312182415,-5.9999999999999893,2078.9999999999995),(754.21403445409169,-5.9999999999999813,2078.9999999999995),(378.00351764272193,-5.9999999999999893,2079.),(358.74990668275166,-5.0759396685862162E-014,2075.),(523.28596795078397,-3.4144252927966052,2076.2536788295906),(561.57017826544268,-3.5256973241546148,2076.3278141714923),(179.71579327545439,-5.9999999999999893,2079.),(154.92982772954593,-5.9999999999999893,2079.),(142.53684873387718,-3.3921125433637869,2076.2391311648262),(588.79441413490599,-3.5420884860871884,2076.3389616286531),(632.92802115562972,-3.3839597790574773E-014,2075.),(605.49824117864102,-5.9999999999999893,2079.),(451.25000548925163,-5.0759396685862162E-014,2075.),(465.85964967272736,-5.9999999999999893,2079.),(496.08082677425369,-3.5411400978003025,2076.3383150320542),(654.39210684955924,-3.6036857071422754,2076.381383988336),(704.64210336227495,-5.9999999999999893,2078.9999999999995),(700.64200428719357,-3.3839597790574773E-014,2075.),(105.35789663772906,-5.9999999999999893,2079.),(303.64562100499666,-5.9999999999999893,2079.),(291.25263691495127,-3.1395480956548241,2076.0816084554458),(262.49010638744141,-3.7471759824894879,2076.4835346857922),(318.87349460302039,-3.527745990792361,2076.329204227166),(353.21755209681356,-5.9999999999999893,2079.),(365.61053066972386,-3.5885275385702058,2076.370866193251),(395.80138691692741,-3.7240027812906371,2076.4667161608913),(428.12498078762667,-5.0759396685862162E-014,2075.),(439.68750446618185,-3.4864261525704032,2076.3013448829238),(467.91650138055303,-3.0518946965480667,2076.029910375893),(254.07368991317972,-5.9999999999999893,2079.),(402.78948318863041,-5.9999999999999893,2079.),(196.87500757245019,-3.2045862110766463,2076.1209408496784),(169.78229799528518,-3.6069414789851364,2076.3836497818506),(223.7814668472285,-3.489727992648521,2076.3035574704154),(618.46944484421249,-3.3954987166722606,2076.24133215554),(678.53967111456279,-3.1938449241096718,2076.1143871185986),(655.07017227045799,-5.9999999999999893,2079.),(204.50175882136278,-5.9999999999999893,2079.),(805.,-20.000000000000039,2105.),(844.99999999999989,-20.000000000000021,0.),(805.,-20.000000000000021,0.),(779.,-5.9999999999999893,0.),(776.29179606750051,-3.4721359549996333,0.),(774.99999999999977,-1.3535839116229909E-013,0.),(844.99999999999989,-1.3535839116229909E-013,0.),(779.,-5.9999999999999725,1285.8491333814245),(778.99999999999977,-5.9999999999999476,1682.424566690712),(778.99999999999977,-5.9999999999999387,1880.7122501390702),(774.99999999999989,-9.3058893924080626E-014,1037.5),(774.99999999999989,-9.3058893924080626E-014,1556.2503442687464),(774.99999999999989,-9.3058893924080626E-014,1815.6251721343733),(774.99999999999989,-9.3058893924080626E-014,1945.3125860671864),(774.99999999999989,-8.4598994476436928E-014,1296.8755164031199),(774.99999999999989,-9.3058893924080626E-014,1685.93775820156),(774.99999999999989,-9.3058893924080626E-014,1880.4688791007798),(779.,-5.9999999999999556,1484.1368832423543),(779.,-6.0000000000000062,642.92456669071225),(778.99999999999977,-5.9999999999999307,1979.856125069535),(778.99999999999977,-5.9999999999999387,1781.5683752086052),(778.99999999999977,-5.9999999999999556,1583.2807581728191),(779.,-5.9999999999999893,964.38685003606838),(779.,-5.9999999999999725,1125.1179585024606),(779.,-5.9999999999999725,1044.7523710629787),(774.99999999999989,-9.3058893924080626E-014,518.74965573125337),(774.99999999999989,-9.3058893924080626E-014,1750.7814651679666),(774.99999999999989,-8.4598994476436928E-014,1426.5629303359331),(774.99999999999989,-9.3058893924080626E-014,2010.1562930335931),(774.99999999999989,-8.4598994476436928E-014,1167.1881024703064),(774.99999999999989,-9.3058893924080626E-014,778.12448359688005),(774.99999999999989,-9.3058893924080626E-014,1491.4066373023397),(774.99999999999989,-9.3058893924080626E-014,907.8118975296934),(774.99999999999989,-8.4598994476436928E-014,1102.3443955038997),(774.99999999999989,-9.3058893924080626E-014,648.43706966406671),(774.99999999999989,-9.3058893924080626E-014,972.65560449610007),(779.,-5.9999999999999725,1205.4835459419426),(779.,-5.9999999999999893,803.65574156967625),(779.,-6.0000000000000151,321.46228334535613),(778.99999999999977,-5.9999999999999645,1384.9930083118893),(779.,-5.9999999999999893,723.2901541301942),(779.,-5.9999999999999893,884.02132900915819),(779.,-5.9999999999999982,482.19339181174837),(779.,-5.9999999999999893,562.55897925123031),(774.99999999999989,-9.3058893924080626E-014,259.37482786562668),(774.99999999999989,-8.4598994476436928E-014,1361.7192233695264),(774.99999999999989,-9.3058893924080626E-014,713.28077663047338),(774.99999999999989,-8.4598994476436928E-014,1232.0318094367133),(774.99999999999989,-9.3058893924080626E-014,583.59336269766004),(774.99999999999989,-9.3058893924080626E-014,389.06224179844003),(774.99999999999989,-9.3058893924080626E-014,453.9059487648467),(774.99999999999989,-9.3058893924080626E-014,324.21853483203336),(779.,-6.0000000000000062,401.82780437226626),(779.,-6.0000000000000151,160.73117487896394),(779.,-6.0000000000000151,241.09676231844594),(774.99999999999989,-9.3058893924080626E-014,129.68741393281334),(774.99999999999989,-9.3058893924080626E-014,194.53112089922001),(779.,-6.0000000000000151,80.36558743948197),(774.99999999999989,-9.3058893924080626E-014,64.843706966406671),(778.99999999999977,-5.9999999999999307,2029.4280625347674),(779.,-6.0000000000000231,49.571937465232423),(774.99999999999989,-9.3058893924080626E-014,2050.2140273171858),(774.99999999999989,-9.3058893924080626E-014,24.785972682814201),(774.99999999999989,-9.3058893924080626E-014,1621.0940512351531),(774.99999999999989,-9.3058893924080626E-014,842.96819056328684),(779.,-6.0000000000000231,24.785968732616212),(776.29179606698631,-3.4721359542282597,37.178946858702012),(778.99999999999977,-5.9999999999999307,2054.2140312673837),(776.35334074114473,-3.5631042829060529,2041.8210532282815),(776.50288301220246,-3.7736224030472445,2012.5631834507312),(774.99999999999989,-9.3058893924080626E-014,1977.7344395503899),(779.,-5.9999999999999387,1930.2841876043026),(776.34598481351668,-3.5523710193757152,1961.5234374455051),(776.20090866859039,-3.3327078215767121,1933.6064212768345),(774.99999999999989,-9.3058893924080626E-014,1912.8907325839832),(778.99999999999977,-5.9999999999999387,1905.4982188716863),(776.28733320065987,-3.4654344067557896,1893.1052587893671),(778.99999999999977,-5.9999999999999387,1831.1403126738378),(774.99999999999989,-9.3058893924080626E-014,1848.0470256175765),(776.41837917562862,-3.6564221591479207,1861.7888930232905),(776.14101145232223,-3.23724864774608,1833.3443479007458),(776.45551897728819,-3.7084783256765248,1801.7922625879539),(774.99999999999989,-9.3058893924080626E-014,1783.2033186511699),(779.,-5.9999999999999476,1731.9964377433728),(776.25514662344415,-3.4166676271557939,1766.9921791594572),(776.21705798250684,-3.3579464874326455,1738.6389591580862),(774.99999999999989,-9.3058893924080626E-014,1718.3596116847632),(778.99999999999977,-5.9999999999999476,1707.2104690107567),(776.34705690600242,-3.5539376574600592,1694.8175392853886),(779.,-5.9999999999999556,1632.8526956380515),(774.99999999999989,-9.3058893924080626E-014,1653.5159047183563),(776.45199805898824,-3.7035806127362387,1664.2844892369274),(779.,-5.9999999999999645,1335.4210708466569),(778.99999999999977,-5.9999999999999307,2004.6420938021511),(778.99999999999977,-5.9999999999999556,1533.7088207075867),(779.,-5.9999999999999725,1004.5695773432377),(774.99999999999989,-9.3058893924080626E-014,1005.0774579793034),(776.30409114271788,-3.4905238642025465,1021.2890576240791),(776.27992883884872,-3.4542837346834592,988.86718277873263),(776.20556789305863,-3.3400106387158277,1049.3605099402648),(779.,-5.9999999999999725,1084.9351647827198),(774.99999999999989,-8.4598994476436928E-014,1069.9225420206965),(776.2006404583334,-3.3322869045283601,960.88056405747557),(779.,-5.9999999999999813,924.20412272889916),(774.99999999999989,-9.3058893924080626E-014,940.23375101289673),(776.1064916254129,-3.1808542535585804,1086.1328073140942),(776.24848237599087,-3.4064736210144191,1115.0382053525573),(779.,-5.9999999999999725,1165.3007522222015),(774.99999999999989,-8.4598994476436928E-014,1134.7662489871032),(776.59323303845144,-3.8942146561435362,1145.2093756935903),(774.99999999999989,-8.4598994476436928E-014,1199.6099559535096),(776.33960435863378,-3.5430309156410984,1183.3984318510443),(776.1797279977103,-3.2992894546408307,1215.8203066958583),(778.99999999999977,-5.9999999999999645,1245.6663396616834),(774.99999999999989,-8.4598994476436928E-014,1264.4536629199165),(776.19573107695396,-3.324572166454443,1243.7367300424758),(776.10553164427211,-3.1792710000512212,924.0234330878227),(776.25786459496726,-3.4208155560037445,894.93808404224876),(779.,-5.9999999999999893,843.83853528941722),(774.99999999999989,-9.3058893924080626E-014,875.39004404649017),(776.5148867840561,-3.789917178448031,863.92987990318738),(776.12398593672435,-3.2095641819120404,1280.6640563866288),(778.99999999999977,-5.9999999999999645,1310.6351021140408),(774.99999999999989,-8.4598994476436928E-014,1329.2973698863232),(776.37671249162884,-3.5969623210828074,1323.0280704654776),(776.47159910715561,-3.7307485435510399,1353.1036375213935),(774.99999999999989,-8.4598994476436928E-014,1394.1410768527298),(778.99999999999977,-5.9999999999999556,1434.5649457771219),(779.,-5.9999999999999645,1409.7789770445056),(776.39182790058555,-3.6186644719575698,1422.1719288096178),(774.99999999999989,-9.3058893924080626E-014,1458.9847838191365),(776.48346784588477,-3.7470842297544045,1451.9700728493717),(776.30047964933726,-3.4851340081493607,836.6007777637484),(774.99999999999989,-9.3058893924080626E-014,810.5463370800835),(776.1656827050623,-3.2769272979695416,794.33593370715403),(779.,-5.9999999999999813,763.47294784993517),(776.19825200180162,-3.3285360306928533,766.37163553601465),(774.99999999999989,-9.3058893924080626E-014,745.70263011367672),(776.13198578635354,-3.2226035524485348,729.49218401674182),(779.,-5.9999999999999982,683.10736041045323),(776.3279712984147,-3.5259289659938422,699.00747340242503),(774.99999999999989,-9.3058893924080626E-014,680.85892314727005),(776.34945013107563,-3.5574320006942091,664.6484343267673),(776.21750078402215,-3.3586356105163699,636.36725541459327),(779.,-5.9999999999999893,602.74177297097128),(774.99999999999989,-9.3058893924080626E-014,616.01521618086349),(776.11142331121766,-3.1889749584792733,599.80468463608145),(776.233826682119,-3.3839364311537352,571.17717211359331),(779.,-5.9999999999999982,522.37618553148934),(774.99999999999989,-9.3058893924080626E-014,551.17150921445671),(776.72717573281204,-4.0647483365886936,542.46759900406801),(776.31699777953975,-3.5097096715115703,515.84065587302666),(774.99999999999989,-9.3058893924080626E-014,486.32780224805003),(779.,-6.0000000000000062,442.01059809200734),(774.99999999999989,-9.3058893924080626E-014,421.48409528164342),(776.20733075658529,-3.3427692259167361,470.11718525564464),(776.19379056119772,-3.3215174505215139,442.24059355921867),(776.11365189754849,-3.1926375722050229,405.27343556525653),(779.,-5.9999999999999982,361.6450106525254),(776.29556949785774,-3.4777909332556205,375.44763489639217),(774.99999999999989,-9.3058893924080626E-014,356.64038831523669),(776.39424027720725,-3.6221140709343982,345.40550035909934),(778.99999999999977,-5.9999999999999556,1459.350914509738),(779.,-5.9999999999999645,1360.2070395792732),(778.99999999999977,-5.9999999999999387,1756.7824064759889),(776.1022573024544,-3.1738645975233273,1987.200947573285),(778.99999999999977,-5.9999999999999556,1657.6386643706676),(779.,-6.0000000000000062,281.27955603818691),(774.99999999999989,-9.3058893924080626E-014,291.79668134883002),(776.23248131408218,-3.381859289816731,308.00781103001134),(776.19455181362389,-3.3227161579903361,280.12215276464411),(776.33939582353037,-3.5427251737693601,251.99889605620055),(779.,-6.0000000000000151,200.91396859870494),(774.99999999999989,-9.3058893924080626E-014,226.95297438242335),(776.55486551953447,-3.8435773482743194,221.84243849429865),(776.31660363215758,-3.5091255239028762,195.08139971392663),(774.99999999999989,-9.3058893924080626E-014,162.10926741601668),(779.,-6.0000000000000231,120.54838115922297),(776.26060995247894,-3.4249996369913571,145.89843680442246),(774.99999999999989,-9.3058893924080626E-014,97.265560449610007),(776.1975314844691,-3.3274036205573783,117.96435841746958),(776.10583452491539,-3.1797706159733128,81.054687114034323),(776.59333224807165,-3.8943445236725189,170.43531321194479),(774.99999999999989,-9.3058893924080626E-014,1588.6721977519496),(776.44488684915984,-3.693665047666197,1604.8828048591097),(776.1869361189033,-3.3107030229532346,1572.4609300049153),(776.24468479972279,-3.4006495594293216,1543.5417766081196),(778.99999999999977,-5.9999999999999556,1508.9228519749704),(774.99999999999989,-9.3058893924080626E-014,1523.8284907855432),(776.38655454068976,-3.6111104038754935,1496.5298225690285),(779.,-5.9999999999999556,1558.4947894402028),(776.19753328816557,-3.3274064558793284,1632.532914182578),(778.99999999999977,-5.9999999999999387,1955.0701563369187),(778.99999999999977,-5.9999999999999387,1855.9262814064539),(779.,-5.9999999999999387,1806.3543439412215),(776.18130156451173,-3.3017847047324906,1381.1650195501898),(778.99999999999977,-5.9999999999999556,1608.0667269054352)));
#3991=IFCPOLYGONALFACESET(#3990,.T.,(#3404,#3405,#3406,#3407,#3408,#3409,#3410,#3411,#3412,#3413,#3414,#3415,#3416,#3417,#3418,#3419,#3420,#3421,#3422,#3423,#3424,#3425,#3426,#3427,#3428,#3429,#3430,#3431,#3432,#3433,#3434,#3435,#3436,#3437,#3438,#3439,#3440,#3441,#3442,#3443,#3444,#3445,#3446,#3447,#3448,#3449,#3450,#3451,#3452,#3453,#3454,#3455,#3456,#3457,#3458,#3459,#3460,#3461,#3462,#3463,#3464,#3465,#3466,#3467,#3468,#3469,#3470,#3471,#3472,#3473,#3474,#3475,#3476,#3477,#3478,#3479,#3480,#3481,#3482,#3483,#3484,#3485,#3486,#3487,#3488,#3489,#3490,#3491,#3492,#3493,#3494,#3495,#3496,#3497,#3498,#3499,#3500,#3501,#3502,#3503,#3504,#3505,#3506,#3507,#3508,#3509,#3510,#3511,#3512,#3513,#3514,#3515,#3516,#3517,#3518,#3519,#3520,#3521,#3522,#3523,#3524,#3525,#3526,#3527,#3528,#3529,#3530,#3531,#3532,#3533,#3534,#3535,#3536,#3537,#3538,#3539,#3540,#3541,#3542,#3543,#3544,#3545,#3546,#3547,#3548,#3549,#3550,#3551,#3552,#3553,#3554,#3555,#3556,#3557,#3558,#3559,#3560,#3561,#3562,#3563,#3564,#3565,#3566,#3567,#3568,#3569,#3570,#3571,#3572,#3573,#3574,#3575,#3576,#3577,#3578,#3579,#3580,#3581,#3582,#3583,#3584,#3585,#3586,#3587,#3588,#3589,#3590,#3591,#3592,#3593,#3594,#3595,#3596,#3597,#3598,#3599,#3600,#3601,#3602,#3603,#3604,#3605,#3606,#3607,#3608,#3609,#3610,#3611,#3612,#3613,#3614,#3615,#3616,#3617,#3618,#3619,#3620,#3621,#3622,#3623,#3624,#3625,#3626,#3627,#3628,#3629,#3630,#3631,#3632,#3633,#3634,#3635,#3636,#3637,#3638,#3639,#3640,#3641,#3642,#3643,#3644,#3645,#3646,#3647,#3648,#3649,#3650,#3651,#3652,#3653,#3654,#3655,#3656,#3657,#3658,#3659,#3660,#3661,#3662,#3663,#3664,#3665,#3666,#3667,#3668,#3669,#3670,#3671,#3672,#3673,#3674,#3675,#3676,#3677,#3678,#3679,#3680,#3681,#3682,#3683,#3684,#3685,#3686,#3687,#3688,#3689,#3690,#3691,#3692,#3693,#3694,#3695,#3696,#3697,#3698,#3699,#3700,#3701,#3702,#3703,#3704,#3705,#3706,#3707,#3708,#3709,#3710,#3711,#3712,#3713,#3714,#3715,#3716,#3717,#3718,#3719,#3720,#3721,#3722,#3723,#3724,#3725,#3726,#3727,#3728,#3729,#3730,#3731,#3732,#3733,#3734,#3735,#3736,#3737,#3738,#3739,#3740,#3741,#3742,#3743,#3744,#3745,#3746,#3747,#3748,#3749,#3750,#3751,#3752,#3753,#3754,#3755,#3756,#3757,#3758,#3759,#3760,#3761,#3762,#3763,#3764,#3765,#3766,#3767,#3768,#3769,#3770,#3771,#3772,#3773,#3774,#3775,#3776,#3777,#3778,#3779,#3780,#3781,#3782,#3783,#3784,#3785,#3786,#3787,#3788,#3789,#3790,#3791,#3792,#3793,#3794,#3795,#3796,#3797,#3798,#3799,#3800,#3801,#3802,#3803,#3804,#3805,#3806,#3807,#3808,#3809,#3810,#3811,#3812,#3813,#3814,#3815,#3816,#3817,#3818,#3819,#3820,#3821,#3822,#3823,#3824,#3825,#3826,#3827,#3828,#3829,#3830,#3831,#3832,#3833,#3834,#3835,#3836,#3837,#3838,#3839,#3840,#3841,#3842,#3843,#3844,#3845,#3846,#3847,#3848,#3849,#3850,#3851,#3852,#3853,#3854,#3855,#3856,#3857,#3858,#3859,#3860,#3861,#3862,#3863,#3864,#3865,#3866,#3867,#3868,#3869,#3870,#3871,#3872,#3873,#3874,#3875,#3876,#3877,#3878,#3879,#3880,#3881,#3882,#3883,#3884,#3885,#3886,#3887,#3888,#3889,#3890,#3891,#3892,#3893,#3894,#3895,#3896,#3897,#3898,#3899,#3900,#3901,#3902,#3903,#3904,#3905,#3906,#3907,#3908,#3909,#3910,#3911,#3912,#3913,#3914,#3915,#3916,#3917,#3918,#3919,#3920,#3921,#3922,#3923,#3924,#3925,#3926,#3927,#3928,#3929,#3930,#3931,#3932,#3933,#3934,#3935,#3936,#3937,#3938,#3939,#3940,#3941,#3942,#3943,#3944,#3945,#3946,#3947,#3948,#3949,#3950,#3951,#3952,#3953,#3954,#3955,#3956,#3957,#3958,#3959,#3960,#3961,#3962,#3963,#3964,#3965,#3966,#3967,#3968,#3969,#3970,#3971,#3972,#3973,#3974,#3975,#3976,#3977,#3978,#3979,#3980,#3981,#3982,#3983,#3984,#3985,#3986,#3987,#3988,#3989),$);
#3992=IFCINDEXEDCOLOURMAP(#3991,1.,#3403,(1,1,1,1,1,1,1,1,1,1,1,1,1,1,1,1,1,1,1,1,1,1,1,1,1,1,1,1,1,1,1,1,1,1,1,1,1,1,1,1,1,1,1,1,1,1,1,1,1,1,1,1,1,1,1,1,1,1,1,1,1,1,1,1,1,1,1,1,1,1,1,1,1,1,1,1,1,1,1,1,1,1,1,1,1,1,1,1,1,1,1,1,1,1,1,1,1,1,1,1,1,1,1,1,1,1,1,1,1,1,1,1,1,1,1,1,1,1,1,1,1,1,1,1,1,1,1,1,1,1,1,1,1,1,1,1,1,1,1,1,1,1,1,1,1,1,1,1,1,1,1,1,1,1,1,1,1,1,1,1,1,1,1,1,1,1,1,1,1,1,1,1,1,1,1,1,1,1,1,1,1,1,1,1,1,1,1,1,1,1,1,1,1,1,1,1,1,1,1,1,1,1,1,1,1,1,1,1,1,1,1,1,1,1,1,1,1,1,1,1,1,1,1,1,1,1,1,1,1,1,1,1,1,1,1,1,1,1,1,1,1,1,1,1,1,1,1,1,1,1,1,1,1,1,1,1,1,1,1,1,1,1,1,1,1,1,1,1,1,1,1,1,1,1,1,1,1,1,1,1,1,1,1,1,1,1,1,1,1,1,1,1,1,1,1,1,1,1,1,1,1,1,1,1,1,1,1,1,1,1,1,1,1,1,1,1,1,1,1,1,1,1,1,1,1,1,1,1,1,1,1,1,1,1,1,1,1,1,1,1,1,1,1,1,1,1,1,1,1,1,1,1,1,1,1,1,1,1,1,1,1,1,1,1,1,1,1,1,1,1,1,1,1,1,1,1,1,1,1,1,1,1,1,1,1,1,1,1,1,1,1,1,1,1,1,1,1,1,1,1,1,1,1,1,1,1,1,1,1,1,1,1,1,1,1,1,1,1,1,1,1,1,1,1,1,1,1,1,1,1,1,1,1,1,1,1,1,1,1,1,1,1,1,1,1,1,1,1,1,1,1,1,1,1,1,1,1,1,1,1,1,1,1,1,1,1,1,1,1,1,1,1,1,1,1,1,1,1,1,1,1,1,1,1,1,1,1,1,1,1,1,1,1,1,1,1,1,1,1,1,1,1,1,1,1,1,1,1,1,1,1,1,1,1,1,1,1,1,1,1,1,1,1,1,1,1,1,1,1,1,1,1,1,1,1,1,1,1,1,1,1,1,1,1,1,1,1,1,1,1,1,1,1,1,1,1,1,1,1,1,1,1,1,1,1,1,1,1,1,1,1,1,1,1,1,1,1,1,1,1,1,1,1,1,1,1));
#3993=IFCSTYLEDITEM(#3991,(#1719),$);
#3994=IFCCOLOURRGBLIST(((0.83137254901960789,0.70196078431372544,0.44313725490196076)));
#3995=IFCINDEXEDPOLYGONALFACE((1,2,3,4));
#3996=IFCINDEXEDPOLYGONALFACE((2,1,5,6));
#3997=IFCINDEXEDPOLYGONALFACE((3,2,6,7));
#3998=IFCINDEXEDPOLYGONALFACE((4,3,7,8));
#3999=IFCINDEXEDPOLYGONALFACE((1,4,8,5));
#4000=IFCINDEXEDPOLYGONALFACE((6,5,9,10));
#4001=IFCINDEXEDPOLYGONALFACE((7,6,10,11));
#4002=IFCINDEXEDPOLYGONALFACE((8,7,11,12));
#4003=IFCINDEXEDPOLYGONALFACE((5,8,12,9));
#4004=IFCINDEXEDPOLYGONALFACE((13,14,15,16));
#4005=IFCINDEXEDPOLYGONALFACE((10,9,13,16));
#4006=IFCINDEXEDPOLYGONALFACE((11,10,16,15));
#4007=IFCINDEXEDPOLYGONALFACE((12,11,15,14));
#4008=IFCINDEXEDPOLYGONALFACE((9,12,14,13));
#4009=IFCCARTESIANPOINTLIST3D(((39.999999999728786,125.00000000096978,0.),(39.999999999728786,0.,0.),(7.9999999997180575,0.,0.),(7.9999999997180575,125.00000000096978,0.),(39.99999999972885,125.00000000096978,2070.0000000001219),(39.99999999972885,0.,2070.0000000001219),(7.999999999718125,0.,2102.0000000001323),(7.999999999718125,125.00000000096978,2102.0000000001328),(769.99999999971476,125.00000000096978,2070.0000000001219),(769.99999999971476,0.,2070.0000000001219),(801.99999999972567,0.,2102.0000000001323),(801.99999999972579,125.00000000096978,2102.0000000001328),(769.99999999971476,125.00000000096978,-5.4143356464919636E-013),(801.99999999972567,125.00000000096978,-5.4143356464919636E-013),(801.99999999972567,0.,-5.4143356464919636E-013),(769.99999999971476,0.,-5.4143356464919636E-013)));
#4010=IFCPOLYGONALFACESET(#4009,.T.,(#3995,#3996,#3997,#3998,#3999,#4000,#4001,#4002,#4003,#4004,#4005,#4006,#4007,#4008),$);
#4011=IFCINDEXEDCOLOURMAP(#4010,1.,#3994,(1,1,1,1,1,1,1,1,1,1,1,1,1,1));
#4012=IFCSTYLEDITEM(#4010,(#1737),$);
#4013=IFCSHAPEREPRESENTATION(#26,'Body','Tessellation',(#2558,#2589,#2752,#2783,#2794,#3385,#3400,#3991,#4010));
#4014=IFCAXIS2PLACEMENT3D(#3,$,$);
#4015=IFCREPRESENTATIONMAP(#4014,#4013);
#4016=IFCDOORLININGPROPERTIES('3wVNDtMWbEfveJ221bpV7D',#18,'Doors_IntSgl:810x2110mm:317296',$,$,$,$,$,$,$,$,$,$,$,$,$,$);
#4017=IFCDOORPANELPROPERTIES('3wVNDtMWbEfveJ22DbpV7D',#18,'Doors_IntSgl:810x2110mm:317296:1',$,$,.SWINGING.,$,.NOTDEFINED.,$);
#4018=IFCDOORTYPE('1H3byp2gbwJjbhEz79Ubsx',#18,'Doors_IntSgl:810x2110mm',$,$,(#4016,#4017,#4054,#4056),(#4015),'177724',$,.DOOR.,.SINGLE_SWING_RIGHT.,$,$);
#4019=IFCMATERIALCONSTITUENT('Ironmongery',$,#2355,0.0015207308907757317,'Miscellaneous');
#4020=IFCSHAPEREPRESENTATION(#26,'Body','Tessellation',(#2558,#2589,#2752,#2783));
#4021=IFCSHAPEASPECT((#4020),'Ironmongery',$,.U.,#4015);
#4022=IFCMATERIALCONSTITUENT('Panel',$,#2356,0.59660854416087528,'Wood');
#4023=IFCSHAPEREPRESENTATION(#26,'Body','Tessellation',(#2794));
#4024=IFCSHAPEASPECT((#4023),'Panel',$,.U.,#4015);
#4025=IFCMATERIALCONSTITUENT('Architrave',$,#2357,0.12240579886909696,'Wood');
#4026=IFCSHAPEREPRESENTATION(#26,'Body','Tessellation',(#3385,#3991));
#4027=IFCSHAPEASPECT((#4026),'Architrave',$,.U.,#4015);
#4028=IFCMATERIALCONSTITUENT('Frame/Mullion',$,#2358,0.27946492607925205,'Wood');
#4029=IFCSHAPEREPRESENTATION(#26,'Body','Tessellation',(#3400,#4010));
#4030=IFCSHAPEASPECT((#4029),'Frame/Mullion',$,.U.,#4015);
#4031=IFCMATERIALCONSTITUENTSET($,$,(#4019,#4022,#4025,#4028));
#4032=IFCMAPPEDITEM(#4015,#564);
#4033=IFCSHAPEREPRESENTATION(#26,'Body','MappedRepresentation',(#4032));
#4034=IFCPRODUCTDEFINITIONSHAPE($,$,(#4033));
#4035=IFCCARTESIANPOINT((58.718425216035108,1718.845322736523,0.));
#4036=IFCAXIS2PLACEMENT3D(#4035,#9,#7);
#4038=IFCDOOR('3wVNDtMWbEfveJ225bpV7D',#18,'Doors_IntSgl:810x2110mm:317296',$,'Doors_IntSgl:810x2110mm',#4776,#4034,'317296',2110.,809.99999999999943,.DOOR.,$,$);
#4039=IFCMATERIALCONSTITUENT('Door - Handle',$,#2355,0.001586469875589811,'Miscellaneous');
#4040=IFCMATERIALCONSTITUENT('Door - Panel',$,#2356,0.62239906387901889,'Wood');
#4041=IFCMATERIALCONSTITUENT('Door - Architrave',$,#2357,0.12769722353983889,'Wood');
#4042=IFCMATERIALCONSTITUENT('Door - Frame/Mullion (1)',$,#2358,0.2483172427055523,'Wood');
#4043=IFCMATERIALCONSTITUENTSET($,$,(#4039,#4040,#4041,#4042));
#4044=IFCPROPERTYSET('09qQYPusW4fboNnENA6a8h',#18,'Pset_DoorCommon',$,(#541,#2384));
#4045=IFCPROPERTYSET('1_VjCuiF7qHED4kA4OI6vE',#18,'Pset_EnvironmentalImpactIndicators',$,(#2384));
#4046=IFCRELDEFINESBYPROPERTIES('3lXmSIrdgsGVqWq1KM7BhY',#18,$,$,(#4038),#4044);
#4047=IFCRELDEFINESBYPROPERTIES('1aT1V1J3gsSukvbAtLmDHj',#18,$,$,(#4038),#4045);
#4048=IFCQUANTITYLENGTH('Width','',$,810.00000000000011,$);
#4049=IFCQUANTITYLENGTH('Height','',$,2110.,$);
#4050=IFCQUANTITYAREA('Area','',$,1.7091000000000003,$);
#4051=IFCELEMENTQUANTITY('0NUSuyua7OtsOTeVoeK$yO',#18,'Qto_DoorBaseQuantities',$,$,(#4048,#4049,#4050));
#4052=IFCRELDEFINESBYPROPERTIES('2odepqQu6tgwWcP$m3SH2P',#18,$,$,(#4038),#4051);
#4053=IFCPROPERTYSINGLEVALUE('ThermalTransmittance',$,IFCTHERMALTRANSMITTANCEMEASURE(3.7021000000000002),$);
#4054=IFCPROPERTYSET('0zUSrjDGkpoPDbXQOskEBz',#18,'Pset_DoorCommon',$,(#4053));
#4055=IFCPROPERTYSINGLEVALUE('Manufacturer',$,IFCLABEL('Revit'),$);
#4056=IFCPROPERTYSET('3qsOnRBBgkI6xEjBZz0yXX',#18,'Pset_ManufacturerTypeInformation',$,(#4055));
#4057=IFCCOLOURRGBLIST(((0.97647058823529409,0.97647058823529409,0.97647058823529409)));
#4058=IFCINDEXEDPOLYGONALFACE((1,2,3,4,5,6,7,8));
#4059=IFCINDEXEDPOLYGONALFACE((9,10,11,12,13,14,15,16));
#4060=IFCINDEXEDPOLYGONALFACE((2,1,9,16));
#4061=IFCINDEXEDPOLYGONALFACE((3,2,16,15));
#4062=IFCINDEXEDPOLYGONALFACE((4,3,15,14));
#4063=IFCINDEXEDPOLYGONALFACE((5,4,14,13));
#4064=IFCINDEXEDPOLYGONALFACE((6,5,13,12));
#4065=IFCINDEXEDPOLYGONALFACE((7,6,12,11));
#4066=IFCINDEXEDPOLYGONALFACE((8,7,11,10));
#4067=IFCINDEXEDPOLYGONALFACE((1,8,10,9));
#4068=IFCCARTESIANPOINTLIST3D(((-24.999999999998174,-24.99999999999897,0.),(-24.999999999998174,-1.6919798895287386E-014,0.),(2.0303758674344865E-013,-1.6919798895287386E-014,0.),(2.7071678232459818E-013,157.0000000009822,0.),(910.00000000000375,157.0000000009822,0.),(910.00000000000375,-1.6919798895287386E-014,0.),(935.00000000000023,-1.6919798895287386E-014,0.),(935.00000000000023,-24.99999999999897,0.),(-24.999999999998174,-24.99999999999897,25.000000000000139),(935.00000000000023,-24.99999999999897,24.999999999999865),(935.00000000000023,-1.6919798895287386E-014,24.999999999999865),(910.00000000000375,-1.6919798895287386E-014,24.999999999999865),(910.00000000000375,157.0000000009822,24.999999999999865),(2.7071678232459818E-013,157.0000000009822,25.000000000000139),(2.0303758674344865E-013,-1.6919798895287386E-014,25.000000000000139),(-24.999999999998174,-1.6919798895287386E-014,25.000000000000139)));
#4069=IFCPOLYGONALFACESET(#4068,.T.,(#4058,#4059,#4060,#4061,#4062,#4063,#4064,#4065,#4066,#4067),$);
#4070=IFCINDEXEDCOLOURMAP(#4069,1.,#4057,(1,1,1,1,1,1,1,1,1,1));
#4071=IFCCOLOURRGB($,0.97647058823529409,0.97647058823529409,0.97647058823529409);
#4072=IFCSURFACESTYLERENDERING(#4071,0.,$,$,$,$,IFCNORMALISEDRATIOMEASURE(0.5),IFCSPECULAREXPONENT(128.),.NOTDEFINED.);
#4073=IFCSURFACESTYLE('Window Frame',.BOTH.,(#4072));
#4074=IFCSTYLEDITEM(#4069,(#4073),$);
#4075=IFCCOLOURRGBLIST(((0.97647058823529409,0.97647058823529409,0.97647058823529409)));
#4076=IFCINDEXEDPOLYGONALFACEWITHVOIDS((1,2,3,4),((5,6,7,8)));
#4077=IFCINDEXEDPOLYGONALFACE((1,4,9,10,11,12,13,14));
#4078=IFCINDEXEDPOLYGONALFACEWITHVOIDS((10,9,15,16),((17,18,19,20)));
#4079=IFCINDEXEDPOLYGONALFACE((18,17,21,22));
#4080=IFCINDEXEDPOLYGONALFACEWITHVOIDS((21,27,28,22),((23,24,25,26)));
#4081=IFCINDEXEDPOLYGONALFACE((23,5,8,24));
#4082=IFCINDEXEDPOLYGONALFACE((4,3,15,9));
#4083=IFCINDEXEDPOLYGONALFACE((17,20,27,21));
#4084=IFCINDEXEDPOLYGONALFACE((6,5,23,26));
#4085=IFCINDEXEDPOLYGONALFACE((16,15,3,2,29,30,31,32));
#4086=IFCINDEXEDPOLYGONALFACE((20,19,28,27));
#4087=IFCINDEXEDPOLYGONALFACE((6,26,25,7));
#4088=IFCINDEXEDPOLYGONALFACE((29,2,1,14));
#4089=IFCINDEXEDPOLYGONALFACE((30,29,14,13));
#4090=IFCINDEXEDPOLYGONALFACE((31,30,13,12));
#4091=IFCINDEXEDPOLYGONALFACE((32,31,12,11));
#4092=IFCINDEXEDPOLYGONALFACE((16,32,11,10));
#4093=IFCINDEXEDPOLYGONALFACE((22,28,19,18));
#4094=IFCINDEXEDPOLYGONALFACE((8,7,25,24));
#4095=IFCCARTESIANPOINTLIST3D(((7.4447115139264501E-013,157.00000000095986,-1.3535839116229909E-013),(910.00000000000045,157.00000000095986,-1.3535839116229909E-013),(910.00000000000102,157.00000000095832,910.00000000001307),(8.7982954255494408E-013,157.00000000096125,910.00000000001307),(60.000000000002061,157.00000000096102,850.00000000001182),(849.99999999999977,157.00000000095849,850.00000000001182),(849.99999999999977,157.00000000095849,75.000000000001222),(60.000000000002061,157.00000000096105,75.000000000001222),(1.2859047160418413E-012,240.00000000096136,910.00000000001307),(3.3839597790574771E-013,240.00000000096085,51.000000000001265),(8.7982954255494408E-013,255.00000000334259,49.687670047114281),(8.7982954255494408E-013,255.00000000334259,44.744967610263494),(1.0151879337172431E-012,327.50000000095997,33.808884669518932),(1.0151879337172431E-012,327.50000000095997,-1.3535839116229909E-013),(910.00000000000125,240.00000000095832,910.00000000001307),(910.00000000000023,240.00000000095881,51.000000000001265),(40.000000000005187,240.00000000096117,870.00000000000864),(40.000000000005187,240.00000000096077,63.000000000000163),(869.99999999999716,240.00000000095898,63.000000000002601),(869.99999999999682,240.00000000095852,870.00000000000864),(40.000000000004981,175.00000000096179,870.00000000000864),(40.000000000004917,175.00000000096179,63.000000000000163),(60.000000000002132,175.00000000096173,850.00000000001182),(60.000000000002061,175.00000000096173,75.000000000001222),(849.99999999999977,175.00000000095915,75.000000000001222),(849.99999999999977,175.00000000095915,850.00000000001182),(869.99999999999682,175.00000000095903,870.00000000000864),(869.99999999999682,175.00000000095903,63.000000000002601),(910.00000000000102,327.50000000095997,-1.3535839116229909E-013),(910.00000000000102,327.50000000095991,33.808884669518932),(910.0000000000008,255.00000000334256,44.744967610263494),(910.0000000000008,255.00000000334256,49.687670047114281)));
#4096=IFCPOLYGONALFACESET(#4095,.T.,(#4076,#4077,#4078,#4079,#4080,#4081,#4082,#4083,#4084,#4085,#4086,#4087,#4088,#4089,#4090,#4091,#4092,#4093,#4094),$);
#4097=IFCINDEXEDCOLOURMAP(#4096,1.,#4075,(1,1,1,1,1,1,1,1,1,1,1,1,1,1,1,1,1,1,1));
#4098=IFCSTYLEDITEM(#4096,(#4073),$);
#4099=IFCCOLOURRGBLIST(((0.,0.50196078431372548,0.75294117647058822)));
#4100=IFCINDEXEDPOLYGONALFACE((1,2,3,4));
#4101=IFCINDEXEDPOLYGONALFACE((5,6,7,8));
#4102=IFCINDEXEDPOLYGONALFACE((2,1,5,8));
#4103=IFCINDEXEDPOLYGONALFACE((3,2,8,7));
#4104=IFCINDEXEDPOLYGONALFACE((4,3,7,6));
#4105=IFCINDEXEDPOLYGONALFACE((1,4,6,5));
#4106=IFCCARTESIANPOINTLIST3D(((69.999999999998366,204.00000000095847,93.000000000009578),(839.99999999999227,204.00000000095596,93.000000000009578),(839.99999999999227,204.00000000095599,840.00000000001273),(69.999999999998366,204.00000000095852,840.00000000001273),(69.999999999998437,228.00000000095849,93.000000000009578),(69.999999999998437,228.00000000095855,840.00000000001273),(839.99999999999227,228.00000000095596,840.00000000001273),(839.99999999999227,228.00000000095591,93.000000000009578)));
#4107=IFCPOLYGONALFACESET(#4106,.T.,(#4100,#4101,#4102,#4103,#4104,#4105),$);
#4108=IFCINDEXEDCOLOURMAP(#4107,0.10000000000000001,#4099,(1,1,1,1,1,1));
#4109=IFCCOLOURRGB($,0.,0.50196078431372548,0.75294117647058822);
#4110=IFCSURFACESTYLERENDERING(#4109,0.90000000000000002,$,$,$,$,IFCNORMALISEDRATIOMEASURE(0.5),IFCSPECULAREXPONENT(12.),.NOTDEFINED.);
#4111=IFCSURFACESTYLE('Glass',.BOTH.,(#4110));
#4112=IFCSTYLEDITEM(#4107,(#4111),$);
#4113=IFCCOLOURRGBLIST(((0.97647058823529409,0.97647058823529409,0.97647058823529409)));
#4114=IFCINDEXEDPOLYGONALFACE((1,2,3,4));
#4115=IFCINDEXEDPOLYGONALFACE((5,6,7,8));
#4116=IFCINDEXEDPOLYGONALFACE((9,10,11,12));
#4117=IFCINDEXEDPOLYGONALFACE((13,9,12,14));
#4118=IFCINDEXEDPOLYGONALFACE((15,16,17,18));
#4119=IFCINDEXEDPOLYGONALFACE((19,20,21,22));
#4120=IFCINDEXEDPOLYGONALFACE((23,19,22,24));
#4121=IFCINDEXEDPOLYGONALFACE((2,25,26,3));
#4122=IFCINDEXEDPOLYGONALFACE((4,3,27,28));
#4123=IFCINDEXEDPOLYGONALFACE((8,7,29,30));
#4124=IFCINDEXEDPOLYGONALFACE((12,11,31,32));
#4125=IFCINDEXEDPOLYGONALFACE((14,12,32,33));
#4126=IFCINDEXEDPOLYGONALFACE((18,17,34,35));
#4127=IFCINDEXEDPOLYGONALFACE((22,21,36,37));
#4128=IFCINDEXEDPOLYGONALFACE((24,22,37,38));
#4129=IFCINDEXEDPOLYGONALFACE((3,26,39,27));
#4130=IFCINDEXEDPOLYGONALFACE((28,27,40,41));
#4131=IFCINDEXEDPOLYGONALFACE((30,29,42,43));
#4132=IFCINDEXEDPOLYGONALFACE((32,31,44,45));
#4133=IFCINDEXEDPOLYGONALFACE((33,32,45,46));
#4134=IFCINDEXEDPOLYGONALFACE((35,34,47,48));
#4135=IFCINDEXEDPOLYGONALFACE((37,36,49,50));
#4136=IFCINDEXEDPOLYGONALFACE((38,37,50,51));
#4137=IFCINDEXEDPOLYGONALFACE((27,39,52,40));
#4138=IFCINDEXEDPOLYGONALFACE((41,40,2,1));
#4139=IFCINDEXEDPOLYGONALFACEWITHVOIDS((4,28,41,1),((6,42,29,7)));
#4140=IFCINDEXEDPOLYGONALFACE((43,42,6,5));
#4141=IFCINDEXEDPOLYGONALFACEWITHVOIDS((8,30,43,5),((10,44,31,11)));
#4142=IFCINDEXEDPOLYGONALFACE((45,44,10,9));
#4143=IFCINDEXEDPOLYGONALFACE((46,45,9,13));
#4144=IFCINDEXEDPOLYGONALFACEWITHVOIDS((16,47,34,17),((14,33,46,13)));
#4145=IFCINDEXEDPOLYGONALFACE((48,47,16,15));
#4146=IFCINDEXEDPOLYGONALFACEWITHVOIDS((18,35,48,15),((20,49,36,21)));
#4147=IFCINDEXEDPOLYGONALFACE((50,49,20,19));
#4148=IFCINDEXEDPOLYGONALFACE((51,50,19,23));
#4149=IFCINDEXEDPOLYGONALFACEWITHVOIDS((25,52,39,26),((24,38,51,23)));
#4150=IFCINDEXEDPOLYGONALFACE((40,52,25,2));
#4151=IFCCARTESIANPOINTLIST3D(((30.000000000000423,240.00000000096165,880.0000000000083),(30.00000000000049,245.77350269285444,880.0000000000083),(30.00000000000049,245.77350269285452,53.000000000007304),(30.000000000000423,240.00000000096162,53.000000000007034),(40.000000000002345,175.00000000096122,870.00000000000625),(40.000000000002551,240.00000000096162,870.00000000000625),(40.000000000002551,240.00000000096156,63.000000000009365),(40.000000000002274,175.00000000096134,63.000000000009365),(79.999999999991147,189.49289985000442,830.00000000001774),(69.851962275171871,175.00000000096114,840.14803772483663),(69.851962275171871,175.00000000096114,92.851962275178693),(79.999999999991147,189.49289985000442,102.99999999999784),(79.999999999991147,204.00000000095852,830.00000000001774),(79.999999999991218,204.00000000095847,102.99999999999784),(70.00000000000351,228.00000000095855,840.00000000000546),(70.00000000000351,204.00000000095852,840.00000000000546),(70.00000000000351,204.00000000095852,93.000000000010402),(70.00000000000351,228.00000000095849,93.000000000010402),(79.99999999999136,245.77350269285438,830.00000000001751),(79.99999999999136,228.00000000095852,830.00000000001751),(79.999999999991289,228.00000000095849,102.99999999999811),(79.999999999991417,245.77350269285438,102.99999999999811),(62.554245195482885,251.54700538474773,847.44575480452625),(62.554245195482814,251.54700538474742,85.554245195489358),(40.784609690827068,251.54700538474779,869.21539030918177),(40.784609690827068,251.54700538474785,63.784609690833818),(879.99999999999409,245.77350269285168,53.000000000007304),(879.99999999999432,240.00000000095881,53.000000000007034),(869.99999999999204,240.00000000095886,63.000000000009365),(869.9999999999917,175.00000000095855,63.000000000009365),(840.14803772482264,175.00000000095855,92.851962275178693),(830.00000000000341,189.49289985000192,102.99999999999784),(830.00000000000352,204.00000000095602,102.99999999999784),(839.99999999999091,204.00000000095599,93.000000000010402),(839.99999999999091,228.00000000095594,93.000000000010402),(830.0000000000033,228.00000000095605,102.99999999999811),(830.0000000000033,245.77350269285188,102.99999999999811),(847.44575480451169,251.54700538474484,85.554245195489628),(869.21539030916756,251.54700538474509,63.784609690833818),(879.99999999999409,245.77350269285168,880.0000000000083),(879.99999999999432,240.00000000095883,880.0000000000083),(869.99999999999204,240.00000000095886,870.00000000000625),(869.9999999999917,175.00000000095849,870.00000000000625),(840.14803772482264,175.00000000095861,840.14803772483663),(830.00000000000341,189.49289985000198,830.00000000001774),(830.00000000000352,204.00000000095602,830.00000000001774),(839.99999999999091,204.00000000095599,840.00000000000546),(839.99999999999091,228.00000000095596,840.00000000000546),(830.0000000000033,228.00000000095605,830.00000000001751),(830.0000000000033,245.77350269285188,830.00000000001751),(847.44575480451203,251.54700538474515,847.44575480452625),(869.21539030916756,251.54700538474509,869.21539030918177)));
#4152=IFCPOLYGONALFACESET(#4151,.T.,(#4114,#4115,#4116,#4117,#4118,#4119,#4120,#4121,#4122,#4123,#4124,#4125,#4126,#4127,#4128,#4129,#4130,#4131,#4132,#4133,#4134,#4135,#4136,#4137,#4138,#4139,#4140,#4141,#4142,#4143,#4144,#4145,#4146,#4147,#4148,#4149,#4150),$);
#4153=IFCINDEXEDCOLOURMAP(#4152,1.,#4113,(1,1,1,1,1,1,1,1,1,1,1,1,1,1,1,1,1,1,1,1,1,1,1,1,1,1,1,1,1,1,1,1,1,1,1,1,1));
#4154=IFCSTYLEDITEM(#4152,(#4073),$);
#4155=IFCSHAPEREPRESENTATION(#26,'Body','Tessellation',(#4069,#4096,#4107,#4152));
#4156=IFCAXIS2PLACEMENT3D(#3,$,$);
#4157=IFCREPRESENTATIONMAP(#4156,#4155);
#4158=IFCWINDOWLININGPROPERTIES('3wVNDtMWbEfveJ221bpV4_',#18,'Windows_Sgl_Plain:910x910mm:317315',$,$,$,$,$,$,$,$,$,$,$,$,$);
#4159=IFCWINDOWTYPE('0uLmksRhxj9NShh3aTiF18',#18,'Windows_Sgl_Plain:910x910mm',$,$,(#4158,#4193,#4195),(#4157),'248048',$,.WINDOW.,.NOTDEFINED.,$,$);
#4160=IFCMATERIAL('Window Frame',$,'Miscellaneous');
#4161=IFCMATERIAL('Glass',$,'Glass');
#4162=IFCMATERIALCONSTITUENT('Trim',$,#4160,0.40791832466969669,'Miscellaneous');
#4163=IFCSHAPEREPRESENTATION(#26,'Body','Tessellation',(#4069));
#4164=IFCSHAPEASPECT((#4163),'Trim',$,.U.,#4157);
#4165=IFCMATERIALCONSTITUENT('Frame/Mullion',$,#4160,0.40791832466969669,'Miscellaneous');
#4166=IFCSHAPEREPRESENTATION(#26,'Body','Tessellation',(#4096,#4152));
#4167=IFCSHAPEASPECT((#4166),'Frame/Mullion',$,.U.,#4157);
#4168=IFCMATERIALCONSTITUENT('Glass',$,#4161,0.18416335066060671,'Glass');
#4169=IFCSHAPEREPRESENTATION(#26,'Body','Tessellation',(#4107));
#4170=IFCSHAPEASPECT((#4169),'Glass',$,.U.,#4157);
#4171=IFCMATERIALCONSTITUENTSET($,$,(#4162,#4165,#4168));
#4172=IFCMAPPEDITEM(#4157,#564);
#4173=IFCSHAPEREPRESENTATION(#26,'Body','MappedRepresentation',(#4172));
#4174=IFCPRODUCTDEFINITIONSHAPE($,$,(#4173));
#4175=IFCCARTESIANPOINT((-8213.7815747839923,-3281.1546772634524,1200.));
#4176=IFCAXIS2PLACEMENT3D(#4175,#9,#7);
#4178=IFCWINDOW('3wVNDtMWbEfveJ225bpV4_',#18,'Windows_Sgl_Plain:910x910mm:317315',$,'Windows_Sgl_Plain:910x910mm',#4756,#4174,'317315',910.00000000000091,910.00000000000102,.WINDOW.,.NOTDEFINED.,$);
#4179=IFCMATERIALCONSTITUENT('Window Frame',$,#4160,0.68735353974247837,'Miscellaneous');
#4180=IFCMATERIALCONSTITUENT('Glass',$,#4161,0.31264646025752157,'Glass');
#4181=IFCMATERIALCONSTITUENTSET($,$,(#4179,#4180));
#4182=IFCPROPERTYSINGLEVALUE('Reference',$,IFCIDENTIFIER('910x910mm'),$);
#4183=IFCPROPERTYSET('2v1T3MIlcWi_06GO$ENrLG',#18,'Pset_EnvironmentalImpactIndicators',$,(#4182));
#4184=IFCPROPERTYSET('2qKPjf_vZF4QoYd_RAYJN1',#18,'Pset_WindowCommon',$,(#140,#4182));
#4185=IFCRELDEFINESBYPROPERTIES('1TYRFIeBLlKBCNbeEZelST',#18,$,$,(#4178),#4183);
#4186=IFCRELDEFINESBYPROPERTIES('36N2QxY3ZSatLIo4cSI2Bu',#18,$,$,(#4178),#4184);
#4187=IFCQUANTITYLENGTH('Width','',$,910.00000000000011,$);
#4188=IFCQUANTITYLENGTH('Height','',$,910.00000000000011,$);
#4189=IFCQUANTITYAREA('Area','',$,0.82810000000000028,$);
#4190=IFCELEMENTQUANTITY('3X0dZT5Eu0YDabpFfPqjL1',#18,'Qto_WindowBaseQuantities',$,$,(#4187,#4188,#4189));
#4191=IFCRELDEFINESBYPROPERTIES('39_f5GxEgvKfNz0XeBfJEW',#18,$,$,(#4178),#4190);
#4192=IFCPROPERTYSINGLEVALUE('Manufacturer',$,IFCLABEL('Revit'),$);
#4193=IFCPROPERTYSET('3YIt34YRfWvjpG0xT0Q$05',#18,'Pset_ManufacturerTypeInformation',$,(#4192));
#4194=IFCPROPERTYSINGLEVALUE('ThermalTransmittance',$,IFCTHERMALTRANSMITTANCEMEASURE(5.5617000000000001),$);
#4195=IFCPROPERTYSET('02qYwq0AGOWiuP_UAo7rHb',#18,'Pset_WindowCommon',$,(#4194));
#4196=IFCCOLOURRGBLIST(((0.97647058823529409,0.97647058823529409,0.97647058823529409)));
#4197=IFCINDEXEDPOLYGONALFACE((1,2,3,4,5,6,7,8));
#4198=IFCINDEXEDPOLYGONALFACE((9,10,11,12,13,14,15,16));
#4199=IFCINDEXEDPOLYGONALFACE((2,1,9,16));
#4200=IFCINDEXEDPOLYGONALFACE((3,2,16,15));
#4201=IFCINDEXEDPOLYGONALFACE((4,3,15,14));
#4202=IFCINDEXEDPOLYGONALFACE((5,4,14,13));
#4203=IFCINDEXEDPOLYGONALFACE((6,5,13,12));
#4204=IFCINDEXEDPOLYGONALFACE((7,6,12,11));
#4205=IFCINDEXEDPOLYGONALFACE((8,7,11,10));
#4206=IFCINDEXEDPOLYGONALFACE((1,8,10,9));
#4207=IFCCARTESIANPOINTLIST3D(((-24.999999999998174,-24.999999999998952,0.),(-24.999999999998174,-1.6919798895287386E-014,0.),(2.0303758674344865E-013,-1.6919798895287386E-014,0.),(2.7071678232459818E-013,-7.999999999017696,0.),(910.00000000000375,-7.999999999017696,0.),(910.00000000000375,-1.6919798895287386E-014,0.),(935.00000000000023,-1.6919798895287386E-014,0.),(935.00000000000023,-24.999999999998952,0.),(-24.999999999998174,-24.999999999998952,25.000000000000139),(935.00000000000023,-24.999999999998952,24.999999999999865),(935.00000000000023,-1.6919798895287386E-014,24.999999999999865),(910.00000000000375,-1.6919798895287386E-014,24.999999999999865),(910.00000000000375,-7.999999999017696,24.999999999999865),(2.7071678232459818E-013,-7.999999999017696,25.000000000000139),(2.0303758674344865E-013,-1.6919798895287386E-014,25.000000000000139),(-24.999999999998174,-1.6919798895287386E-014,25.000000000000139)));
#4208=IFCPOLYGONALFACESET(#4207,.T.,(#4197,#4198,#4199,#4200,#4201,#4202,#4203,#4204,#4205,#4206),$);
#4209=IFCINDEXEDCOLOURMAP(#4208,1.,#4196,(1,1,1,1,1,1,1,1,1,1));
#4210=IFCSTYLEDITEM(#4208,(#4073),$);
#4211=IFCCOLOURRGBLIST(((0.97647058823529409,0.97647058823529409,0.97647058823529409)));
#4212=IFCINDEXEDPOLYGONALFACEWITHVOIDS((1,2,3,4),((5,6,7,8)));
#4213=IFCINDEXEDPOLYGONALFACE((1,4,9,10,11,12,13,14));
#4214=IFCINDEXEDPOLYGONALFACEWITHVOIDS((10,9,15,16),((17,18,19,20)));
#4215=IFCINDEXEDPOLYGONALFACE((18,17,21,22));
#4216=IFCINDEXEDPOLYGONALFACEWITHVOIDS((21,27,28,22),((23,24,25,26)));
#4217=IFCINDEXEDPOLYGONALFACE((23,5,8,24));
#4218=IFCINDEXEDPOLYGONALFACE((4,3,15,9));
#4219=IFCINDEXEDPOLYGONALFACE((17,20,27,21));
#4220=IFCINDEXEDPOLYGONALFACE((6,5,23,26));
#4221=IFCINDEXEDPOLYGONALFACE((16,15,3,2,29,30,31,32));
#4222=IFCINDEXEDPOLYGONALFACE((20,19,28,27));
#4223=IFCINDEXEDPOLYGONALFACE((6,26,25,7));
#4224=IFCINDEXEDPOLYGONALFACE((29,2,1,14));
#4225=IFCINDEXEDPOLYGONALFACE((30,29,14,13));
#4226=IFCINDEXEDPOLYGONALFACE((31,30,13,12));
#4227=IFCINDEXEDPOLYGONALFACE((32,31,12,11));
#4228=IFCINDEXEDPOLYGONALFACE((16,32,11,10));
#4229=IFCINDEXEDPOLYGONALFACE((22,28,19,18));
#4230=IFCINDEXEDPOLYGONALFACE((8,7,25,24));
#4231=IFCCARTESIANPOINTLIST3D(((5.4143356464919636E-013,-7.9999999990400639,-1.3535839116229909E-013),(910.00000000000023,-7.9999999990400896,-1.3535839116229909E-013),(910.00000000000045,-7.9999999990416208,910.00000000001251),(7.4447115139264501E-013,-7.9999999990386765,910.00000000001251),(60.000000000001791,-7.9999999990388879,850.00000000001182),(849.99999999999955,-7.9999999990414432,850.00000000001182),(849.99999999999955,-7.9999999990414432,75.000000000001222),(60.00000000000172,-7.999999999038879,75.000000000001222),(1.0828671292983927E-012,75.000000000961407,910.00000000001251),(3.3839597790574771E-013,75.00000000096091,51.000000000001265),(7.4447115139264501E-013,90.000000003342677,49.687670047114281),(7.4447115139264501E-013,90.000000003342677,44.744967610263494),(8.1215034697379459E-013,162.50000000095997,33.808884669518932),(8.1215034697379459E-013,162.50000000095997,-1.3535839116229909E-013),(910.0000000000008,75.000000000958437,910.00000000001251),(910.,75.00000000095892,51.000000000001265),(40.000000000004981,75.000000000961251,870.00000000000864),(40.000000000004782,75.000000000960824,63.000000000000163),(869.99999999999682,75.000000000959034,63.000000000002601),(869.99999999999682,75.000000000958607,870.00000000000864),(40.000000000004711,10.000000000961851,870.00000000000864),(40.000000000004647,10.000000000961867,63.000000000000163),(60.000000000001862,10.0000000009618,850.00000000001182),(60.000000000001791,10.0000000009618,75.000000000001222),(849.99999999999955,10.000000000959261,75.000000000001222),(849.99999999999955,10.000000000959261,850.00000000001182),(869.99999999999659,10.000000000959101,870.00000000000864),(869.99999999999659,10.000000000959101,63.000000000002601),(910.00000000000045,162.50000000095997,-1.3535839116229909E-013),(910.00000000000045,162.50000000095997,33.808884669518932),(910.00000000000045,90.000000003342649,44.744967610263494),(910.00000000000045,90.000000003342649,49.687670047114281)));
#4232=IFCPOLYGONALFACESET(#4231,.T.,(#4212,#4213,#4214,#4215,#4216,#4217,#4218,#4219,#4220,#4221,#4222,#4223,#4224,#4225,#4226,#4227,#4228,#4229,#4230),$);
#4233=IFCINDEXEDCOLOURMAP(#4232,1.,#4211,(1,1,1,1,1,1,1,1,1,1,1,1,1,1,1,1,1,1,1));
#4234=IFCSTYLEDITEM(#4232,(#4073),$);
#4235=IFCCOLOURRGBLIST(((0.,0.50196078431372548,0.75294117647058822)));
#4236=IFCINDEXEDPOLYGONALFACE((1,2,3,4));
#4237=IFCINDEXEDPOLYGONALFACE((5,6,7,8));
#4238=IFCINDEXEDPOLYGONALFACE((2,1,5,8));
#4239=IFCINDEXEDPOLYGONALFACE((3,2,8,7));
#4240=IFCINDEXEDPOLYGONALFACE((4,3,7,6));
#4241=IFCINDEXEDPOLYGONALFACE((1,4,6,5));
#4242=IFCCARTESIANPOINTLIST3D(((69.999999999998096,39.000000000958636,93.000000000009578),(839.99999999999204,39.000000000956113,93.000000000009578),(839.99999999999204,39.000000000956106,840.00000000001273),(69.999999999998096,39.000000000958622,840.00000000001273),(69.999999999998167,63.000000000958629,93.000000000009578),(69.999999999998167,63.000000000958615,840.00000000001273),(839.99999999999204,63.000000000956099,840.00000000001273),(839.99999999999204,63.000000000956106,93.000000000009578)));
#4243=IFCPOLYGONALFACESET(#4242,.T.,(#4236,#4237,#4238,#4239,#4240,#4241),$);
#4244=IFCINDEXEDCOLOURMAP(#4243,0.10000000000000001,#4235,(1,1,1,1,1,1));
#4245=IFCSTYLEDITEM(#4243,(#4111),$);
#4246=IFCCOLOURRGBLIST(((0.97647058823529409,0.97647058823529409,0.97647058823529409)));
#4247=IFCINDEXEDPOLYGONALFACE((1,2,3,4));
#4248=IFCINDEXEDPOLYGONALFACE((5,6,7,8));
#4249=IFCINDEXEDPOLYGONALFACE((9,10,11,12));
#4250=IFCINDEXEDPOLYGONALFACE((13,9,12,14));
#4251=IFCINDEXEDPOLYGONALFACE((15,16,17,18));
#4252=IFCINDEXEDPOLYGONALFACE((19,20,21,22));
#4253=IFCINDEXEDPOLYGONALFACE((23,19,22,24));
#4254=IFCINDEXEDPOLYGONALFACE((2,25,26,3));
#4255=IFCINDEXEDPOLYGONALFACE((4,3,27,28));
#4256=IFCINDEXEDPOLYGONALFACE((8,7,29,30));
#4257=IFCINDEXEDPOLYGONALFACE((12,11,31,32));
#4258=IFCINDEXEDPOLYGONALFACE((14,12,32,33));
#4259=IFCINDEXEDPOLYGONALFACE((18,17,34,35));
#4260=IFCINDEXEDPOLYGONALFACE((22,21,36,37));
#4261=IFCINDEXEDPOLYGONALFACE((24,22,37,38));
#4262=IFCINDEXEDPOLYGONALFACE((3,26,39,27));
#4263=IFCINDEXEDPOLYGONALFACE((28,27,40,41));
#4264=IFCINDEXEDPOLYGONALFACE((30,29,42,43));
#4265=IFCINDEXEDPOLYGONALFACE((32,31,44,45));
#4266=IFCINDEXEDPOLYGONALFACE((33,32,45,46));
#4267=IFCINDEXEDPOLYGONALFACE((35,34,47,48));
#4268=IFCINDEXEDPOLYGONALFACE((37,36,49,50));
#4269=IFCINDEXEDPOLYGONALFACE((38,37,50,51));
#4270=IFCINDEXEDPOLYGONALFACE((27,39,52,40));
#4271=IFCINDEXEDPOLYGONALFACE((41,40,2,1));
#4272=IFCINDEXEDPOLYGONALFACEWITHVOIDS((4,28,41,1),((6,42,29,7)));
#4273=IFCINDEXEDPOLYGONALFACE((43,42,6,5));
#4274=IFCINDEXEDPOLYGONALFACEWITHVOIDS((8,30,43,5),((10,44,31,11)));
#4275=IFCINDEXEDPOLYGONALFACE((45,44,10,9));
#4276=IFCINDEXEDPOLYGONALFACE((46,45,9,13));
#4277=IFCINDEXEDPOLYGONALFACEWITHVOIDS((16,47,34,17),((14,33,46,13)));
#4278=IFCINDEXEDPOLYGONALFACE((48,47,16,15));
#4279=IFCINDEXEDPOLYGONALFACEWITHVOIDS((18,35,48,15),((20,49,36,21)));
#4280=IFCINDEXEDPOLYGONALFACE((50,49,20,19));
#4281=IFCINDEXEDPOLYGONALFACE((51,50,19,23));
#4282=IFCINDEXEDPOLYGONALFACEWITHVOIDS((25,52,39,26),((24,38,51,23)));
#4283=IFCINDEXEDPOLYGONALFACE((40,52,25,2));
#4284=IFCCARTESIANPOINTLIST3D(((30.00000000000022,75.000000000961705,880.0000000000083),(30.00000000000022,80.773502692854578,880.0000000000083),(30.00000000000022,80.773502692854635,53.000000000007304),(30.00000000000022,75.000000000961663,53.000000000007304),(40.000000000002075,10.000000000961309,870.00000000000625),(40.000000000002274,75.000000000961677,870.00000000000625),(40.000000000002274,75.000000000961677,63.000000000009365),(40.000000000002004,10.000000000961402,63.000000000009365),(79.999999999990948,24.492899850004481,830.00000000001751),(69.851962275171672,10.000000000961183,840.14803772483663),(69.851962275171672,10.000000000961258,92.851962275178693),(79.999999999990948,24.492899850004537,102.99999999999811),(79.999999999990877,39.000000000958593,830.00000000001751),(79.999999999990948,39.000000000958551,102.99999999999784),(70.00000000000324,63.000000000958615,840.00000000000546),(70.000000000003169,39.000000000958622,840.00000000000546),(70.000000000003098,39.000000000958622,93.000000000010132),(70.00000000000324,63.000000000958629,93.000000000010132),(79.999999999991147,80.773502692854493,830.00000000001751),(79.99999999999109,63.000000000958586,830.00000000001751),(79.999999999991019,63.000000000958586,102.99999999999811),(79.999999999991218,80.773502692854407,102.99999999999811),(62.554245195482615,86.54700538474782,847.44575480452625),(62.554245195482615,86.547005384747749,85.554245195489358),(40.784609690826798,86.54700538474782,869.21539030918177),(40.784609690826798,86.547005384747905,63.784609690833818),(879.99999999999375,80.773502692851807,53.000000000007304),(879.99999999999375,75.000000000958863,53.000000000007304),(869.9999999999917,75.000000000958948,63.000000000009365),(869.99999999999147,10.000000000958678,63.000000000009365),(840.14803772482207,10.000000000958645,92.851962275178963),(830.00000000000284,24.492899850002011,102.99999999999811),(830.00000000000296,39.000000000956078,102.99999999999784),(839.99999999999091,39.000000000956085,93.000000000010132),(839.99999999999068,63.000000000956099,93.000000000010402),(830.00000000000296,63.000000000956121,102.99999999999811),(830.00000000000273,80.773502692851977,102.99999999999811),(847.44575480451147,86.547005384745219,85.554245195489628),(869.21539030916722,86.547005384745134,63.784609690833818),(879.99999999999375,80.773502692851807,880.0000000000083),(879.99999999999375,75.000000000958906,880.0000000000083),(869.9999999999917,75.000000000958948,870.00000000000625),(869.99999999999147,10.000000000958584,870.00000000000625),(840.14803772482207,10.000000000958721,840.14803772483663),(830.00000000000284,24.492899850002061,830.00000000001751),(830.00000000000296,39.000000000956121,830.00000000001774),(839.99999999999091,39.000000000956085,840.00000000000546),(839.99999999999079,63.000000000956085,840.00000000000546),(830.00000000000296,63.000000000956121,830.00000000001751),(830.00000000000273,80.773502692851977,830.00000000001717),(847.44575480451147,86.547005384745233,847.44575480452568),(869.21539030916722,86.547005384745134,869.21539030918177)));
#4285=IFCPOLYGONALFACESET(#4284,.T.,(#4247,#4248,#4249,#4250,#4251,#4252,#4253,#4254,#4255,#4256,#4257,#4258,#4259,#4260,#4261,#4262,#4263,#4264,#4265,#4266,#4267,#4268,#4269,#4270,#4271,#4272,#4273,#4274,#4275,#4276,#4277,#4278,#4279,#4280,#4281,#4282,#4283),$);
#4286=IFCINDEXEDCOLOURMAP(#4285,1.,#4246,(1,1,1,1,1,1,1,1,1,1,1,1,1,1,1,1,1,1,1,1,1,1,1,1,1,1,1,1,1,1,1,1,1,1,1,1,1));
#4287=IFCSTYLEDITEM(#4285,(#4073),$);
#4288=IFCSHAPEREPRESENTATION(#26,'Body','Tessellation',(#4208,#4232,#4243,#4285));
#4289=IFCAXIS2PLACEMENT3D(#3,$,$);
#4290=IFCREPRESENTATIONMAP(#4289,#4288);
#4291=IFCWINDOWLININGPROPERTIES('3wVNDtMWbEfveJ221bpV4F',#18,'Windows_Sgl_Plain:910x910mm:317362',$,$,$,$,$,$,$,$,$,$,$,$,$);
#4292=IFCWINDOWTYPE('0GDjbQtQmh7qrj_ddBiL_M',#18,'Windows_Sgl_Plain:910x910mm',$,$,(#4291,#4323,#4325),(#4290),'248048',$,.WINDOW.,.NOTDEFINED.,$,$);
#4293=IFCMATERIALCONSTITUENT('Trim',$,#4160,0.40791832466969669,'Miscellaneous');
#4294=IFCSHAPEREPRESENTATION(#26,'Body','Tessellation',(#4208));
#4295=IFCSHAPEASPECT((#4294),'Trim',$,.U.,#4290);
#4296=IFCMATERIALCONSTITUENT('Frame/Mullion',$,#4160,0.40791832466969669,'Miscellaneous');
#4297=IFCSHAPEREPRESENTATION(#26,'Body','Tessellation',(#4232,#4285));
#4298=IFCSHAPEASPECT((#4297),'Frame/Mullion',$,.U.,#4290);
#4299=IFCMATERIALCONSTITUENT('Glass',$,#4161,0.18416335066060671,'Glass');
#4300=IFCSHAPEREPRESENTATION(#26,'Body','Tessellation',(#4243));
#4301=IFCSHAPEASPECT((#4300),'Glass',$,.U.,#4290);
#4302=IFCMATERIALCONSTITUENTSET($,$,(#4293,#4296,#4299));
#4303=IFCMAPPEDITEM(#4290,#564);
#4304=IFCSHAPEREPRESENTATION(#26,'Body','MappedRepresentation',(#4303));
#4305=IFCPRODUCTDEFINITIONSHAPE($,$,(#4304));
#4306=IFCCARTESIANPOINT((58.7184252160284,-2436.1546772634756,1200.));
#4307=IFCAXIS2PLACEMENT3D(#4306,#9,#7);
#4309=IFCWINDOW('3wVNDtMWbEfveJ225bpV4F',#18,'Windows_Sgl_Plain:910x910mm:317362',$,'Windows_Sgl_Plain:910x910mm',#4796,#4305,'317362',910.00000000000091,910.00000000000102,.WINDOW.,.NOTDEFINED.,$);
#4310=IFCMATERIALCONSTITUENT('Window Frame',$,#4160,0.65830422431887792,'Miscellaneous');
#4311=IFCMATERIALCONSTITUENT('Glass',$,#4161,0.34169577568112208,'Glass');
#4312=IFCMATERIALCONSTITUENTSET($,$,(#4310,#4311));
#4313=IFCPROPERTYSET('2GKSlOnZ6QkbZ7Ht_oI06T',#18,'Pset_EnvironmentalImpactIndicators',$,(#4182));
#4314=IFCPROPERTYSET('2ZfERwhHkQ3Kj16DQLqhqU',#18,'Pset_WindowCommon',$,(#541,#4182));
#4315=IFCRELDEFINESBYPROPERTIES('0yKW2OCVuxU95MfHd1R5rR',#18,$,$,(#4309),#4313);
#4316=IFCRELDEFINESBYPROPERTIES('1mkCcQJHZmh1cHDjyb4LfZ',#18,$,$,(#4309),#4314);
#4317=IFCQUANTITYLENGTH('Width','',$,910.00000000000011,$);
#4318=IFCQUANTITYLENGTH('Height','',$,910.00000000000011,$);
#4319=IFCQUANTITYAREA('Area','',$,0.82810000000000028,$);
#4320=IFCELEMENTQUANTITY('2EmCOf4rRdmusI0QBlAWeX',#18,'Qto_WindowBaseQuantities',$,$,(#4317,#4318,#4319));
#4321=IFCRELDEFINESBYPROPERTIES('36l47msz2o2$FASGItVqKe',#18,$,$,(#4309),#4320);
#4322=IFCPROPERTYSINGLEVALUE('Manufacturer',$,IFCLABEL('Revit'),$);
#4323=IFCPROPERTYSET('0kSlLVjIZxa5iNPyAdjXQg',#18,'Pset_ManufacturerTypeInformation',$,(#4322));
#4324=IFCPROPERTYSINGLEVALUE('ThermalTransmittance',$,IFCTHERMALTRANSMITTANCEMEASURE(5.5617000000000001),$);
#4325=IFCPROPERTYSET('3BvZBvj_6QsCnlGErZ8h$B',#18,'Pset_WindowCommon',$,(#4324));
#4326=IFCAXIS2PLACEMENT3D(#4328,$,$);
#4327=IFCLOCALPLACEMENT(#40,#4326);
#4328=IFCCARTESIANPOINT((-8503.7815747839795,-5971.1546772634983,-0.));
#4329=IFCAXIS2PLACEMENT3D(#3,$,$);
#4331=IFCCARTESIANPOINTLIST2D(((6644.9999999999909,2912.7321080616789),(-6644.9999999999909,2912.7321080616789),(-1599.9999999999729,-2912.7321080616789),(1599.9999999999623,-2912.7321080616789),(6644.9999999999909,2912.7321080616789)));
#4332=IFCINDEXEDPOLYCURVE(#4331,$,.F.);
#4333=IFCARBITRARYCLOSEDPROFILEDEF(.AREA.,$,#4332);
#4334=IFCCARTESIANPOINT((6645.,7567.5000000000309,1456.3660540308381));
#4335=IFCDIRECTION((0.,0.49999999999999978,0.86602540378443893));
#4336=IFCAXIS2PLACEMENT3D(#4334,#4335,#5);
#4337=IFCDIRECTION((0.,-0.49999999999999978,0.86602540378443893));
#4338=IFCEXTRUDEDAREASOLID(#4333,#4336,#4337,225.00000000000003);
#4339=IFCCOLOURRGB($,0.96862745098039216,0.96862745098039216,0.96862745098039216);
#4340=IFCSURFACESTYLERENDERING(#4339,0.,$,$,$,$,IFCNORMALISEDRATIOMEASURE(0.5),IFCSPECULAREXPONENT(128.),.NOTDEFINED.);
#4341=IFCSURFACESTYLE('Steel Purlins',.BOTH.,(#4340));
#4342=IFCSTYLEDITEM(#4338,(#4341),$);
#4343=IFCCARTESIANPOINTLIST2D(((6644.9999999999909,2912.7321080616789),(-6644.9999999999909,2912.7321080616789),(-1599.9999999999729,-2912.7321080616789),(1599.9999999999623,-2912.7321080616789),(6644.9999999999909,2912.7321080616789)));
#4344=IFCINDEXEDPOLYCURVE(#4343,$,.F.);
#4345=IFCARBITRARYCLOSEDPROFILEDEF(.AREA.,$,#4344);
#4346=IFCCARTESIANPOINT((6645.,7567.5000000000309,1681.3660540308388));
#4347=IFCDIRECTION((0.,0.49999999999999978,0.86602540378443893));
#4348=IFCAXIS2PLACEMENT3D(#4346,#4347,#5);
#4349=IFCDIRECTION((0.,-0.49999999999999978,0.86602540378443893));
#4350=IFCEXTRUDEDAREASOLID(#4345,#4348,#4349,20.);
#4351=IFCCOLOURRGB($,0.96862745098039216,0.96862745098039216,0.96862745098039216);
#4352=IFCSURFACESTYLERENDERING(#4351,0.,$,$,$,$,IFCNORMALISEDRATIOMEASURE(0.5),IFCSPECULAREXPONENT(128.),.NOTDEFINED.);
#4353=IFCSURFACESTYLE('Metal Panel',.BOTH.,(#4352));
#4354=IFCSTYLEDITEM(#4350,(#4353),$);
#4355=IFCCARTESIANPOINTLIST2D(((6644.9999999999909,2912.7321080616784),(-6644.9999999999909,2912.7321080616784),(-1599.9999999999729,-2912.7321080616789),(1599.9999999999623,-2912.7321080616789),(6644.9999999999909,2912.7321080616784)));
#4356=IFCINDEXEDPOLYCURVE(#4355,$,.F.);
#4357=IFCARBITRARYCLOSEDPROFILEDEF(.AREA.,$,#4356);
#4358=IFCCARTESIANPOINT((6645.,7567.5000000000309,1701.3660540308385));
#4359=IFCDIRECTION((0.,0.49999999999999978,0.86602540378443893));
#4360=IFCAXIS2PLACEMENT3D(#4358,#4359,#5);
#4361=IFCDIRECTION((0.,-0.49999999999999978,0.86602540378443893));
#4362=IFCEXTRUDEDAREASOLID(#4357,#4360,#4361,220.);
#4363=IFCSTYLEDITEM(#4362,(#394),$);
#4364=IFCCARTESIANPOINTLIST2D(((6644.9999999999909,2912.7321080616784),(-6644.9999999999909,2912.7321080616784),(-1599.9999999999729,-2912.7321080616789),(1599.9999999999623,-2912.7321080616789),(6644.9999999999909,2912.7321080616784)));
#4365=IFCINDEXEDPOLYCURVE(#4364,$,.F.);
#4366=IFCARBITRARYCLOSEDPROFILEDEF(.AREA.,$,#4365);
#4367=IFCCARTESIANPOINT((6645.,7567.5000000000309,1921.3660540308385));
#4368=IFCDIRECTION((0.,0.49999999999999978,0.86602540378443893));
#4369=IFCAXIS2PLACEMENT3D(#4367,#4368,#5);
#4370=IFCDIRECTION((0.,-0.49999999999999978,0.86602540378443893));
#4371=IFCEXTRUDEDAREASOLID(#4366,#4369,#4370,50.);
#4372=IFCCOLOURRGB($,0.96862745098039216,0.96862745098039216,0.96862745098039216);
#4373=IFCSURFACESTYLERENDERING(#4372,0.,$,$,$,$,IFCNORMALISEDRATIOMEASURE(0.5),IFCSPECULAREXPONENT(128.),.NOTDEFINED.);
#4374=IFCSURFACESTYLE('Roofing, Standing Seam',.BOTH.,(#4373));
#4375=IFCSTYLEDITEM(#4371,(#4374),$);
#4376=IFCSHAPEREPRESENTATION(#26,'Body','SweptSolid',(#4338,#4350,#4362,#4371));
#4377=IFCPRODUCTDEFINITIONSHAPE($,$,(#4376));
#4378=IFCSHAPEREPRESENTATION(#26,'Body','SweptSolid',(#4338));
#4379=IFCSHAPEASPECT((#4378),'Steel Purlins',$,.U.,#4377);
#4380=IFCSHAPEREPRESENTATION(#26,'Body','SweptSolid',(#4350));
#4381=IFCSHAPEASPECT((#4380),'Metal Panel',$,.U.,#4377);
#4382=IFCSHAPEREPRESENTATION(#26,'Body','SweptSolid',(#4362));
#4383=IFCSHAPEASPECT((#4382),'Rigid insulation',$,.U.,#4377);
#4384=IFCSHAPEREPRESENTATION(#26,'Body','SweptSolid',(#4371));
#4385=IFCSHAPEASPECT((#4384),'Roofing, Standing Seam',$,.U.,#4377);
#4386=IFCAXIS2PLACEMENT3D(#3,$,$);
#4387=IFCLOCALPLACEMENT(#4327,#4798);
#4388=IFCSLAB('3wVNDtMWbEfveJ22DbpV5F',#18,'Basic Roof:Roof_Pitched-50SS-220Ins-20MPan-225Purl:317426',$,'Basic Roof:Roof_Pitched-50SS-220Ins-20MPan-225Purl',#4387,#4377,'317426',.ROOF.);
#4389=IFCQUANTITYAREA('NetArea',$,$,4.4622214978094172,$);
#4390=IFCQUANTITYVOLUME('NetVolume',$,$,2.2980440713718524,$);
#4391=IFCQUANTITYAREA('GrossArea',$,$,48.030952461936842,$);
#4392=IFCQUANTITYVOLUME('GrossVolume',$,$,2.2980440713718524,$);
#4393=IFCSLABTYPE('2ru7YPT4T9MuTpOS4FRzxt',#18,'Basic Roof:Roof_Pitched-50SS-220Ins-20MPan-225Purl',$,$,(#4658),$,'45437',$,.ROOF.);
#4394=IFCMATERIAL('Roofing, Standing Seam',$,'Metal');
#4395=IFCMATERIAL('Metal Panel',$,'Metal');
#4396=IFCMATERIAL('Steel Purlins',$,'Metal');
#4397=IFCMATERIALCONSTITUENT('Roofing, Standing Seam',$,#4394,0.097087378640776698,'Metal');
#4398=IFCQUANTITYLENGTH('Width',$,$,50.,$);
#4399=IFCMATERIALCONSTITUENT('Rigid insulation',$,#425,0.42718446601941745,'Generic');
#4400=IFCQUANTITYLENGTH('Width',$,$,220.,$);
#4401=IFCMATERIALCONSTITUENT('Metal Panel',$,#4395,0.038834951456310676,'Metal');
#4402=IFCQUANTITYLENGTH('Width',$,$,20.,$);
#4403=IFCMATERIALCONSTITUENT('Steel Purlins',$,#4396,0.43689320388349517,'Metal');
#4404=IFCQUANTITYLENGTH('Width',$,$,225.00000000000003,$);
#4405=IFCMATERIALCONSTITUENTSET('Basic Roof:Roof_Pitched-50SS-220Ins-20MPan-225Purl',$,(#4397,#4399,#4401,#4403));
#4406=IFCPHYSICALCOMPLEXQUANTITY('Roofing, Standing Seam',$,(#4398),'Layer',$,$);
#4407=IFCPHYSICALCOMPLEXQUANTITY('Rigid insulation',$,(#4400),'Layer',$,$);
#4408=IFCPHYSICALCOMPLEXQUANTITY('Metal Panel',$,(#4402),'Layer',$,$);
#4409=IFCPHYSICALCOMPLEXQUANTITY('Steel Purlins',$,(#4404),'Layer',$,$);
#4410=IFCQUANTITYLENGTH('Width',$,$,515.,$);
#4411=IFCAXIS2PLACEMENT3D(#3,$,$);
#4413=IFCCARTESIANPOINTLIST2D(((-2912.7321080616739,5045.0000000000227),(-2912.7321080616739,-5045.0000000000227),(2912.7321080616739,-6.4972027757903567E-012),(-2912.7321080616739,5045.0000000000227)));
#4414=IFCINDEXEDPOLYCURVE(#4413,$,.F.);
#4415=IFCARBITRARYCLOSEDPROFILEDEF(.AREA.,$,#4414);
#4416=IFCCARTESIANPOINT((2522.5000000000091,5045.,1456.3660540308381));
#4417=IFCDIRECTION((-0.50000000000000067,0.,0.86602540378443837));
#4418=IFCDIRECTION((0.86602540378443837,0.,0.50000000000000067));
#4419=IFCAXIS2PLACEMENT3D(#4416,#4417,#4418);
#4420=IFCDIRECTION((0.50000000000000067,0.,0.86602540378443837));
#4421=IFCEXTRUDEDAREASOLID(#4415,#4419,#4420,225.00000000000006);
#4422=IFCSTYLEDITEM(#4421,(#4341),$);
#4423=IFCCARTESIANPOINTLIST2D(((-2912.7321080616739,5045.0000000000227),(-2912.7321080616739,-5045.0000000000227),(2912.7321080616739,-6.4972027757903567E-012),(-2912.7321080616739,5045.0000000000227)));
#4424=IFCINDEXEDPOLYCURVE(#4423,$,.F.);
#4425=IFCARBITRARYCLOSEDPROFILEDEF(.AREA.,$,#4424);
#4426=IFCCARTESIANPOINT((2522.5000000000091,5045.,1681.3660540308388));
#4427=IFCDIRECTION((-0.50000000000000067,0.,0.86602540378443837));
#4428=IFCDIRECTION((0.86602540378443837,0.,0.50000000000000067));
#4429=IFCAXIS2PLACEMENT3D(#4426,#4427,#4428);
#4430=IFCDIRECTION((0.50000000000000067,0.,0.86602540378443837));
#4431=IFCEXTRUDEDAREASOLID(#4425,#4429,#4430,20.);
#4432=IFCSTYLEDITEM(#4431,(#4353),$);
#4433=IFCCARTESIANPOINTLIST2D(((-2912.7321080616739,5045.0000000000227),(-2912.7321080616739,-5045.0000000000227),(2912.7321080616739,-6.4972027757903567E-012),(-2912.7321080616739,5045.0000000000227)));
#4434=IFCINDEXEDPOLYCURVE(#4433,$,.F.);
#4435=IFCARBITRARYCLOSEDPROFILEDEF(.AREA.,$,#4434);
#4436=IFCCARTESIANPOINT((2522.5000000000091,5045.,1701.3660540308385));
#4437=IFCDIRECTION((-0.50000000000000067,0.,0.86602540378443837));
#4438=IFCDIRECTION((0.86602540378443837,0.,0.50000000000000067));
#4439=IFCAXIS2PLACEMENT3D(#4436,#4437,#4438);
#4440=IFCDIRECTION((0.50000000000000067,0.,0.86602540378443837));
#4441=IFCEXTRUDEDAREASOLID(#4435,#4439,#4440,220.);
#4442=IFCSTYLEDITEM(#4441,(#394),$);
#4443=IFCCARTESIANPOINTLIST2D(((-2912.7321080616739,5045.0000000000227),(-2912.7321080616739,-5045.0000000000227),(2912.7321080616739,-6.4972027757903567E-012),(-2912.7321080616739,5045.0000000000227)));
#4444=IFCINDEXEDPOLYCURVE(#4443,$,.F.);
#4445=IFCARBITRARYCLOSEDPROFILEDEF(.AREA.,$,#4444);
#4446=IFCCARTESIANPOINT((2522.5000000000091,5045.,1921.3660540308385));
#4447=IFCDIRECTION((-0.50000000000000067,0.,0.86602540378443837));
#4448=IFCDIRECTION((0.86602540378443837,0.,0.50000000000000067));
#4449=IFCAXIS2PLACEMENT3D(#4446,#4447,#4448);
#4450=IFCDIRECTION((0.50000000000000067,0.,0.86602540378443837));
#4451=IFCEXTRUDEDAREASOLID(#4445,#4449,#4450,50.);
#4452=IFCSTYLEDITEM(#4451,(#4374),$);
#4453=IFCSHAPEREPRESENTATION(#26,'Body','SweptSolid',(#4421,#4431,#4441,#4451));
#4454=IFCPRODUCTDEFINITIONSHAPE($,$,(#4453));
#4455=IFCSHAPEREPRESENTATION(#26,'Body','SweptSolid',(#4421));
#4456=IFCSHAPEASPECT((#4455),'Steel Purlins',$,.U.,#4454);
#4457=IFCSHAPEREPRESENTATION(#26,'Body','SweptSolid',(#4431));
#4458=IFCSHAPEASPECT((#4457),'Metal Panel',$,.U.,#4454);
#4459=IFCSHAPEREPRESENTATION(#26,'Body','SweptSolid',(#4441));
#4460=IFCSHAPEASPECT((#4459),'Rigid insulation',$,.U.,#4454);
#4461=IFCSHAPEREPRESENTATION(#26,'Body','SweptSolid',(#4451));
#4462=IFCSHAPEASPECT((#4461),'Roofing, Standing Seam',$,.U.,#4454);
#4463=IFCAXIS2PLACEMENT3D(#3,$,$);
#4464=IFCLOCALPLACEMENT(#4327,#4799);
#4465=IFCSLAB('3wVNDtMWbEfveJ229bpV5F',#18,'Basic Roof:Roof_Pitched-50SS-220Ins-20MPan-225Purl:317426',$,'Basic Roof:Roof_Pitched-50SS-220Ins-20MPan-225Purl',#4464,#4454,'317426',.ROOF.);
#4466=IFCQUANTITYAREA('NetArea',$,$,2.7303708255244006,$);
#4467=IFCQUANTITYVOLUME('NetVolume',$,$,1.4061409751450671,$);
#4468=IFCQUANTITYAREA('GrossArea',$,$,29.389466970342419,$);
#4469=IFCQUANTITYVOLUME('GrossVolume',$,$,1.4061409751450671,$);
#4470=IFCAXIS2PLACEMENT3D(#3,$,$);
#4472=IFCCARTESIANPOINTLIST2D(((-6644.9999999999909,-2912.732108061673),(6644.9999999999909,-2912.732108061673),(1599.9999999999623,2912.7321080616716),(-1599.999999999972,2912.7321080616734),(-6644.9999999999909,-2912.732108061673)));
#4473=IFCINDEXEDPOLYCURVE(#4472,$,.F.);
#4474=IFCARBITRARYCLOSEDPROFILEDEF(.AREA.,$,#4473);
#4475=IFCCARTESIANPOINT((6645.,2522.5000000000086,1456.3660540308381));
#4476=IFCDIRECTION((0.,-0.50000000000000056,0.86602540378443837));
#4477=IFCAXIS2PLACEMENT3D(#4475,#4476,#5);
#4478=IFCDIRECTION((-0.,0.50000000000000056,0.86602540378443837));
#4479=IFCEXTRUDEDAREASOLID(#4474,#4477,#4478,225.00000000000006);
#4480=IFCSTYLEDITEM(#4479,(#4341),$);
#4481=IFCCARTESIANPOINTLIST2D(((-6644.9999999999909,-2912.732108061673),(6644.9999999999909,-2912.732108061673),(1599.9999999999623,2912.7321080616716),(-1599.999999999972,2912.7321080616734),(-6644.9999999999909,-2912.732108061673)));
#4482=IFCINDEXEDPOLYCURVE(#4481,$,.F.);
#4483=IFCARBITRARYCLOSEDPROFILEDEF(.AREA.,$,#4482);
#4484=IFCCARTESIANPOINT((6645.,2522.5000000000086,1681.3660540308388));
#4485=IFCDIRECTION((0.,-0.50000000000000056,0.86602540378443837));
#4486=IFCAXIS2PLACEMENT3D(#4484,#4485,#5);
#4487=IFCDIRECTION((-0.,0.50000000000000056,0.86602540378443837));
#4488=IFCEXTRUDEDAREASOLID(#4483,#4486,#4487,20.);
#4489=IFCSTYLEDITEM(#4488,(#4353),$);
#4490=IFCCARTESIANPOINTLIST2D(((-6644.9999999999909,-2912.732108061673),(6644.9999999999909,-2912.732108061673),(1599.9999999999623,2912.7321080616716),(-1599.999999999972,2912.732108061673),(-6644.9999999999909,-2912.732108061673)));
#4491=IFCINDEXEDPOLYCURVE(#4490,$,.F.);
#4492=IFCARBITRARYCLOSEDPROFILEDEF(.AREA.,$,#4491);
#4493=IFCCARTESIANPOINT((6645.,2522.5000000000086,1701.3660540308385));
#4494=IFCDIRECTION((0.,-0.50000000000000056,0.86602540378443837));
#4495=IFCAXIS2PLACEMENT3D(#4493,#4494,#5);
#4496=IFCDIRECTION((-0.,0.50000000000000056,0.86602540378443837));
#4497=IFCEXTRUDEDAREASOLID(#4492,#4495,#4496,220.);
#4498=IFCSTYLEDITEM(#4497,(#394),$);
#4499=IFCCARTESIANPOINTLIST2D(((-6644.9999999999909,-2912.732108061673),(6644.9999999999909,-2912.7321080616734),(1599.9999999999623,2912.7321080616716),(-1599.999999999972,2912.732108061673),(-6644.9999999999909,-2912.732108061673)));
#4500=IFCINDEXEDPOLYCURVE(#4499,$,.F.);
#4501=IFCARBITRARYCLOSEDPROFILEDEF(.AREA.,$,#4500);
#4502=IFCCARTESIANPOINT((6645.,2522.5000000000086,1921.3660540308385));
#4503=IFCDIRECTION((0.,-0.50000000000000056,0.86602540378443837));
#4504=IFCAXIS2PLACEMENT3D(#4502,#4503,#5);
#4505=IFCDIRECTION((-0.,0.50000000000000056,0.86602540378443837));
#4506=IFCEXTRUDEDAREASOLID(#4501,#4504,#4505,50.);
#4507=IFCSTYLEDITEM(#4506,(#4374),$);
#4508=IFCSHAPEREPRESENTATION(#26,'Body','SweptSolid',(#4479,#4488,#4497,#4506));
#4509=IFCPRODUCTDEFINITIONSHAPE($,$,(#4508));
#4510=IFCSHAPEREPRESENTATION(#26,'Body','SweptSolid',(#4479));
#4511=IFCSHAPEASPECT((#4510),'Steel Purlins',$,.U.,#4509);
#4512=IFCSHAPEREPRESENTATION(#26,'Body','SweptSolid',(#4488));
#4513=IFCSHAPEASPECT((#4512),'Metal Panel',$,.U.,#4509);
#4514=IFCSHAPEREPRESENTATION(#26,'Body','SweptSolid',(#4497));
#4515=IFCSHAPEASPECT((#4514),'Rigid insulation',$,.U.,#4509);
#4516=IFCSHAPEREPRESENTATION(#26,'Body','SweptSolid',(#4506));
#4517=IFCSHAPEASPECT((#4516),'Roofing, Standing Seam',$,.U.,#4509);
#4518=IFCAXIS2PLACEMENT3D(#3,$,$);
#4519=IFCLOCALPLACEMENT(#4327,#4800);
#4520=IFCSLAB('3wVNDtMWbEfveJ22LbpV5F',#18,'Basic Roof:Roof_Pitched-50SS-220Ins-20MPan-225Purl:317426',$,'Basic Roof:Roof_Pitched-50SS-220Ins-20MPan-225Purl',#4519,#4509,'317426',.ROOF.);
#4521=IFCQUANTITYAREA('NetArea',$,$,4.4622214978094084,$);
#4522=IFCQUANTITYVOLUME('NetVolume',$,$,2.2980440713718466,$);
#4523=IFCQUANTITYAREA('GrossArea',$,$,48.030952461936749,$);
#4524=IFCQUANTITYVOLUME('GrossVolume',$,$,2.2980440713718466,$);
#4525=IFCAXIS2PLACEMENT3D(#3,$,$);
#4527=IFCCARTESIANPOINTLIST2D(((-2912.7321080616771,-6.4972027757903567E-012),(2912.7321080616794,-5045.0000000000227),(2912.7321080616794,5045.0000000000227),(-2912.7321080616771,-6.4972027757903567E-012)));
#4528=IFCINDEXEDPOLYCURVE(#4527,$,.F.);
#4529=IFCARBITRARYCLOSEDPROFILEDEF(.AREA.,$,#4528);
#4530=IFCCARTESIANPOINT((10767.499999999967,5045.,1456.3660540308401));
#4531=IFCDIRECTION((0.49999999999999972,0.,0.86602540378443882));
#4532=IFCDIRECTION((0.86602540378443882,0.,-0.49999999999999972));
#4533=IFCAXIS2PLACEMENT3D(#4530,#4531,#4532);
#4534=IFCDIRECTION((-0.49999999999999972,0.,0.86602540378443882));
#4535=IFCEXTRUDEDAREASOLID(#4529,#4533,#4534,225.00000000000003);
#4536=IFCSTYLEDITEM(#4535,(#4341),$);
#4537=IFCCARTESIANPOINTLIST2D(((-2912.7321080616771,-6.4972027757903567E-012),(2912.7321080616794,-5045.0000000000227),(2912.7321080616794,5045.0000000000227),(-2912.7321080616771,-6.4972027757903567E-012)));
#4538=IFCINDEXEDPOLYCURVE(#4537,$,.F.);
#4539=IFCARBITRARYCLOSEDPROFILEDEF(.AREA.,$,#4538);
#4540=IFCCARTESIANPOINT((10767.499999999967,5045.,1681.3660540308388));
#4541=IFCDIRECTION((0.49999999999999972,0.,0.86602540378443882));
#4542=IFCDIRECTION((0.86602540378443882,0.,-0.49999999999999972));
#4543=IFCAXIS2PLACEMENT3D(#4540,#4541,#4542);
#4544=IFCDIRECTION((-0.49999999999999972,0.,0.86602540378443882));
#4545=IFCEXTRUDEDAREASOLID(#4539,#4543,#4544,20.000000000000004);
#4546=IFCSTYLEDITEM(#4545,(#4353),$);
#4547=IFCCARTESIANPOINTLIST2D(((-2912.7321080616771,-6.4972027757903567E-012),(2912.7321080616798,-5045.0000000000227),(2912.7321080616798,5045.0000000000227),(-2912.7321080616771,-6.4972027757903567E-012)));
#4548=IFCINDEXEDPOLYCURVE(#4547,$,.F.);
#4549=IFCARBITRARYCLOSEDPROFILEDEF(.AREA.,$,#4548);
#4550=IFCCARTESIANPOINT((10767.499999999967,5045.,1701.3660540308385));
#4551=IFCDIRECTION((0.49999999999999972,0.,0.86602540378443882));
#4552=IFCDIRECTION((0.86602540378443882,0.,-0.49999999999999972));
#4553=IFCAXIS2PLACEMENT3D(#4550,#4551,#4552);
#4554=IFCDIRECTION((-0.49999999999999972,0.,0.86602540378443882));
#4555=IFCEXTRUDEDAREASOLID(#4549,#4553,#4554,220.);
#4556=IFCSTYLEDITEM(#4555,(#394),$);
#4557=IFCCARTESIANPOINTLIST2D(((-2912.7321080616771,-6.4972027757903567E-012),(2912.7321080616798,-5045.0000000000227),(2912.7321080616798,5045.0000000000227),(-2912.7321080616771,-6.4972027757903567E-012)));
#4558=IFCINDEXEDPOLYCURVE(#4557,$,.F.);
#4559=IFCARBITRARYCLOSEDPROFILEDEF(.AREA.,$,#4558);
#4560=IFCCARTESIANPOINT((10767.499999999967,5045.,1921.3660540308385));
#4561=IFCDIRECTION((0.49999999999999972,0.,0.86602540378443882));
#4562=IFCDIRECTION((0.86602540378443882,0.,-0.49999999999999972));
#4563=IFCAXIS2PLACEMENT3D(#4560,#4561,#4562);
#4564=IFCDIRECTION((-0.49999999999999972,0.,0.86602540378443882));
#4565=IFCEXTRUDEDAREASOLID(#4559,#4563,#4564,50.);
#4566=IFCSTYLEDITEM(#4565,(#4374),$);
#4567=IFCSHAPEREPRESENTATION(#26,'Body','SweptSolid',(#4535,#4545,#4555,#4565));
#4568=IFCPRODUCTDEFINITIONSHAPE($,$,(#4567));
#4569=IFCSHAPEREPRESENTATION(#26,'Body','SweptSolid',(#4535));
#4570=IFCSHAPEASPECT((#4569),'Steel Purlins',$,.U.,#4568);
#4571=IFCSHAPEREPRESENTATION(#26,'Body','SweptSolid',(#4545));
#4572=IFCSHAPEASPECT((#4571),'Metal Panel',$,.U.,#4568);
#4573=IFCSHAPEREPRESENTATION(#26,'Body','SweptSolid',(#4555));
#4574=IFCSHAPEASPECT((#4573),'Rigid insulation',$,.U.,#4568);
#4575=IFCSHAPEREPRESENTATION(#26,'Body','SweptSolid',(#4565));
#4576=IFCSHAPEASPECT((#4575),'Roofing, Standing Seam',$,.U.,#4568);
#4577=IFCAXIS2PLACEMENT3D(#3,$,$);
#4578=IFCLOCALPLACEMENT(#4327,#4801);
#4579=IFCSLAB('3wVNDtMWbEfveJ22HbpV5F',#18,'Basic Roof:Roof_Pitched-50SS-220Ins-20MPan-225Purl:317426',$,'Basic Roof:Roof_Pitched-50SS-220Ins-20MPan-225Purl',#4578,#4568,'317426',.ROOF.);
#4580=IFCQUANTITYAREA('NetArea',$,$,2.7303708255244041,$);
#4581=IFCQUANTITYVOLUME('NetVolume',$,$,1.4061409751450695,$);
#4582=IFCQUANTITYAREA('GrossArea',$,$,29.389466970342458,$);
#4583=IFCQUANTITYVOLUME('GrossVolume',$,$,1.4061409751450695,$);
#4584=IFCROOF('3wVNDtMWbEfveJ225bpV5F',#18,'Basic Roof:Roof_Pitched-50SS-220Ins-20MPan-225Purl:317426',$,'Basic Roof:Roof_Pitched-50SS-220Ins-20MPan-225Purl',#4327,$,'317426',.NOTDEFINED.);
#4585=IFCRELAGGREGATES('0kf339aAjUzHGJEEeuUUAC',#18,$,$,#4584,(#4388,#4465,#4520,#4579));
#4586=IFCPROPERTYSINGLEVALUE('Reference',$,IFCIDENTIFIER('Roof_Pitched-50SS-220Ins-20MPan-225Purl'),$);
#4587=IFCPROPERTYSET('2nYBWsFZUcg_EmAgDvdbjK',#18,'Pset_EnvironmentalImpactIndicators',$,(#4586));
#4588=IFCPROPERTYSINGLEVALUE('Reference',$,IFCLABEL('Roof_Pitched-50SS-220Ins-20MPan-225Purl'),$);
#4589=IFCPROPERTYSET('3Ab2_uC3D6nNiJiw$1Rstv',#18,'Pset_ReinforcementBarPitchOfSlab',$,(#4588));
#4590=IFCPROPERTYSINGLEVALUE('PitchAngle',$,IFCPLANEANGLEMEASURE(30.),$);
#4591=IFCPROPERTYSET('1br77MGmhqpiNgyp4jGbFK',#18,'Pset_SlabCommon',$,(#140,#4586,#4590));
#4592=IFCPROPERTYSET('0VX7MUKNLMnBmHewVE_p17',#18,'Pset_EnvironmentalImpactIndicators',$,(#4586));
#4593=IFCPROPERTYSINGLEVALUE('Reference',$,IFCLABEL('Roof_Pitched-50SS-220Ins-20MPan-225Purl'),$);
#4594=IFCPROPERTYSET('37n5pg52k5o5Li9Cx7ACPH',#18,'Pset_ReinforcementBarPitchOfSlab',$,(#4593));
#4595=IFCPROPERTYSET('0XU9mi3NGRuqdyQybFm20N',#18,'Pset_SlabCommon',$,(#140,#4586,#4590));
#4596=IFCPROPERTYSET('3yMKFufl0d1Dc6mKjf9r4i',#18,'Pset_EnvironmentalImpactIndicators',$,(#4586));
#4597=IFCPROPERTYSINGLEVALUE('Reference',$,IFCLABEL('Roof_Pitched-50SS-220Ins-20MPan-225Purl'),$);
#4598=IFCPROPERTYSET('3CgEYQcmFhix5eGCNwS1eI',#18,'Pset_ReinforcementBarPitchOfSlab',$,(#4597));
#4599=IFCPROPERTYSET('2hYc1bNmB2vvy2oVC1E9rp',#18,'Pset_SlabCommon',$,(#140,#4586,#4590));
#4600=IFCPROPERTYSET('0529RjpS4fDUom6ES_fFx3',#18,'Pset_EnvironmentalImpactIndicators',$,(#4586));
#4601=IFCPROPERTYSINGLEVALUE('Reference',$,IFCLABEL('Roof_Pitched-50SS-220Ins-20MPan-225Purl'),$);
#4602=IFCPROPERTYSET('3IDVsViQUU4TExsukvqZsz',#18,'Pset_ReinforcementBarPitchOfSlab',$,(#4601));
#4603=IFCPROPERTYSET('1Q_F7wgQHADUFWV1cicD$m',#18,'Pset_SlabCommon',$,(#140,#4586,#4590));
#4604=IFCPROPERTYSET('1asuhIrjZp03EuDfITdnVU',#18,'Pset_EnvironmentalImpactIndicators',$,(#4586));
#4605=IFCPROPERTYSET('2rPf3gjdiSQS6mBQmm92uL',#18,'Pset_RoofCommon',$,(#140,#4586));
#4606=IFCRELDEFINESBYPROPERTIES('0ZKvbsMa80itv3Sy87Tupx',#18,$,$,(#4388),#4587);
#4607=IFCRELDEFINESBYPROPERTIES('15OtrxOl9LJ$966NdvTQpq',#18,$,$,(#4388),#4589);
#4608=IFCRELDEFINESBYPROPERTIES('0hbLMbFSmIPQQ48YsUxr9Z',#18,$,$,(#4388),#4591);
#4609=IFCRELDEFINESBYPROPERTIES('0oxNqi718U4mG4WIg2v9yu',#18,$,$,(#4465),#4592);
#4610=IFCRELDEFINESBYPROPERTIES('2LUnyWryvYiFqVM2OWEsm0',#18,$,$,(#4465),#4594);
#4611=IFCRELDEFINESBYPROPERTIES('0e8mBvSYcq3YP$_u7MP5bm',#18,$,$,(#4465),#4595);
#4612=IFCRELDEFINESBYPROPERTIES('160uTYSxdW6Kvjs6YrDQXc',#18,$,$,(#4520),#4596);
#4613=IFCRELDEFINESBYPROPERTIES('21QVhzrwz$iez4rU_$9LmG',#18,$,$,(#4520),#4598);
#4614=IFCRELDEFINESBYPROPERTIES('15$jI4JBCaYl$z7Ae4iKDI',#18,$,$,(#4520),#4599);
#4615=IFCRELDEFINESBYPROPERTIES('3iafJ$Oty_ZGed9UkIFXT4',#18,$,$,(#4579),#4600);
#4616=IFCRELDEFINESBYPROPERTIES('0rFqs9zk_ksHLz1MQYDXXB',#18,$,$,(#4579),#4602);
#4617=IFCRELDEFINESBYPROPERTIES('3fbXG36Q1UxaNatZy8B2Xh',#18,$,$,(#4579),#4603);
#4618=IFCRELDEFINESBYPROPERTIES('3W2FC9PSkIyio47xHq7hMj',#18,$,$,(#4584),#4604);
#4619=IFCRELDEFINESBYPROPERTIES('36Unwapfkb_yCdRhkLczwV',#18,$,$,(#4584),#4605);
#4620=IFCQUANTITYAREA('GrossArea','',$,154.84083886455846,$);
#4621=IFCQUANTITYAREA('NetArea','',$,154.84083886455846,$);
#4622=IFCQUANTITYAREA('ProjectedArea','',$,134.09610000000046,$);
#4623=IFCELEMENTQUANTITY('3WZKr13oyZolYEA0HxEoza',#18,'Qto_RoofBaseQuantities',$,$,(#4620,#4621,#4622));
#4624=IFCRELDEFINESBYPROPERTIES('1VEAbPwJ$CohkjH7hYSAXk',#18,$,$,(#4584),#4623);
#4625=IFCQUANTITYLENGTH('Length','',$,515.00000000000057,$);
#4626=IFCQUANTITYLENGTH('Perimeter','',$,31902.729587368143,$);
#4627=IFCQUANTITYAREA('GrossArea','',$,4.4622214978094172,$);
#4628=IFCQUANTITYAREA('NetArea','',$,154.84083886455846,$);
#4629=IFCQUANTITYVOLUME('GrossVolume','',$,2.2980440713718524,$);
#4630=IFCQUANTITYVOLUME('NetVolume','',$,79.743032015247579,$);
#4631=IFCELEMENTQUANTITY('2l_KutXVZLYbRVRlLFBYmG',#18,'Qto_SlabBaseQuantities',$,$,(#4389,#4390,#4391,#4392,#4406,#4407,#4408,#4409,#4410,#4625,#4626));
#4632=IFCRELDEFINESBYPROPERTIES('1LNHj4ukWsi0X1Awjxf8Jq',#18,$,$,(#4388),#4631);
#4633=IFCQUANTITYLENGTH('Length','',$,515.00000000000023,$);
#4634=IFCQUANTITYLENGTH('Perimeter','',$,25502.729587368256,$);
#4635=IFCQUANTITYAREA('GrossArea','',$,2.7303708255244006,$);
#4636=IFCQUANTITYAREA('NetArea','',$,154.84083886455846,$);
#4637=IFCQUANTITYVOLUME('GrossVolume','',$,1.4061409751450671,$);
#4638=IFCQUANTITYVOLUME('NetVolume','',$,79.743032015247579,$);
#4639=IFCELEMENTQUANTITY('3CdDh3rm1RD94sxXE$ZkI7',#18,'Qto_SlabBaseQuantities',$,$,(#4406,#4407,#4408,#4409,#4410,#4466,#4467,#4468,#4469,#4633,#4634));
#4640=IFCRELDEFINESBYPROPERTIES('3AorGdr1PZNZ3kqTr4rjCO',#18,$,$,(#4465),#4639);
#4641=IFCQUANTITYLENGTH('Length','',$,515.00000000000023,$);
#4642=IFCQUANTITYLENGTH('Perimeter','',$,31902.729587368125,$);
#4643=IFCQUANTITYAREA('GrossArea','',$,4.4622214978094084,$);
#4644=IFCQUANTITYAREA('NetArea','',$,154.84083886455846,$);
#4645=IFCQUANTITYVOLUME('GrossVolume','',$,2.2980440713718466,$);
#4646=IFCQUANTITYVOLUME('NetVolume','',$,79.743032015247579,$);
#4647=IFCELEMENTQUANTITY('04Hf69piI_CpE7ZFuSyLbF',#18,'Qto_SlabBaseQuantities',$,$,(#4406,#4407,#4408,#4409,#4410,#4521,#4522,#4523,#4524,#4641,#4642));
#4648=IFCRELDEFINESBYPROPERTIES('0mZSbXenYcaUlvzLZSg42q',#18,$,$,(#4520),#4647);
#4649=IFCQUANTITYLENGTH('Length','',$,515.00000000000045,$);
#4650=IFCQUANTITYLENGTH('Perimeter','',$,25502.729587368263,$);
#4651=IFCQUANTITYAREA('GrossArea','',$,2.7303708255244041,$);
#4652=IFCQUANTITYAREA('NetArea','',$,154.84083886455846,$);
#4653=IFCQUANTITYVOLUME('GrossVolume','',$,1.4061409751450695,$);
#4654=IFCQUANTITYVOLUME('NetVolume','',$,79.743032015247579,$);
#4655=IFCELEMENTQUANTITY('1tHbMRez1pGE5UVpBmPR$Q',#18,'Qto_SlabBaseQuantities',$,$,(#4406,#4407,#4408,#4409,#4410,#4580,#4581,#4582,#4583,#4649,#4650));
#4656=IFCRELDEFINESBYPROPERTIES('20TOLbv1pze3U4h5M2GZXt',#18,$,$,(#4579),#4655);
#4657=IFCPROPERTYSINGLEVALUE('ThermalTransmittance',$,IFCTHERMALTRANSMITTANCEMEASURE(0.15892777798224483),$);
#4658=IFCPROPERTYSET('2mRrEUNcI$BGOj5BI_NYpG',#18,'Pset_SlabCommon',$,(#4657));
#4659=IFCPROPERTYSINGLEVALUE('Reference',$,IFCIDENTIFIER('Circle Head - Project Datum'),$);
#4660=IFCPROPERTYSINGLEVALUE('AboveGround',$,IFCLOGICAL(.U.),$);
#4661=IFCPROPERTYSET('2QFFSloDKLdASEirlNrsWG',#18,'Pset_BuildingStoreyCommon',$,(#4659,#4660));
#4662=IFCRELDEFINESBYPROPERTIES('24vWbHxUvnwTMhwrnGQFQP',#18,$,$,(#37),#4661);
#4663=IFCRELCONTAINEDINSPATIALSTRUCTURE('3Zu5Bv0LOHrPC10066FoQQ',#18,$,$,(#108,#200,#260,#329,#357,#515,#571,#606,#648,#698,#2378,#4038,#4178,#4309),#37);
#4664=IFCPROPERTYSET('2y6jqut2mGsxPM5c1zUPr2',#18,'Pset_BuildingStoreyCommon',$,(#4659,#4660));
#4665=IFCRELDEFINESBYPROPERTIES('03h9WtlPXy$ENv9AiS5UZC',#18,$,$,(#41),#4664);
#4666=IFCRELCONTAINEDINSPATIALSTRUCTURE('15Z0v90RiHrPC20066FoKR',#18,$,$,(#4584),#41);
#4667=IFCRELAGGREGATES('3sqZdmUaf9FPxxvo7wiqi9',#18,$,$,#29,(#44));
#4668=IFCRELAGGREGATES('1OXfGg6iIVwZAYKcA_jP4_',#18,$,$,#44,(#34));
#4669=IFCRELAGGREGATES('2$1LAsj$T3CPRLiPj39tWH',#18,$,$,#34,(#37,#41));
#4670=IFCPROPERTYSINGLEVALUE('NumberOfStoreys',$,IFCINTEGER(2),$);
#4671=IFCPROPERTYSINGLEVALUE('IsLandmarked',$,IFCLOGICAL(.U.),$);
#4672=IFCPROPERTYSET('0ohSj9rmJXMus2zqqrsicf',#18,'Pset_BuildingCommon',$,(#45,#4670,#4671));
#4673=IFCPROPERTYSET('3NKvc81SOFetdvrJc9zLSH',#18,'Pset_BuildingElementProxyCommon',$,(#45,#541));
#4674=IFCPROPERTYSET('3nhIe8bGTTUNzyVcIJzEkY',#18,'Pset_BuildingStoreyCommon',$,(#45,#4660));
#4675=IFCPROPERTYSET('1yECuybPy8Hi5FPj9kBKc6',#18,'Pset_BuildingSystemCommon',$,(#45));
#4676=IFCRELDEFINESBYPROPERTIES('1MlMbAHTR6HYPf2bH6mwtL',#18,$,$,(#34),#4672);
#4677=IFCRELDEFINESBYPROPERTIES('1fSQ22olHVbCW_P7$vDJo7',#18,$,$,(#34),#4673);
#4678=IFCRELDEFINESBYPROPERTIES('1bC8U$U7WB$eGuloOz1Gzw',#18,$,$,(#34),#4674);
#4679=IFCRELDEFINESBYPROPERTIES('1HrXiDv5luH456bdwqimXm',#18,$,$,(#34),#4675);
#4680=IFCRELASSOCIATESMATERIAL('3ItfnE_HDAvdM8BUOSApai',#18,$,$,(#2354),#2371);
#4681=IFCRELASSOCIATESMATERIAL('3mJkvwW0g5xAqVQ0CY_Qq9',#18,$,$,(#2378),#2383);
#4682=IFCRELASSOCIATESMATERIAL('1l8WUnGdSRpEtJmpl_oSDm',#18,$,$,(#4018),#4031);
#4683=IFCRELASSOCIATESMATERIAL('0yNA4JjNPGCmCgpRaJyEoh',#18,$,$,(#4038),#4043);
#4684=IFCRELASSOCIATESMATERIAL('0lOxKEh_fkmc63a2EM24BK',#18,$,$,(#4159),#4171);
#4685=IFCRELASSOCIATESMATERIAL('1rJbQ5HHfGoLpWe1uYj16b',#18,$,$,(#4178),#4181);
#4686=IFCRELASSOCIATESMATERIAL('3irLlWvQ1H7spoNny6Bfhm',#18,$,$,(#4292),#4302);
#4687=IFCRELASSOCIATESMATERIAL('1RMVt6YZxfacqzH0NSq23E',#18,$,$,(#4309),#4312);
#4688=IFCRELASSOCIATESMATERIAL('3JTLBGZdmohSxOz43dpJ$g',#18,$,$,(#600,#606),#112);
#4689=IFCRELASSOCIATESMATERIAL('1jxgPn6RRfxaiGLuCMJ1xU',#18,$,$,(#108,#135,#200,#260,#329),#121);
#4690=IFCRELASSOCIATESMATERIAL('2edbgDqxNm2nvPjHwCAnDi',#18,$,$,(#357,#419),#443);
#4691=IFCRELASSOCIATESMATERIAL('0W0yWGiDIiGKn7beaTIA1W',#18,$,$,(#515,#536),#523);
#4692=IFCRELASSOCIATESMATERIAL('3FL_fjQs6iU$lE9$_OKSQg',#18,$,$,(#562,#571,#639,#648),#563);
#4693=IFCRELASSOCIATESMATERIAL('0tNu31mW4SfxkDpzLeDqYF',#18,$,$,(#698),#705);
#4694=IFCRELASSOCIATESMATERIAL('3BTZF63M_9dz3tr3wkG0ok',#18,$,$,(#4388,#4465,#4520,#4579),#4405);
#4695=IFCRELDEFINESBYTYPE('0gcPovOn7QcR6iCsNwgUL8',#18,$,$,(#108,#200,#260,#329),#135);
#4696=IFCRELDEFINESBYTYPE('38B08YthVKLdXB2nMRbo0l',#18,$,$,(#357),#419);
#4697=IFCRELDEFINESBYTYPE('1gFTPxyTTQMNb7JpNB6YD3',#18,$,$,(#515),#536);
#4698=IFCRELDEFINESBYTYPE('14umg8rWSCFCIM88WI5caN',#18,$,$,(#571),#562);
#4699=IFCRELDEFINESBYTYPE('0_I5CgkuFcYrLoA_aPGv0p',#18,$,$,(#606),#600);
#4700=IFCRELDEFINESBYTYPE('37l$z4kJDqrrLJmO2UZtYA',#18,$,$,(#648),#639);
#4701=IFCRELDEFINESBYTYPE('3Xc2Qcv3N2ZXyUjexyFY8i',#18,$,$,(#698),#709);
#4702=IFCRELDEFINESBYTYPE('0TXNNbnyUiYriuVTKZorlU',#18,$,$,(#2378),#2354);
#4703=IFCRELDEFINESBYTYPE('2MPQkzTT3SiGNYGK1ywYmg',#18,$,$,(#4038),#4018);
#4704=IFCRELDEFINESBYTYPE('3vpEyYsMNsUcb15nMeZkCw',#18,$,$,(#4178),#4159);
#4705=IFCRELDEFINESBYTYPE('3tVTWwcznpKNr8Yft6bC6Y',#18,$,$,(#4309),#4292);
#4706=IFCRELDEFINESBYTYPE('3PuY$SWhFXKEtWD91fkNkd',#18,$,$,(#4388,#4465,#4520,#4579),#4393);
#4707=IFCPRESENTATIONLAYERASSIGNMENT('A-WALL-____-OTLN',$,(#53,#99,#100,#102,#104,#106,#161,#191,#192,#194,#196,#198,#221,#251,#252,#254,#256,#258,#282,#320,#321,#323,#325,#327),$);
#4708=IFCPRESENTATIONLAYERASSIGNMENT('A-FLOR-____-OTLN',$,(#408,#409,#411,#413,#415,#417),$);
#4709=IFCPRESENTATIONLAYERASSIGNMENT('I-WALL-____-OTLN',$,(#476,#508,#509,#511,#513),$);
#4710=IFCPRESENTATIONLAYERASSIGNMENT('S-COLS-____-OTLN',$,(#559,#566),$);
#4711=IFCPRESENTATIONLAYERASSIGNMENT('A-COLS-____-OTLN',$,(#597,#602),$);
#4712=IFCPRESENTATIONLAYERASSIGNMENT('S-BEAM-____-OTLN',$,(#631,#634,#641,#643),$);
#4713=IFCPRESENTATIONLAYERASSIGNMENT('A-CLNG-____-OTLN',$,(#693,#694,#696),$);
#4714=IFCPRESENTATIONLAYERASSIGNMENT('A-DOOR-____-OTLN',$,(#2349,#2360,#2363,#2366,#2369,#2373,#4013,#4020,#4023,#4026,#4029,#4033),$);
#4715=IFCPRESENTATIONLAYERASSIGNMENT('A-GLAZ-____-OTLN',$,(#4155,#4163,#4166,#4169,#4173,#4288,#4294,#4297,#4300,#4304),$);
#4716=IFCPRESENTATIONLAYERASSIGNMENT('A-ROOF-____-OTLN',$,(#4376,#4378,#4380,#4382,#4384,#4453,#4455,#4457,#4459,#4461,#4508,#4510,#4512,#4514,#4516,#4567,#4569,#4571,#4573,#4575),$);
#4717=IFCCARTESIANPOINTLIST2D(((0.,810.),(0.,-1.3460983389584795E-027),(2110.,-1.3460983389584795E-027),(2110.,810.),(0.,810.)));
#4718=IFCINDEXEDPOLYCURVE(#4717,$,.F.);
#4719=IFCARBITRARYCLOSEDPROFILEDEF(.AREA.,$,#4718);
#4720=IFCAXIS2PLACEMENT3D(#3,#7,#9);
#4721=IFCEXTRUDEDAREASOLID(#4719,#4720,#9,290.);
#4722=IFCSHAPEREPRESENTATION(#26,'Body','SweptSolid',(#4721));
#4723=IFCPRODUCTDEFINITIONSHAPE($,$,(#4722));
#4724=IFCCARTESIANPOINT((6700.,-145.,0.));
#4725=IFCAXIS2PLACEMENT3D(#4724,$,$);
#4726=IFCLOCALPLACEMENT(#279,#4725);
#4727=IFCOPENINGELEMENT('0lIwUP0z851eZKGBLH1njh',#18,'Doors_IntSgl:810x2110mm:317243:1',$,$,#4726,#4723,'317243',.OPENING.);
#4728=IFCRELVOIDSELEMENT('3wVNDtMWbEfveJ23LbpV66',#18,$,$,#329,#4727);
#4729=IFCQUANTITYLENGTH('Depth',$,$,290.,$);
#4730=IFCQUANTITYLENGTH('Height',$,$,810.,$);
#4731=IFCQUANTITYLENGTH('Width',$,$,2110.,$);
#4732=IFCELEMENTQUANTITY('2jpAglnB5EPqcf4BxxI0Cp',#18,'Qto_OpeningElementBaseQuantities',$,$,(#4729,#4730,#4731));
#4733=IFCRELDEFINESBYPROPERTIES('0nmEToC09psvyubg8eq_Vi',#18,$,$,(#4727),#4732);
#4734=IFCRELFILLSELEMENT('0szhDTwz6EVYUMr60jKPYd',#18,$,$,#4727,#2378);
#4735=IFCAXIS2PLACEMENT3D(#3,$,$);
#4736=IFCLOCALPLACEMENT(#4726,#4735);
#4737=IFCCARTESIANPOINTLIST2D(((910.00000000000091,-1.0937049004037647E-027),(910.00000000000091,910.00000000000102),(0.,910.00000000000102),(0.,-1.0937049004037647E-027),(910.00000000000091,-1.0937049004037647E-027)));
#4738=IFCINDEXEDPOLYCURVE(#4737,$,.F.);
#4739=IFCARBITRARYCLOSEDPROFILEDEF(.AREA.,$,#4738);
#4740=IFCAXIS2PLACEMENT3D(#3,#7,#9);
#4741=IFCEXTRUDEDAREASOLID(#4739,#4740,#9,290.);
#4742=IFCSHAPEREPRESENTATION(#26,'Body','SweptSolid',(#4741));
#4743=IFCPRODUCTDEFINITIONSHAPE($,$,(#4742));
#4744=IFCCARTESIANPOINT((2400.,-145.,1200.));
#4745=IFCAXIS2PLACEMENT3D(#4744,$,$);
#4746=IFCLOCALPLACEMENT(#279,#4745);
#4747=IFCOPENINGELEMENT('3Gmx_ZEmzPYvPp9hIjgSUd',#18,'Windows_Sgl_Plain:910x910mm:317315:1',$,$,#4746,#4743,'317315',.OPENING.);
#4748=IFCRELVOIDSELEMENT('3wVNDtMWbEfveJ23LbpV4_',#18,$,$,#329,#4747);
#4749=IFCQUANTITYLENGTH('Depth',$,$,290.,$);
#4750=IFCQUANTITYLENGTH('Height',$,$,910.00000000000102,$);
#4751=IFCQUANTITYLENGTH('Width',$,$,910.00000000000091,$);
#4752=IFCELEMENTQUANTITY('17gU9XkmIB_J3KyJer2skA',#18,'Qto_OpeningElementBaseQuantities',$,$,(#4749,#4750,#4751));
#4753=IFCRELDEFINESBYPROPERTIES('1lMh$q1vBzs8gC2k_uALaN',#18,$,$,(#4747),#4752);
#4754=IFCRELFILLSELEMENT('2Rqdn8PA9vvIrSS5ieh9id',#18,$,$,#4747,#4178);
#4755=IFCAXIS2PLACEMENT3D(#3,$,$);
#4756=IFCLOCALPLACEMENT(#4746,#4755);
#4757=IFCCARTESIANPOINTLIST2D(((0.,809.99999999999943),(0.,0.),(2110.,0.),(2110.,809.99999999999943),(0.,809.99999999999943)));
#4758=IFCINDEXEDPOLYCURVE(#4757,$,.F.);
#4759=IFCARBITRARYCLOSEDPROFILEDEF(.AREA.,$,#4758);
#4760=IFCAXIS2PLACEMENT3D(#3,#8,#9);
#4761=IFCEXTRUDEDAREASOLID(#4759,#4760,#9,125.00000000000001);
#4762=IFCSHAPEREPRESENTATION(#26,'Body','SweptSolid',(#4761));
#4763=IFCPRODUCTDEFINITIONSHAPE($,$,(#4762));
#4764=IFCCARTESIANPOINT((2110.,62.499999999996597,0.));
#4765=IFCAXIS2PLACEMENT3D(#4764,$,$);
#4766=IFCLOCALPLACEMENT(#473,#4765);
#4767=IFCOPENINGELEMENT('39dfGsJJdd8kRwdpXBgGnG',#18,'Doors_IntSgl:810x2110mm:317296:1',$,$,#4766,#4763,'317296',.OPENING.);
#4768=IFCRELVOIDSELEMENT('3wVNDtMWbEfveJ23LbpV7D',#18,$,$,#515,#4767);
#4769=IFCQUANTITYLENGTH('Depth',$,$,125.00000000000001,$);
#4770=IFCQUANTITYLENGTH('Height',$,$,809.99999999999943,$);
#4771=IFCQUANTITYLENGTH('Width',$,$,2110.,$);
#4772=IFCELEMENTQUANTITY('0dn1fEovoRrxfDpZ9tbSIT',#18,'Qto_OpeningElementBaseQuantities',$,$,(#4769,#4770,#4771));
#4773=IFCRELDEFINESBYPROPERTIES('2U7nbB_UTh$rLBDbhOoifh',#18,$,$,(#4767),#4772);
#4774=IFCRELFILLSELEMENT('2Um7Kb0yzMeiZlpkRaNhrc',#18,$,$,#4767,#4038);
#4775=IFCAXIS2PLACEMENT3D(#3,#9,#6);
#4776=IFCLOCALPLACEMENT(#4766,#4775);
#4777=IFCCARTESIANPOINTLIST2D(((910.00000000000091,0.),(910.00000000000091,910.00000000000102),(0.,910.00000000000102),(0.,0.),(910.00000000000091,0.)));
#4778=IFCINDEXEDPOLYCURVE(#4777,$,.F.);
#4779=IFCARBITRARYCLOSEDPROFILEDEF(.AREA.,$,#4778);
#4780=IFCAXIS2PLACEMENT3D(#3,#8,#9);
#4781=IFCEXTRUDEDAREASOLID(#4779,#4780,#9,125.00000000000001);
#4782=IFCSHAPEREPRESENTATION(#26,'Body','SweptSolid',(#4781));
#4783=IFCPRODUCTDEFINITIONSHAPE($,$,(#4782));
#4784=IFCCARTESIANPOINT((6265.,62.499999999989889,1200.));
#4785=IFCAXIS2PLACEMENT3D(#4784,$,$);
#4786=IFCLOCALPLACEMENT(#473,#4785);
#4787=IFCOPENINGELEMENT('2m0$NIryGpUxK3uQPTblQ2',#18,'Windows_Sgl_Plain:910x910mm:317362:1',$,$,#4786,#4783,'317362',.OPENING.);
#4788=IFCRELVOIDSELEMENT('3wVNDtMWbEfveJ23LbpV4F',#18,$,$,#515,#4787);
#4789=IFCQUANTITYLENGTH('Depth',$,$,125.00000000000001,$);
#4790=IFCQUANTITYLENGTH('Height',$,$,910.00000000000102,$);
#4791=IFCQUANTITYLENGTH('Width',$,$,910.00000000000091,$);
#4792=IFCELEMENTQUANTITY('1O46nl0da55saKhbk$utL0',#18,'Qto_OpeningElementBaseQuantities',$,$,(#4789,#4790,#4791));
#4793=IFCRELDEFINESBYPROPERTIES('1iIJhW_D4l8hctkrY4TO1c',#18,$,$,(#4787),#4792);
#4794=IFCRELFILLSELEMENT('3vV6UvjayxWGPBvXsPf56D',#18,$,$,#4787,#4309);
#4795=IFCAXIS2PLACEMENT3D(#3,#9,#6);
#4796=IFCLOCALPLACEMENT(#4786,#4795);
#4797=IFCUNITASSIGNMENT((#19,#20,#21,#64,#153));
#4798=IFCAXIS2PLACEMENT3D(#3,$,$);
#4799=IFCAXIS2PLACEMENT3D(#3,$,$);
#4800=IFCAXIS2PLACEMENT3D(#3,$,$);
#4801=IFCAXIS2PLACEMENT3D(#3,$,$);
ENDSEC;

END-ISO-10303-21;