ISO-10303-21;
HEADER;
FILE_DESCRIPTION(('ViewDefinition [ReferenceView_V1.2]','RevitIdentifiers [ContentGUID: 5a92d36d-39e6-4e35-9cf7-386ddae7a00b, VersionGUID: 6f02fd7a-655f-415e-912a-a8efdf884dfa, NumberOfSaves: 1]','CoordinateReference [CoordinateBase: Shared Coordinates]','ExchangeRequirement [Architecture]'),'2;1');
FILE_NAME('native_cross_level.ifc','2026-09-11T23:25:00+01:00',(''),(''),'ODA SDAI 24.12','Autodesk Revit 25.4.50.35 (ENG) - IFC 25.4.50.35','');
FILE_SCHEMA(('IFC4'));
ENDSEC;

DATA;
#1=IFCORGANIZATION($,'Autodesk Revit 2025 (ENG)',$,$,$);
#2=IFCAPPLICATION(#1,'2025','Autodesk Revit 2025 (ENG)','Revit');
#3=IFCCARTESIANPOINT((0.,0.,0.));
#4=IFCCARTESIANPOINT((0.,0.));
#5=IFCDIRECTION((1.,0.,0.));
#6=IFCDIRECTION((-1.,0.,0.));
#7=IFCDIRECTION((0.,1.,0.));
#8=IFCDIRECTION((0.,-1.,0.));
#9=IFCDIRECTION((0.,0.,1.));
#10=IFCDIRECTION((0.,0.,-1.));
#11=IFCDIRECTION((1.,0.));
#12=IFCDIRECTION((-1.,0.));
#13=IFCDIRECTION((0.,1.));
#14=IFCDIRECTION((0.,-1.));
#15=IFCPERSON($,'','peiling.song',$,$,$,$,$);
#16=IFCORGANIZATION($,'','',$,$);
#17=IFCPERSONANDORGANIZATION(#15,#16,$);
#18=IFCOWNERHISTORY(#17,#2,$,.NOCHANGE.,$,$,$,1789161872);
#19=IFCSIUNIT(*,.LENGTHUNIT.,.MILLI.,.METRE.);
#20=IFCSIUNIT(*,.AREAUNIT.,$,.SQUARE_METRE.);
#21=IFCSIUNIT(*,.VOLUMEUNIT.,$,.CUBIC_METRE.);
#22=IFCAXIS2PLACEMENT3D(#3,$,$);
#23=IFCDIRECTION((6.123233995736766E-017,1.));
#24=IFCGEOMETRICREPRESENTATIONCONTEXT($,'Model',3,0.01,#22,#23);
#25=IFCGEOMETRICREPRESENTATIONSUBCONTEXT('Axis','Model',*,*,*,*,#24,$,.GRAPH_VIEW.,$);
#26=IFCGEOMETRICREPRESENTATIONSUBCONTEXT('Body','Model',*,*,*,*,#24,$,.MODEL_VIEW.,$);
#27=IFCGEOMETRICREPRESENTATIONSUBCONTEXT('Box','Model',*,*,*,*,#24,$,.MODEL_VIEW.,$);
#28=IFCGEOMETRICREPRESENTATIONSUBCONTEXT('FootPrint','Model',*,*,*,*,#24,$,.MODEL_VIEW.,$);
#29=IFCPROJECT('1QajDjEUPEDPptE6qb65$x',#18,'Project Number',$,$,'Project Name','Project Status',(#24),#3487);
#30=IFCCLASSIFICATION('CSI (Construction Specifications Institute)','1998',$,'Uniformat','UniFormat Classification','https://www.csiresources.org/standards/uniformat',$);
#31=IFCAXIS2PLACEMENT3D(#3,$,$);
#32=IFCLOCALPLACEMENT(#47,#31);
#33=IFCPOSTALADDRESS($,$,$,$,('Enter address here'),$,'London','London','','United Kingdom');
#34=IFCBUILDING('1QajDjEUPEDPptE6qb65$w',#18,'',$,$,#32,$,'',.ELEMENT.,$,$,#33);
#35=IFCAXIS2PLACEMENT3D(#3,$,$);
#36=IFCLOCALPLACEMENT(#32,#35);
#37=IFCBUILDINGSTOREY('3Zu5Bv0LOHrPC10026FoQQ',#18,'Level 0',$,'Level:Circle Head - Project Datum',#36,$,'Level 0',.ELEMENT.,0.);
#38=IFCCARTESIANPOINT((0.,0.,4000.));
#39=IFCAXIS2PLACEMENT3D(#38,$,$);
#40=IFCLOCALPLACEMENT(#32,#39);
#41=IFCBUILDINGSTOREY('15Z0v90RiHrPC20026FoKR',#18,'Level 1',$,'Level:Circle Head - Project Datum',#40,$,'Level 1',.ELEMENT.,3999.9999999999991);
#42=IFCCARTESIANPOINT((0.,0.,8000.));
#43=IFCAXIS2PLACEMENT3D(#42,$,$);
#44=IFCLOCALPLACEMENT(#32,#43);
#45=IFCBUILDINGSTOREY('1$O13Gb95Bae30SuTfvUuA',#18,'Level 2',$,'Level:Circle Head - Project Datum',#44,$,'Level 2',.ELEMENT.,8000.0000000000009);
#46=IFCAXIS2PLACEMENT3D(#3,$,$);
#47=IFCLOCALPLACEMENT($,#46);
#48=IFCSITE('1QajDjEUPEDPptE6qb65$v',#18,'Default',$,$,#47,$,$,.ELEMENT.,(51,30,23,112487),(0,-7,-37,-956022),0.,$,$);
#49=IFCPROPERTYSINGLEVALUE('Reference',$,IFCIDENTIFIER('Project Information'),$);
#50=IFCPROPERTYSET('30IkTYP544zYcuBBxOKvGQ',#18,'Pset_SiteCommon',$,(#49));
#51=IFCRELDEFINESBYPROPERTIES('3mfP_NuYu9Mv2p3_YnPU$b',#18,$,$,(#48),#50);
#52=IFCCARTESIANPOINT((-8647.5566128537321,4812.5330448100613,0.));
#53=IFCAXIS2PLACEMENT3D(#52,$,$);
#54=IFCLOCALPLACEMENT(#36,#53);
#55=IFCCARTESIANPOINTLIST3D(((-3.5477721780738128E-013,0.,0.),(19590.000000000025,-5.4143356464919636E-013,0.)));
#56=IFCINDEXEDPOLYCURVE(#55,$,.F.);
#57=IFCSHAPEREPRESENTATION(#25,'Axis','Curve3D',(#56));
#58=IFCPRODUCTDEFINITIONSHAPE($,$,(#57,#103));
#59=IFCCARTESIANPOINTLIST2D(((-8541.8750000000091,-3.1249999999727591),(-3189.3750000000127,-3.1249999999900853),(-2589.3750000000118,-3.1249999999917093),(10468.125000000018,-3.1250000000339413),(10480.625000000015,-3.1250000000339413),(10480.62500000002,9.3749999999664659),(-8554.3750000000109,9.3750000000276472),(-8554.3750000000109,-3.1249999999727591),(-8541.8750000000091,-3.1249999999727591)));
#60=IFCINDEXEDPOLYCURVE(#59,$,.F.);
#61=IFCARBITRARYCLOSEDPROFILEDEF(.AREA.,'Wall-Ext_102Bwk-75Ins-100LBlk-12P',#60);
#62=IFCCARTESIANPOINT((8831.8750000000109,-141.87500000000077,0.));
#63=IFCAXIS2PLACEMENT3D(#62,$,$);
#64=IFCEXTRUDEDAREASOLID(#61,#63,#9,3999.9999999999991);
#65=IFCSIUNIT(*,.PLANEANGLEUNIT.,$,.RADIAN.);
#66=IFCDIMENSIONALEXPONENTS(0,0,0,0,0,0,0);
#67=IFCMEASUREWITHUNIT(IFCPLANEANGLEMEASURE(0.017453292519943278),#65);
#68=IFCCONVERSIONBASEDUNIT(#66,.PLANEANGLEUNIT.,'DEGREE',#67);
#69=IFCCARTESIANPOINTLIST2D(((-9617.5000000000146,-49.999999999969141),(9617.5000000000146,-50.000000000031406),(9617.5000000000146,49.999999999968601),(-9617.5000000000146,50.000000000030866),(-9617.5000000000146,-49.999999999969141)));
#70=IFCINDEXEDPOLYCURVE(#69,$,.F.);
#71=IFCARBITRARYCLOSEDPROFILEDEF(.AREA.,'Wall-Ext_102Bwk-75Ins-100LBlk-12P',#70);
#72=IFCCARTESIANPOINT((9795.,-82.500000000000199,0.));
#73=IFCAXIS2PLACEMENT3D(#72,$,$);
#74=IFCEXTRUDEDAREASOLID(#71,#73,#9,3999.9999999999991);
#75=IFCCARTESIANPOINTLIST2D(((-9692.5000000000146,-37.499999999968736),(9692.5000000000146,-37.500000000031001),(9692.5000000000146,37.499999999969276),(-9692.5000000000146,37.500000000031541),(-9692.5000000000146,-37.499999999968736)));
#76=IFCINDEXEDPOLYCURVE(#75,$,.F.);
#77=IFCARBITRARYCLOSEDPROFILEDEF(.AREA.,'Wall-Ext_102Bwk-75Ins-100LBlk-12P',#76);
#78=IFCCARTESIANPOINT((9795.,5.,0.));
#79=IFCAXIS2PLACEMENT3D(#78,$,$);
#80=IFCEXTRUDEDAREASOLID(#77,#79,#9,3999.9999999999991);
#81=IFCCARTESIANPOINTLIST2D(((-51.250000000031662,-9795.0000000000146),(51.24999999996723,-9795.0000000000146),(51.250000000030582,9795.0000000000127),(-51.249999999968857,9795.0000000000146),(-51.250000000031662,-9795.0000000000146)));
#82=IFCINDEXEDPOLYCURVE(#81,$,.F.);
#83=IFCARBITRARYCLOSEDPROFILEDEF(.AREA.,'Wall-Ext_102Bwk-75Ins-100LBlk-12P',#82);
#84=IFCCARTESIANPOINT((9795.,93.749999999998721,0.));
#85=IFCAXIS2PLACEMENT3D(#84,#9,#8);
#86=IFCEXTRUDEDAREASOLID(#83,#85,#9,3999.9999999999991);
#87=IFCCOLOURRGB($,0.97647058823529409,0.97647058823529409,0.97647058823529409);
#88=IFCSURFACESTYLERENDERING(#87,0.,$,$,$,$,IFCNORMALISEDRATIOMEASURE(0.5),IFCSPECULAREXPONENT(128.),.NOTDEFINED.);
#89=IFCSURFACESTYLE('Plaster',.BOTH.,(#88));
#90=IFCSTYLEDITEM(#64,(#89),$);
#91=IFCCOLOURRGB($,0.70980392156862748,0.70980392156862748,0.70980392156862748);
#92=IFCSURFACESTYLERENDERING(#91,0.,$,$,$,$,IFCNORMALISEDRATIOMEASURE(0.5),IFCSPECULAREXPONENT(64.),.NOTDEFINED.);
#93=IFCSURFACESTYLE('Concrete Masonry Units _Low Density',.BOTH.,(#92));
#94=IFCSTYLEDITEM(#74,(#93),$);
#95=IFCCOLOURRGB($,0.49803921568627452,0.49803921568627452,0.49803921568627452);
#96=IFCSURFACESTYLERENDERING(#95,0.,$,$,$,$,IFCNORMALISEDRATIOMEASURE(0.5),IFCSPECULAREXPONENT(64.),.NOTDEFINED.);
#97=IFCSURFACESTYLE('Fiberglass Batt',.BOTH.,(#96));
#98=IFCSTYLEDITEM(#80,(#97),$);
#99=IFCCOLOURRGB($,0.66666666666666663,0.39215686274509803,0.41176470588235292);
#100=IFCSURFACESTYLERENDERING(#99,0.,$,$,$,$,IFCNORMALISEDRATIOMEASURE(0.5),IFCSPECULAREXPONENT(128.),.NOTDEFINED.);
#101=IFCSURFACESTYLE('Brick, Common',.BOTH.,(#100));
#102=IFCSTYLEDITEM(#86,(#101),$);
#103=IFCSHAPEREPRESENTATION(#26,'Body','SweptSolid',(#64,#74,#80,#86));
#104=IFCSHAPEREPRESENTATION(#26,'Body','SweptSolid',(#86));
#105=IFCSHAPEASPECT((#104),'Brick, Common',$,.U.,#58);
#106=IFCSHAPEREPRESENTATION(#26,'Body','SweptSolid',(#80));
#107=IFCSHAPEASPECT((#106),'Fiberglass Batt',$,.U.,#58);
#108=IFCSHAPEREPRESENTATION(#26,'Body','SweptSolid',(#74));
#109=IFCSHAPEASPECT((#108),'Concrete Masonry Units _Low Density',$,.U.,#58);
#110=IFCSHAPEREPRESENTATION(#26,'Body','SweptSolid',(#64));
#111=IFCSHAPEASPECT((#110),'Plaster',$,.U.,#58);
#112=IFCWALL('1$O13Gb95Bae30SuTfvUcG',#18,'Basic Wall:Wall-Ext_102Bwk-75Ins-100LBlk-12P:314492',$,'Basic Wall:Wall-Ext_102Bwk-75Ins-100LBlk-12P',#54,#58,'314492',.NOTDEFINED.);
#113=IFCMATERIAL('Brick, Common',$,'Masonry');
#114=IFCMATERIAL('Fiberglass Batt',$,'Generic');
#115=IFCMATERIAL('Concrete Masonry Units _Low Density',$,'Masonry');
#116=IFCMATERIAL('Plaster',$,'Generic');
#117=IFCMATERIALCONSTITUENT('Brick, Common',$,#113,0.35344827586206895,'Masonry');
#118=IFCQUANTITYLENGTH('Width',$,$,102.5,$);
#119=IFCMATERIALCONSTITUENT('Fiberglass Batt',$,#114,0.25862068965517243,'Generic');
#120=IFCQUANTITYLENGTH('Width',$,$,75.,$);
#121=IFCMATERIALCONSTITUENT('Concrete Masonry Units _Low Density',$,#115,0.34482758620689657,'Masonry');
#122=IFCQUANTITYLENGTH('Width',$,$,100.,$);
#123=IFCMATERIALCONSTITUENT('Plaster',$,#116,0.043103448275862072,'Generic');
#124=IFCQUANTITYLENGTH('Width',$,$,12.5,$);
#125=IFCMATERIALCONSTITUENTSET('Basic Wall:Wall-Ext_102Bwk-75Ins-100LBlk-12P',$,(#117,#119,#121,#123));
#126=IFCPHYSICALCOMPLEXQUANTITY('Brick, Common',$,(#118),'Layer',$,$);
#127=IFCPHYSICALCOMPLEXQUANTITY('Fiberglass Batt',$,(#120),'Layer',$,$);
#128=IFCPHYSICALCOMPLEXQUANTITY('Concrete Masonry Units _Low Density',$,(#122),'Layer',$,$);
#129=IFCPHYSICALCOMPLEXQUANTITY('Plaster',$,(#124),'Layer',$,$);
#130=IFCQUANTITYLENGTH('Width',$,$,290.,$);
#131=IFCQUANTITYLENGTH('Height',$,$,3999.9999999999991,$);
#132=IFCQUANTITYLENGTH('Length',$,$,19300.,$);
#133=IFCQUANTITYVOLUME('GrossVolume',$,$,22.724400000000028,$);
#134=IFCQUANTITYAREA('GrossSideArea',$,$,78.360000000000085,$);
#135=IFCQUANTITYAREA('NetSideArea',$,$,78.360000000000099,$);
#136=IFCQUANTITYVOLUME('NetVolume',$,$,22.724400000000042,$);
#137=IFCELEMENTQUANTITY('0ZkRwAus7LIADwGRLEC7G2',#18,'Qto_WallBaseQuantities',$,$,(#126,#127,#128,#129,#130,#131,#132,#133,#134,#135,#136));
#138=IFCRELDEFINESBYPROPERTIES('3Sr1WRS6vQ3YGuWnYeAzKl',#18,$,$,(#112),#137);
#139=IFCWALLTYPE('2ru7YPT4T9MuTpOS4FRzxX',#18,'Basic Wall:Wall-Ext_102Bwk-75Ins-100LBlk-12P',$,$,(#159),$,'45419',$,.STANDARD.);
#140=IFCPROPERTYSINGLEVALUE('Reference',$,IFCIDENTIFIER('Wall-Ext_102Bwk-75Ins-100LBlk-12P'),$);
#141=IFCPROPERTYSET('2ft6NPQaqtTnV_8wDFxrsO',#18,'Pset_EnvironmentalImpactIndicators',$,(#140));
#142=IFCPROPERTYSINGLEVALUE('Reference',$,IFCLABEL('Wall-Ext_102Bwk-75Ins-100LBlk-12P'),$);
#143=IFCPROPERTYSET('2VziiKbYTX33UZzmibtD0S',#18,'Pset_ReinforcementBarPitchOfWall',$,(#142));
#144=IFCPROPERTYSINGLEVALUE('IsExternal',$,IFCBOOLEAN(.T.),$);
#145=IFCPROPERTYSINGLEVALUE('LoadBearing',$,IFCBOOLEAN(.F.),$);
#146=IFCPROPERTYSINGLEVALUE('ExtendToStructure',$,IFCBOOLEAN(.F.),$);
#147=IFCPROPERTYSET('2PzAKC__Ba2fayIflgXFCH',#18,'Pset_WallCommon',$,(#140,#144,#145,#146));
#148=IFCRELDEFINESBYPROPERTIES('1xu$BrHkk7dchRc6xRZoyf',#18,$,$,(#112),#141);
#149=IFCRELDEFINESBYPROPERTIES('0L0RTgASTa2Ox7Cg3k3OVR',#18,$,$,(#112),#143);
#150=IFCRELDEFINESBYPROPERTIES('0znN6Pmr1GqRPlC6pUArqP',#18,$,$,(#112),#147);
#151=IFCSIUNIT(*,.MASSUNIT.,.KILO.,.GRAM.);
#152=IFCDERIVEDUNITELEMENT(#151,1);
#153=IFCSIUNIT(*,.THERMODYNAMICTEMPERATUREUNIT.,$,.KELVIN.);
#154=IFCDERIVEDUNITELEMENT(#153,-1);
#155=IFCSIUNIT(*,.TIMEUNIT.,$,.SECOND.);
#156=IFCDERIVEDUNITELEMENT(#155,-3);
#157=IFCDERIVEDUNIT((#152,#154,#156),.THERMALTRANSMITTANCEUNIT.,$);
#158=IFCPROPERTYSINGLEVALUE('ThermalTransmittance',$,IFCTHERMALTRANSMITTANCEMEASURE(0.23592605993668123),$);
#159=IFCPROPERTYSET('3orq6BN_LwRCX23Dley2E6',#18,'Pset_WallCommon',$,(#158));
#160=IFCCARTESIANPOINT((10797.443387146293,4667.5330448099985,0.));
#161=IFCAXIS2PLACEMENT3D(#160,#9,#8);
#162=IFCLOCALPLACEMENT(#36,#161);
#163=IFCCARTESIANPOINTLIST3D(((0.,-9.4439870374265557E-013,0.),(13300.000000000004,8.6201313468665339E-013,0.)));
#164=IFCINDEXEDPOLYCURVE(#163,$,.F.);
#165=IFCSHAPEREPRESENTATION(#25,'Axis','Curve3D',(#164));
#166=IFCPRODUCTDEFINITIONSHAPE($,$,(#165,#195));
#167=IFCCARTESIANPOINTLIST2D(((5199.0000000000009,-5.0000000000400124),(5211.5,-5.0000000000400124),(5211.5,7.4999999999593117),(-7811.,7.500000000058936),(-7811.,-4.9999999999425544),(5199.0000000000009,-5.0000000000400124)));
#168=IFCINDEXEDPOLYCURVE(#167,$,.F.);
#169=IFCARBITRARYCLOSEDPROFILEDEF(.AREA.,'Wall-Ext_102Bwk-75Ins-100LBlk-12P',#168);
#170=IFCCARTESIANPOINT((7811.,-140.,0.));
#171=IFCAXIS2PLACEMENT3D(#170,$,$);
#172=IFCEXTRUDEDAREASOLID(#169,#171,#9,3999.9999999999991);
#173=IFCCARTESIANPOINTLIST2D(((-6567.5,-49.999999999951818),(6567.5,-50.000000000051436),(6567.4999999999991,49.999999999949651),(-6567.4999999999991,50.000000000049276),(-6567.5,-49.999999999951818)));
#174=IFCINDEXEDPOLYCURVE(#173,$,.F.);
#175=IFCARBITRARYCLOSEDPROFILEDEF(.AREA.,'Wall-Ext_102Bwk-75Ins-100LBlk-12P',#174);
#176=IFCCARTESIANPOINT((6555.,-82.499999999997172,0.));
#177=IFCAXIS2PLACEMENT3D(#176,$,$);
#178=IFCEXTRUDEDAREASOLID(#175,#177,#9,3999.9999999999991);
#179=IFCCARTESIANPOINTLIST2D(((-6654.9999999999991,-37.499999999948159),(6654.9999999999973,-37.500000000049951),(6655.,37.499999999948159),(-6654.9999999999973,37.500000000049951),(-6654.9999999999991,-37.499999999948159)));
#180=IFCINDEXEDPOLYCURVE(#179,$,.F.);
#181=IFCARBITRARYCLOSEDPROFILEDEF(.AREA.,'Wall-Ext_102Bwk-75Ins-100LBlk-12P',#180);
#182=IFCCARTESIANPOINT((6542.4999999999991,5.,0.));
#183=IFCAXIS2PLACEMENT3D(#182,$,$);
#184=IFCEXTRUDEDAREASOLID(#181,#183,#9,3999.9999999999991);
#185=IFCCARTESIANPOINTLIST2D(((-51.250000000051152,-6743.75),(51.2499999999472,-6743.75),(51.250000000051152,6743.7500000000009),(-51.249999999949367,6743.7499999999982),(-51.250000000051152,-6743.75)));
#186=IFCINDEXEDPOLYCURVE(#185,$,.F.);
#187=IFCARBITRARYCLOSEDPROFILEDEF(.AREA.,'Wall-Ext_102Bwk-75Ins-100LBlk-12P',#186);
#188=IFCCARTESIANPOINT((6556.25,93.749999999999588,0.));
#189=IFCAXIS2PLACEMENT3D(#188,#9,#8);
#190=IFCEXTRUDEDAREASOLID(#187,#189,#9,3999.9999999999991);
#191=IFCSTYLEDITEM(#172,(#89),$);
#192=IFCSTYLEDITEM(#178,(#93),$);
#193=IFCSTYLEDITEM(#184,(#97),$);
#194=IFCSTYLEDITEM(#190,(#101),$);
#195=IFCSHAPEREPRESENTATION(#26,'Body','SweptSolid',(#172,#178,#184,#190));
#196=IFCSHAPEREPRESENTATION(#26,'Body','SweptSolid',(#190));
#197=IFCSHAPEASPECT((#196),'Brick, Common',$,.U.,#166);
#198=IFCSHAPEREPRESENTATION(#26,'Body','SweptSolid',(#184));
#199=IFCSHAPEASPECT((#198),'Fiberglass Batt',$,.U.,#166);
#200=IFCSHAPEREPRESENTATION(#26,'Body','SweptSolid',(#178));
#201=IFCSHAPEASPECT((#200),'Concrete Masonry Units _Low Density',$,.U.,#166);
#202=IFCSHAPEREPRESENTATION(#26,'Body','SweptSolid',(#172));
#203=IFCSHAPEASPECT((#202),'Plaster',$,.U.,#166);
#204=IFCWALL('1$O13Gb95Bae30SuTfvUb3',#18,'Basic Wall:Wall-Ext_102Bwk-75Ins-100LBlk-12P:314543',$,'Basic Wall:Wall-Ext_102Bwk-75Ins-100LBlk-12P',#162,#166,'314543',.NOTDEFINED.);
#205=IFCQUANTITYLENGTH('Height',$,$,3999.9999999999991,$);
#206=IFCQUANTITYLENGTH('Length',$,$,13300.,$);
#207=IFCQUANTITYVOLUME('GrossVolume',$,$,15.427999999999999,$);
#208=IFCQUANTITYAREA('GrossSideArea',$,$,53.199999999999989,$);
#209=IFCQUANTITYAREA('NetSideArea',$,$,53.200000000000003,$);
#210=IFCQUANTITYVOLUME('NetVolume',$,$,15.427999999999944,$);
#211=IFCELEMENTQUANTITY('2hQUgV8Sf5nFcVY$Dgt6$H',#18,'Qto_WallBaseQuantities',$,$,(#126,#127,#128,#129,#130,#205,#206,#207,#208,#209,#210));
#212=IFCRELDEFINESBYPROPERTIES('3821uFYCtI23n02ZIscIAe',#18,$,$,(#204),#211);
#213=IFCPROPERTYSET('2BbIIwxoWXRDbEh6I1ovWy',#18,'Pset_EnvironmentalImpactIndicators',$,(#140));
#214=IFCPROPERTYSINGLEVALUE('Reference',$,IFCLABEL('Wall-Ext_102Bwk-75Ins-100LBlk-12P'),$);
#215=IFCPROPERTYSET('35dChifY1IOII1Puu7eK7r',#18,'Pset_ReinforcementBarPitchOfWall',$,(#214));
#216=IFCPROPERTYSET('3sE5XL2_q_uJgq7a$mcSHs',#18,'Pset_WallCommon',$,(#140,#144,#145,#146));
#217=IFCRELDEFINESBYPROPERTIES('0tER_2qMegJ2YYp5ihT2$E',#18,$,$,(#204),#213);
#218=IFCRELDEFINESBYPROPERTIES('0Kaw7JXJ5n1IGQSyJX3jSp',#18,$,$,(#204),#215);
#219=IFCRELDEFINESBYPROPERTIES('1MYJ7e0rLe2YiCTo2sSOhT',#18,$,$,(#204),#216);
#220=IFCCARTESIANPOINT((10652.443387146195,-8487.4669551900006,0.));
#221=IFCAXIS2PLACEMENT3D(#220,#9,#6);
#222=IFCLOCALPLACEMENT(#36,#221);
#223=IFCCARTESIANPOINTLIST3D(((5.3452771132648379E-013,0.,0.),(19299.999999999949,0.,0.)));
#224=IFCINDEXEDPOLYCURVE(#223,$,.F.);
#225=IFCSHAPEREPRESENTATION(#25,'Axis','Curve3D',(#224));
#226=IFCPRODUCTDEFINITIONSHAPE($,$,(#225,#255));
#227=IFCCARTESIANPOINTLIST2D(((1090.3571428571297,-3.5714285714331737),(1690.3571428571297,-3.5714285714342568),(7042.8571428571258,-3.5714285714526652),(7055.3571428571295,-3.5714285714526652),(7055.3571428571295,8.9285714285488247),(-11967.142857142822,8.9285714286105478),(-11967.142857142822,-3.571428571389859),(1090.3571428571297,-3.5714285714331737)));
#228=IFCINDEXEDPOLYCURVE(#227,$,.F.);
#229=IFCARBITRARYCLOSEDPROFILEDEF(.AREA.,'Wall-Ext_102Bwk-75Ins-100LBlk-12P',#228);
#230=IFCCARTESIANPOINT((11967.142857142822,-141.42857142857176,0.));
#231=IFCAXIS2PLACEMENT3D(#230,$,$);
#232=IFCEXTRUDEDAREASOLID(#229,#231,#9,3999.9999999999991);
#233=IFCCARTESIANPOINTLIST2D(((-9567.4999999999764,-49.999999999969141),(9567.4999999999764,-50.000000000030866),(9567.4999999999764,49.999999999969141),(-9567.4999999999727,50.000000000030866),(-9567.4999999999764,-49.999999999969141)));
#234=IFCINDEXEDPOLYCURVE(#233,$,.F.);
#235=IFCARBITRARYCLOSEDPROFILEDEF(.AREA.,'Wall-Ext_102Bwk-75Ins-100LBlk-12P',#234);
#236=IFCCARTESIANPOINT((9555.,-82.499999999999659,0.));
#237=IFCAXIS2PLACEMENT3D(#236,$,$);
#238=IFCEXTRUDEDAREASOLID(#235,#237,#9,3999.9999999999991);
#239=IFCCARTESIANPOINTLIST2D(((-9654.9999999999745,-37.499999999968736),(9654.9999999999745,-37.500000000031541),(9654.9999999999745,37.499999999968736),(-9654.9999999999745,37.500000000031541),(-9654.9999999999745,-37.499999999968736)));
#240=IFCINDEXEDPOLYCURVE(#239,$,.F.);
#241=IFCARBITRARYCLOSEDPROFILEDEF(.AREA.,'Wall-Ext_102Bwk-75Ins-100LBlk-12P',#240);
#242=IFCCARTESIANPOINT((9542.4999999999764,5.,0.));
#243=IFCAXIS2PLACEMENT3D(#242,$,$);
#244=IFCEXTRUDEDAREASOLID(#241,#243,#9,3999.9999999999991);
#245=IFCCARTESIANPOINTLIST2D(((-51.250000000030582,-9743.7499999999745),(51.249999999967777,-9743.7499999999745),(51.250000000031662,9743.7499999999745),(-51.249999999967777,9743.7499999999745),(-51.250000000030582,-9743.7499999999745)));
#246=IFCINDEXEDPOLYCURVE(#245,$,.F.);
#247=IFCARBITRARYCLOSEDPROFILEDEF(.AREA.,'Wall-Ext_102Bwk-75Ins-100LBlk-12P',#246);
#248=IFCCARTESIANPOINT((9556.2499999999764,93.750000000000341,0.));
#249=IFCAXIS2PLACEMENT3D(#248,#9,#8);
#250=IFCEXTRUDEDAREASOLID(#247,#249,#9,3999.9999999999991);
#251=IFCSTYLEDITEM(#232,(#89),$);
#252=IFCSTYLEDITEM(#238,(#93),$);
#253=IFCSTYLEDITEM(#244,(#97),$);
#254=IFCSTYLEDITEM(#250,(#101),$);
#255=IFCSHAPEREPRESENTATION(#26,'Body','SweptSolid',(#232,#238,#244,#250));
#256=IFCSHAPEREPRESENTATION(#26,'Body','SweptSolid',(#250));
#257=IFCSHAPEASPECT((#256),'Brick, Common',$,.U.,#226);
#258=IFCSHAPEREPRESENTATION(#26,'Body','SweptSolid',(#244));
#259=IFCSHAPEASPECT((#258),'Fiberglass Batt',$,.U.,#226);
#260=IFCSHAPEREPRESENTATION(#26,'Body','SweptSolid',(#238));
#261=IFCSHAPEASPECT((#260),'Concrete Masonry Units _Low Density',$,.U.,#226);
#262=IFCSHAPEREPRESENTATION(#26,'Body','SweptSolid',(#232));
#263=IFCSHAPEASPECT((#262),'Plaster',$,.U.,#226);
#264=IFCWALL('1$O13Gb95Bae30SuTfvUan',#18,'Basic Wall:Wall-Ext_102Bwk-75Ins-100LBlk-12P:314589',$,'Basic Wall:Wall-Ext_102Bwk-75Ins-100LBlk-12P',#222,#226,'314589',.NOTDEFINED.);
#265=IFCQUANTITYLENGTH('Height',$,$,3999.9999999999991,$);
#266=IFCQUANTITYLENGTH('Length',$,$,19299.999999999949,$);
#267=IFCQUANTITYVOLUME('GrossVolume',$,$,22.387999999999938,$);
#268=IFCQUANTITYAREA('GrossSideArea',$,$,77.19999999999979,$);
#269=IFCQUANTITYAREA('NetSideArea',$,$,77.19999999999979,$);
#270=IFCQUANTITYVOLUME('NetVolume',$,$,22.387999999999959,$);
#271=IFCELEMENTQUANTITY('0S54axGZJJIPA7Bb5BFbab',#18,'Qto_WallBaseQuantities',$,$,(#126,#127,#128,#129,#130,#265,#266,#267,#268,#269,#270));
#272=IFCRELDEFINESBYPROPERTIES('037ZgResbuxHD7THgVzMeg',#18,$,$,(#264),#271);
#273=IFCPROPERTYSET('3_k81eTFjGe7mu6uWmSM1r',#18,'Pset_EnvironmentalImpactIndicators',$,(#140));
#274=IFCPROPERTYSINGLEVALUE('Reference',$,IFCLABEL('Wall-Ext_102Bwk-75Ins-100LBlk-12P'),$);
#275=IFCPROPERTYSET('3PNgY$$U3O7lnsZONLhSSJ',#18,'Pset_ReinforcementBarPitchOfWall',$,(#274));
#276=IFCPROPERTYSET('0jkGe$7_laMSHtoScTvots',#18,'Pset_WallCommon',$,(#140,#144,#145,#146));
#277=IFCRELDEFINESBYPROPERTIES('2BPPyilk3yXYSPlxqApvqw',#18,$,$,(#264),#273);
#278=IFCRELDEFINESBYPROPERTIES('01uRVW5lA25rR9fl_3sbfo',#18,$,$,(#264),#275);
#279=IFCRELDEFINESBYPROPERTIES('2uTfuI9KON75t_z8501Skg',#18,$,$,(#264),#276);
#280=IFCCARTESIANPOINT((-8502.5566128537557,-8632.4669551899387,0.));
#281=IFCAXIS2PLACEMENT3D(#280,#9,#7);
#282=IFCLOCALPLACEMENT(#36,#281);
#283=IFCCARTESIANPOINTLIST3D(((0.,2.0408454518555159E-014,0.),(13589.999999999998,4.9263622519003379E-013,0.)));
#284=IFCINDEXEDPOLYCURVE(#283,$,.F.);
#285=IFCSHAPEREPRESENTATION(#25,'Axis','Curve3D',(#284));
#286=IFCPRODUCTDEFINITIONSHAPE($,$,(#285,#323));
#287=IFCCARTESIANPOINTLIST2D(((-3018.333333333333,-3371.6666666666683),(-3018.333333333333,-5271.6666666666661),(981.66666666666606,-5271.6666666666633),(981.66666666666606,-5284.1666666666652),(4981.666666666667,-5284.1666666666652),(4981.666666666667,7750.8333333333339),(981.66666666666606,7750.8333333333339),(981.66666666666549,7738.3333333333348),(-3018.333333333333,7738.333333333333),(-3018.333333333333,-1561.6666666666717),(-908.33333333333314,-1561.6666666666717),(-908.33333333333314,-3371.6666666666683),(-3018.333333333333,-3371.6666666666683)));
#288=IFCINDEXEDPOLYCURVE(#287,$,.F.);
#289=IFCCARTESIANPOINTLIST2D(((-43.848662813915311,3728.3333333333321),(-1253.8486628139165,3728.3333333333321),(-1253.8486628139165,5538.3333333333348),(-43.848662813915311,5538.3333333333348),(-43.848662813915311,3728.3333333333321)));
#290=IFCINDEXEDPOLYCURVE(#289,$,.F.);
#291=IFCARBITRARYPROFILEDEFWITHVOIDS(.AREA.,'Wall-Ext_102Bwk-75Ins-100LBlk-12P',#288,(#290));
#292=IFCCARTESIANPOINT((5561.6666666666652,-132.49999999999872,3018.333333333333));
#293=IFCAXIS2PLACEMENT3D(#292,#7,#9);
#294=IFCEXTRUDEDAREASOLID(#291,#293,#10,12.500000000000407);
#295=IFCCARTESIANPOINTLIST2D(((-3018.333333333333,-3371.6666666666679),(-3018.333333333333,-5284.1666666666642),(981.66666666666606,-5284.1666666666652),(981.66666666666606,-5384.1666666666642),(4981.666666666667,-5384.1666666666642),(4981.666666666667,7850.8333333333348),(981.66666666666606,7850.8333333333348),(981.66666666666606,7750.8333333333339),(-3018.333333333333,7750.8333333333339),(-3018.333333333333,-1561.6666666666711),(-908.33333333333314,-1561.6666666666711),(-908.33333333333314,-3371.6666666666679),(-3018.333333333333,-3371.6666666666679)));
#296=IFCINDEXEDPOLYCURVE(#295,$,.F.);
#297=IFCCARTESIANPOINTLIST2D(((-43.848662813915311,3728.3333333333326),(-1253.8486628139165,3728.3333333333326),(-1253.8486628139165,5538.3333333333348),(-43.848662813915311,5538.3333333333348),(-43.848662813915311,3728.3333333333326)));
#298=IFCINDEXEDPOLYCURVE(#297,$,.F.);
#299=IFCARBITRARYPROFILEDEFWITHVOIDS(.AREA.,'Wall-Ext_102Bwk-75Ins-100LBlk-12P',#296,(#298));
#300=IFCCARTESIANPOINT((5561.6666666666642,-32.50000000000086,3018.333333333333));
#301=IFCAXIS2PLACEMENT3D(#300,#7,#9);
#302=IFCEXTRUDEDAREASOLID(#299,#301,#10,100.);
#303=IFCCARTESIANPOINTLIST2D(((-3018.333333333333,-3371.6666666666683),(-3018.333333333333,-5384.1666666666642),(981.66666666666606,-5384.1666666666642),(981.66666666666606,-5459.1666666666642),(4981.666666666667,-5459.1666666666642),(4981.666666666667,7925.8333333333358),(981.66666666666606,7925.8333333333348),(981.66666666666606,7850.8333333333348),(-3018.333333333333,7850.8333333333348),(-3018.333333333333,-1561.6666666666717),(-908.33333333333314,-1561.6666666666717),(-908.33333333333314,-3371.6666666666683),(-3018.333333333333,-3371.6666666666683)));
#304=IFCINDEXEDPOLYCURVE(#303,$,.F.);
#305=IFCCARTESIANPOINTLIST2D(((-43.848662813915311,3728.333333333333),(-1253.8486628139165,3728.333333333333),(-1253.8486628139165,5538.3333333333348),(-43.848662813915311,5538.3333333333348),(-43.848662813915311,3728.333333333333)));
#306=IFCINDEXEDPOLYCURVE(#305,$,.F.);
#307=IFCARBITRARYPROFILEDEFWITHVOIDS(.AREA.,'Wall-Ext_102Bwk-75Ins-100LBlk-12P',#304,(#306));
#308=IFCCARTESIANPOINT((5561.6666666666652,42.499999999999417,3018.333333333333));
#309=IFCAXIS2PLACEMENT3D(#308,#7,#9);
#310=IFCEXTRUDEDAREASOLID(#307,#309,#10,75.00000000000027);
#311=IFCCARTESIANPOINTLIST2D(((-3371.6666666666688,908.33333333333314),(-3371.6666666666688,3018.333333333333),(-5459.1666666666642,3018.333333333333),(-5459.1666666666642,-981.66666666666606),(-5561.6666666666652,-981.66666666666606),(-5561.6666666666652,-4981.666666666667),(8028.3333333333339,-4981.666666666667),(8028.3333333333339,-981.66666666666606),(7925.8333333333358,-981.66666666666606),(7925.8333333333358,3018.333333333333),(-1561.6666666666717,3018.333333333333),(-1561.6666666666717,908.33333333333314),(-3371.6666666666688,908.33333333333314)));
#312=IFCINDEXEDPOLYCURVE(#311,$,.F.);
#313=IFCCARTESIANPOINTLIST2D(((3728.3333333333326,43.848662813915311),(3728.3333333333326,1253.8486628139158),(5538.3333333333348,1253.8486628139158),(5538.3333333333348,43.848662813915311),(3728.3333333333326,43.848662813915311)));
#314=IFCINDEXEDPOLYCURVE(#313,$,.F.);
#315=IFCARBITRARYPROFILEDEFWITHVOIDS(.AREA.,'Wall-Ext_102Bwk-75Ins-100LBlk-12P',#312,(#314));
#316=IFCCARTESIANPOINT((5561.6666666666652,145.,3018.333333333333));
#317=IFCAXIS2PLACEMENT3D(#316,#7,#5);
#318=IFCEXTRUDEDAREASOLID(#315,#317,#10,102.49999999999943);
#319=IFCSTYLEDITEM(#294,(#89),$);
#320=IFCSTYLEDITEM(#302,(#93),$);
#321=IFCSTYLEDITEM(#310,(#97),$);
#322=IFCSTYLEDITEM(#318,(#101),$);
#323=IFCSHAPEREPRESENTATION(#26,'Body','SweptSolid',(#294,#302,#310,#318));
#324=IFCSHAPEREPRESENTATION(#26,'Body','SweptSolid',(#318));
#325=IFCSHAPEASPECT((#324),'Brick, Common',$,.U.,#286);
#326=IFCSHAPEREPRESENTATION(#26,'Body','SweptSolid',(#310));
#327=IFCSHAPEASPECT((#326),'Fiberglass Batt',$,.U.,#286);
#328=IFCSHAPEREPRESENTATION(#26,'Body','SweptSolid',(#302));
#329=IFCSHAPEASPECT((#328),'Concrete Masonry Units _Low Density',$,.U.,#286);
#330=IFCSHAPEREPRESENTATION(#26,'Body','SweptSolid',(#294));
#331=IFCSHAPEASPECT((#330),'Plaster',$,.U.,#286);
#332=IFCWALL('1$O13Gb95Bae30SuTfvUZe',#18,'Basic Wall:Wall-Ext_102Bwk-75Ins-100LBlk-12P:314628',$,'Basic Wall:Wall-Ext_102Bwk-75Ins-100LBlk-12P',#282,#286,'314628',.NOTDEFINED.);
#333=IFCQUANTITYLENGTH('Height',$,$,8000.0000000000009,$);
#334=IFCQUANTITYLENGTH('Length',$,$,13300.,$);
#335=IFCQUANTITYVOLUME('GrossVolume',$,$,29.748460999999995,$);
#336=IFCQUANTITYAREA('GrossSideArea',$,$,102.5809,$);
#337=IFCQUANTITYAREA('NetSideArea',$,$,100.39080000000001,$);
#338=IFCQUANTITYVOLUME('NetVolume',$,$,29.113332000000035,$);
#339=IFCELEMENTQUANTITY('2Eg$Fo0kziOu7BQwZX4HDu',#18,'Qto_WallBaseQuantities',$,$,(#126,#127,#128,#129,#130,#333,#334,#335,#336,#337,#338));
#340=IFCRELDEFINESBYPROPERTIES('2SBu_AezCaQt39kIhq_1zv',#18,$,$,(#332),#339);
#341=IFCPROPERTYSET('3BvKMNjXqX8MuyvN5xecRc',#18,'Pset_EnvironmentalImpactIndicators',$,(#140));
#342=IFCPROPERTYSINGLEVALUE('Reference',$,IFCLABEL('Wall-Ext_102Bwk-75Ins-100LBlk-12P'),$);
#343=IFCPROPERTYSET('1DAlkuzEnBAbbvoytq1gTj',#18,'Pset_ReinforcementBarPitchOfWall',$,(#342));
#344=IFCPROPERTYSET('0ViZeBWL9eFgrSGW2rB3zt',#18,'Pset_WallCommon',$,(#140,#144,#145,#146));
#345=IFCRELDEFINESBYPROPERTIES('01QYZ5Ne4uACn58pmS8qfD',#18,$,$,(#332),#341);
#346=IFCRELDEFINESBYPROPERTIES('1_irvCQ5iA8cGJBy9l1i4U',#18,$,$,(#332),#343);
#347=IFCRELDEFINESBYPROPERTIES('17EddQbcccH6eTa0L$gu$X',#18,$,$,(#332),#344);
#348=IFCCARTESIANPOINT((-8357.5566128537339,4812.5330448100603,0.));
#349=IFCAXIS2PLACEMENT3D(#348,$,$);
#350=IFCLOCALPLACEMENT(#40,#349);
#351=IFCCARTESIANPOINTLIST3D(((-3.5477721780737745E-013,0.,-5.4143356464919636E-013),(19300.000000000029,0.,-5.4143356464919636E-013)));
#352=IFCINDEXEDPOLYCURVE(#351,$,.F.);
#353=IFCSHAPEREPRESENTATION(#25,'Axis','Curve3D',(#352));
#354=IFCPRODUCTDEFINITIONSHAPE($,$,(#353,#383));
#355=IFCCARTESIANPOINTLIST2D(((-4413.2142857142999,-3.5714285714142235),(-3813.2142857142994,-3.571428571415848),(9244.2857142857301,-3.5714285714580796),(9256.7857142857283,-3.5714285714580796),(9256.785714285732,8.9285714285423268),(-9765.7142857142971,8.9285714286035098),(-9765.7142857142971,-3.5714285713968978),(-4413.2142857142999,-3.5714285714142235)));
#356=IFCINDEXEDPOLYCURVE(#355,$,.F.);
#357=IFCARBITRARYCLOSEDPROFILEDEF(.AREA.,'Wall-Ext_102Bwk-75Ins-100LBlk-12P',#356);
#358=IFCCARTESIANPOINT((9765.714285714299,-141.4285714285723,-0.));
#359=IFCAXIS2PLACEMENT3D(#358,$,$);
#360=IFCEXTRUDEDAREASOLID(#357,#359,#9,4000.0000000000014);
#361=IFCCARTESIANPOINTLIST2D(((-9567.5000000000146,-49.999999999969141),(9567.5000000000146,-50.000000000030866),(9567.5000000000146,49.999999999969141),(-9567.5000000000146,50.000000000030866),(-9567.5000000000146,-49.999999999969141)));
#362=IFCINDEXEDPOLYCURVE(#361,$,.F.);
#363=IFCARBITRARYCLOSEDPROFILEDEF(.AREA.,'Wall-Ext_102Bwk-75Ins-100LBlk-12P',#362);
#364=IFCCARTESIANPOINT((9555.,-82.500000000000199,-0.));
#365=IFCAXIS2PLACEMENT3D(#364,$,$);
#366=IFCEXTRUDEDAREASOLID(#363,#365,#9,4000.0000000000014);
#367=IFCCARTESIANPOINTLIST2D(((-9655.0000000000146,-37.499999999968736),(9655.0000000000146,-37.500000000031001),(9655.0000000000146,37.499999999969276),(-9655.0000000000146,37.500000000031541),(-9655.0000000000146,-37.499999999968736)));
#368=IFCINDEXEDPOLYCURVE(#367,$,.F.);
#369=IFCARBITRARYCLOSEDPROFILEDEF(.AREA.,'Wall-Ext_102Bwk-75Ins-100LBlk-12P',#368);
#370=IFCCARTESIANPOINT((9542.5000000000164,5.,-0.));
#371=IFCAXIS2PLACEMENT3D(#370,$,$);
#372=IFCEXTRUDEDAREASOLID(#369,#371,#9,4000.0000000000014);
#373=IFCCARTESIANPOINTLIST2D(((-51.250000000031662,-9743.7500000000127),(51.249999999967777,-9743.7500000000127),(51.250000000030582,9743.7500000000127),(-51.249999999968857,9743.7500000000164),(-51.250000000031662,-9743.7500000000127)));
#374=IFCINDEXEDPOLYCURVE(#373,$,.F.);
#375=IFCARBITRARYCLOSEDPROFILEDEF(.AREA.,'Wall-Ext_102Bwk-75Ins-100LBlk-12P',#374);
#376=IFCCARTESIANPOINT((9556.2500000000146,93.749999999999261,-0.));
#377=IFCAXIS2PLACEMENT3D(#376,#9,#8);
#378=IFCEXTRUDEDAREASOLID(#375,#377,#9,4000.0000000000014);
#379=IFCSTYLEDITEM(#360,(#89),$);
#380=IFCSTYLEDITEM(#366,(#93),$);
#381=IFCSTYLEDITEM(#372,(#97),$);
#382=IFCSTYLEDITEM(#378,(#101),$);
#383=IFCSHAPEREPRESENTATION(#26,'Body','SweptSolid',(#360,#366,#372,#378));
#384=IFCSHAPEREPRESENTATION(#26,'Body','SweptSolid',(#378));
#385=IFCSHAPEASPECT((#384),'Brick, Common',$,.U.,#354);
#386=IFCSHAPEREPRESENTATION(#26,'Body','SweptSolid',(#372));
#387=IFCSHAPEASPECT((#386),'Fiberglass Batt',$,.U.,#354);
#388=IFCSHAPEREPRESENTATION(#26,'Body','SweptSolid',(#366));
#389=IFCSHAPEASPECT((#388),'Concrete Masonry Units _Low Density',$,.U.,#354);
#390=IFCSHAPEREPRESENTATION(#26,'Body','SweptSolid',(#360));
#391=IFCSHAPEASPECT((#390),'Plaster',$,.U.,#354);
#392=IFCWALL('1$O13Gb95Bae30SuTfvUYI',#18,'Basic Wall:Wall-Ext_102Bwk-75Ins-100LBlk-12P:314750',$,'Basic Wall:Wall-Ext_102Bwk-75Ins-100LBlk-12P',#350,#354,'314750',.NOTDEFINED.);
#393=IFCQUANTITYLENGTH('Height',$,$,4000.0000000000009,$);
#394=IFCQUANTITYLENGTH('Length',$,$,19300.,$);
#395=IFCQUANTITYVOLUME('GrossVolume',$,$,22.388000000000041,$);
#396=IFCQUANTITYAREA('GrossSideArea',$,$,77.200000000000131,$);
#397=IFCQUANTITYAREA('NetSideArea',$,$,77.200000000000145,$);
#398=IFCQUANTITYVOLUME('NetVolume',$,$,22.388000000000098,$);
#399=IFCELEMENTQUANTITY('3tBsD0a_RO3Qs9zU54tLrM',#18,'Qto_WallBaseQuantities',$,$,(#126,#127,#128,#129,#130,#393,#394,#395,#396,#397,#398));
#400=IFCRELDEFINESBYPROPERTIES('3Z$r2L1tAh87jWgnuscw6e',#18,$,$,(#392),#399);
#401=IFCPROPERTYSET('2KrxrKTiqiSSVIQ2VzFwLg',#18,'Pset_EnvironmentalImpactIndicators',$,(#140));
#402=IFCPROPERTYSINGLEVALUE('Reference',$,IFCLABEL('Wall-Ext_102Bwk-75Ins-100LBlk-12P'),$);
#403=IFCPROPERTYSET('0Tp1mVYDSrDZOo5bPihTCh',#18,'Pset_ReinforcementBarPitchOfWall',$,(#402));
#404=IFCPROPERTYSET('0NVV8Y$BIgiWvs_bnBsaki',#18,'Pset_WallCommon',$,(#140,#144,#145,#146));
#405=IFCRELDEFINESBYPROPERTIES('3TJVWfilRsCyU4HHo$Z$KR',#18,$,$,(#392),#401);
#406=IFCRELDEFINESBYPROPERTIES('1Ljp3f8EqYzTvt4KWxbB1i',#18,$,$,(#392),#403);
#407=IFCRELDEFINESBYPROPERTIES('2TOqvknZ84gWGw_8cgvvAk',#18,$,$,(#392),#404);
#408=IFCCARTESIANPOINT((10797.443387146293,4667.5330448099985,0.));
#409=IFCAXIS2PLACEMENT3D(#408,#9,#8);
#410=IFCLOCALPLACEMENT(#40,#409);
#411=IFCCARTESIANPOINTLIST3D(((0.,-9.4439870374265557E-013,-5.4143356464919636E-013),(13300.000000000004,8.6201313468665339E-013,-5.4143356464919636E-013)));
#412=IFCINDEXEDPOLYCURVE(#411,$,.F.);
#413=IFCSHAPEREPRESENTATION(#25,'Axis','Curve3D',(#412));
#414=IFCPRODUCTDEFINITIONSHAPE($,$,(#413,#443));
#415=IFCCARTESIANPOINTLIST2D(((5199.0000000000009,-5.0000000000400124),(5211.5,-5.0000000000400124),(5211.5,7.4999999999593117),(-7811.,7.500000000058936),(-7811.,-4.9999999999425544),(5199.0000000000009,-5.0000000000400124)));
#416=IFCINDEXEDPOLYCURVE(#415,$,.F.);
#417=IFCARBITRARYCLOSEDPROFILEDEF(.AREA.,'Wall-Ext_102Bwk-75Ins-100LBlk-12P',#416);
#418=IFCCARTESIANPOINT((7811.,-140.,0.));
#419=IFCAXIS2PLACEMENT3D(#418,$,$);
#420=IFCEXTRUDEDAREASOLID(#417,#419,#9,4000.0000000000014);
#421=IFCCARTESIANPOINTLIST2D(((-6567.5,-49.999999999951818),(6567.5,-50.000000000051436),(6567.4999999999991,49.999999999949651),(-6567.4999999999991,50.000000000049276),(-6567.5,-49.999999999951818)));
#422=IFCINDEXEDPOLYCURVE(#421,$,.F.);
#423=IFCARBITRARYCLOSEDPROFILEDEF(.AREA.,'Wall-Ext_102Bwk-75Ins-100LBlk-12P',#422);
#424=IFCCARTESIANPOINT((6555.,-82.499999999997172,-0.));
#425=IFCAXIS2PLACEMENT3D(#424,$,$);
#426=IFCEXTRUDEDAREASOLID(#423,#425,#9,4000.0000000000014);
#427=IFCCARTESIANPOINTLIST2D(((-6654.9999999999991,-37.499999999948159),(6654.9999999999973,-37.500000000049951),(6655.,37.499999999948159),(-6654.9999999999973,37.500000000049951),(-6654.9999999999991,-37.499999999948159)));
#428=IFCINDEXEDPOLYCURVE(#427,$,.F.);
#429=IFCARBITRARYCLOSEDPROFILEDEF(.AREA.,'Wall-Ext_102Bwk-75Ins-100LBlk-12P',#428);
#430=IFCCARTESIANPOINT((6542.4999999999991,5.,-0.));
#431=IFCAXIS2PLACEMENT3D(#430,$,$);
#432=IFCEXTRUDEDAREASOLID(#429,#431,#9,4000.0000000000014);
#433=IFCCARTESIANPOINTLIST2D(((-51.250000000051152,-6743.75),(51.2499999999472,-6743.75),(51.250000000051152,6743.7500000000009),(-51.249999999949367,6743.7499999999982),(-51.250000000051152,-6743.75)));
#434=IFCINDEXEDPOLYCURVE(#433,$,.F.);
#435=IFCARBITRARYCLOSEDPROFILEDEF(.AREA.,'Wall-Ext_102Bwk-75Ins-100LBlk-12P',#434);
#436=IFCCARTESIANPOINT((6556.25,93.749999999999588,-0.));
#437=IFCAXIS2PLACEMENT3D(#436,#9,#8);
#438=IFCEXTRUDEDAREASOLID(#435,#437,#9,4000.0000000000014);
#439=IFCSTYLEDITEM(#420,(#89),$);
#440=IFCSTYLEDITEM(#426,(#93),$);
#441=IFCSTYLEDITEM(#432,(#97),$);
#442=IFCSTYLEDITEM(#438,(#101),$);
#443=IFCSHAPEREPRESENTATION(#26,'Body','SweptSolid',(#420,#426,#432,#438));
#444=IFCSHAPEREPRESENTATION(#26,'Body','SweptSolid',(#438));
#445=IFCSHAPEASPECT((#444),'Brick, Common',$,.U.,#414);
#446=IFCSHAPEREPRESENTATION(#26,'Body','SweptSolid',(#432));
#447=IFCSHAPEASPECT((#446),'Fiberglass Batt',$,.U.,#414);
#448=IFCSHAPEREPRESENTATION(#26,'Body','SweptSolid',(#426));
#449=IFCSHAPEASPECT((#448),'Concrete Masonry Units _Low Density',$,.U.,#414);
#450=IFCSHAPEREPRESENTATION(#26,'Body','SweptSolid',(#420));
#451=IFCSHAPEASPECT((#450),'Plaster',$,.U.,#414);
#452=IFCWALL('1$O13Gb95Bae30SuTfvUYJ',#18,'Basic Wall:Wall-Ext_102Bwk-75Ins-100LBlk-12P:314751',$,'Basic Wall:Wall-Ext_102Bwk-75Ins-100LBlk-12P',#410,#414,'314751',.NOTDEFINED.);
#453=IFCQUANTITYLENGTH('Height',$,$,4000.0000000000009,$);
#454=IFCQUANTITYLENGTH('Length',$,$,13300.,$);
#455=IFCQUANTITYVOLUME('GrossVolume',$,$,15.428000000000004,$);
#456=IFCQUANTITYAREA('GrossSideArea',$,$,53.20000000000001,$);
#457=IFCQUANTITYAREA('NetSideArea',$,$,53.200000000000024,$);
#458=IFCQUANTITYVOLUME('NetVolume',$,$,15.427999999999953,$);
#459=IFCELEMENTQUANTITY('2Pfba_0Q2mHz4XiLUxhk0z',#18,'Qto_WallBaseQuantities',$,$,(#126,#127,#128,#129,#130,#453,#454,#455,#456,#457,#458));
#460=IFCRELDEFINESBYPROPERTIES('0M3zAaBHo9DZnfCeL7Sfki',#18,$,$,(#452),#459);
#461=IFCPROPERTYSET('2gDKlAMIiSzmrxJwiTaXA8',#18,'Pset_EnvironmentalImpactIndicators',$,(#140));
#462=IFCPROPERTYSINGLEVALUE('Reference',$,IFCLABEL('Wall-Ext_102Bwk-75Ins-100LBlk-12P'),$);
#463=IFCPROPERTYSET('3Vx4zBewR_YeYKuDDk4kvW',#18,'Pset_ReinforcementBarPitchOfWall',$,(#462));
#464=IFCPROPERTYSET('0daSDZM4gdmcwFXeF4BRgu',#18,'Pset_WallCommon',$,(#140,#144,#145,#146));
#465=IFCRELDEFINESBYPROPERTIES('2y6MUDM5fiIKvPQsFtdGHM',#18,$,$,(#452),#461);
#466=IFCRELDEFINESBYPROPERTIES('14grf1vmu0bOGmud7Sk5UC',#18,$,$,(#452),#463);
#467=IFCRELDEFINESBYPROPERTIES('1_feixDO0I6G4ggSRajLSW',#18,$,$,(#452),#464);
#468=IFCCARTESIANPOINT((10652.443387146195,-8487.4669551900006,0.));
#469=IFCAXIS2PLACEMENT3D(#468,#9,#6);
#470=IFCLOCALPLACEMENT(#40,#469);
#471=IFCCARTESIANPOINTLIST3D(((5.3452771132648379E-013,0.,-5.4143356464919636E-013),(19009.999999999953,-1.0828671292983927E-012,-5.4143356464919636E-013)));
#472=IFCINDEXEDPOLYCURVE(#471,$,.F.);
#473=IFCSHAPEREPRESENTATION(#25,'Axis','Curve3D',(#472));
#474=IFCPRODUCTDEFINITIONSHAPE($,$,(#473,#503));
#475=IFCCARTESIANPOINTLIST2D(((-6.2500000000310649,-9504.9999999999745),(6.2499999999704245,-9504.9999999999745),(6.2500000000321476,9504.9999999999745),(-6.2499999999682592,9504.9999999999745),(-6.2500000000310649,-9504.9999999999745)));
#476=IFCINDEXEDPOLYCURVE(#475,$,.F.);
#477=IFCARBITRARYCLOSEDPROFILEDEF(.AREA.,'Wall-Ext_102Bwk-75Ins-100LBlk-12P',#476);
#478=IFCCARTESIANPOINT((9505.,-138.75000000000094,-0.));
#479=IFCAXIS2PLACEMENT3D(#478,#9,#7);
#480=IFCEXTRUDEDAREASOLID(#477,#479,#9,4000.0000000000014);
#481=IFCCARTESIANPOINTLIST2D(((-9517.4999999999764,-49.999999999969141),(9517.4999999999745,-50.000000000030866),(9517.4999999999745,49.999999999969141),(-9517.4999999999745,50.000000000030866),(-9517.4999999999764,-49.999999999969141)));
#482=IFCINDEXEDPOLYCURVE(#481,$,.F.);
#483=IFCARBITRARYCLOSEDPROFILEDEF(.AREA.,'Wall-Ext_102Bwk-75Ins-100LBlk-12P',#482);
#484=IFCCARTESIANPOINT((9505.,-82.499999999999659,-0.));
#485=IFCAXIS2PLACEMENT3D(#484,$,$);
#486=IFCEXTRUDEDAREASOLID(#483,#485,#9,4000.0000000000014);
#487=IFCCARTESIANPOINTLIST2D(((-9617.4999999999745,-37.499999999968736),(9617.4999999999745,-37.500000000030461),(9617.4999999999745,37.499999999969816),(-9617.4999999999745,37.500000000031541),(-9617.4999999999745,-37.499999999968736)));
#488=IFCINDEXEDPOLYCURVE(#487,$,.F.);
#489=IFCARBITRARYCLOSEDPROFILEDEF(.AREA.,'Wall-Ext_102Bwk-75Ins-100LBlk-12P',#488);
#490=IFCCARTESIANPOINT((9505.,5.,-0.));
#491=IFCAXIS2PLACEMENT3D(#490,$,$);
#492=IFCEXTRUDEDAREASOLID(#489,#491,#9,4000.0000000000014);
#493=IFCCARTESIANPOINTLIST2D(((-51.250000000030582,-9692.4999999999745),(51.249999999967777,-9692.4999999999745),(51.250000000031662,9692.4999999999745),(-51.249999999967777,9692.4999999999745),(-51.250000000030582,-9692.4999999999745)));
#494=IFCINDEXEDPOLYCURVE(#493,$,.F.);
#495=IFCARBITRARYCLOSEDPROFILEDEF(.AREA.,'Wall-Ext_102Bwk-75Ins-100LBlk-12P',#494);
#496=IFCCARTESIANPOINT((9505.,93.750000000000341,-0.));
#497=IFCAXIS2PLACEMENT3D(#496,#9,#8);
#498=IFCEXTRUDEDAREASOLID(#495,#497,#9,4000.0000000000014);
#499=IFCSTYLEDITEM(#480,(#89),$);
#500=IFCSTYLEDITEM(#486,(#93),$);
#501=IFCSTYLEDITEM(#492,(#97),$);
#502=IFCSTYLEDITEM(#498,(#101),$);
#503=IFCSHAPEREPRESENTATION(#26,'Body','SweptSolid',(#480,#486,#492,#498));
#504=IFCSHAPEREPRESENTATION(#26,'Body','SweptSolid',(#498));
#505=IFCSHAPEASPECT((#504),'Brick, Common',$,.U.,#474);
#506=IFCSHAPEREPRESENTATION(#26,'Body','SweptSolid',(#492));
#507=IFCSHAPEASPECT((#506),'Fiberglass Batt',$,.U.,#474);
#508=IFCSHAPEREPRESENTATION(#26,'Body','SweptSolid',(#486));
#509=IFCSHAPEASPECT((#508),'Concrete Masonry Units _Low Density',$,.U.,#474);
#510=IFCSHAPEREPRESENTATION(#26,'Body','SweptSolid',(#480));
#511=IFCSHAPEASPECT((#510),'Plaster',$,.U.,#474);
#512=IFCWALL('1$O13Gb95Bae30SuTfvUXi',#18,'Basic Wall:Wall-Ext_102Bwk-75Ins-100LBlk-12P:314752',$,'Basic Wall:Wall-Ext_102Bwk-75Ins-100LBlk-12P',#470,#474,'314752',.NOTDEFINED.);
#513=IFCQUANTITYLENGTH('Height',$,$,4000.0000000000009,$);
#514=IFCQUANTITYLENGTH('Length',$,$,19299.999999999949,$);
#515=IFCQUANTITYVOLUME('GrossVolume',$,$,22.051599999999947,$);
#516=IFCQUANTITYAREA('GrossSideArea',$,$,76.039999999999822,$);
#517=IFCQUANTITYAREA('NetSideArea',$,$,76.039999999999822,$);
#518=IFCQUANTITYVOLUME('NetVolume',$,$,22.051599999999972,$);
#519=IFCELEMENTQUANTITY('3B8opoErH1j9$dZf0BqIK$',#18,'Qto_WallBaseQuantities',$,$,(#126,#127,#128,#129,#130,#513,#514,#515,#516,#517,#518));
#520=IFCRELDEFINESBYPROPERTIES('1VKr$79wbTCYNx8MWiCGD6',#18,$,$,(#512),#519);
#521=IFCPROPERTYSET('2MpM0LAW72B7IkSp23_llK',#18,'Pset_EnvironmentalImpactIndicators',$,(#140));
#522=IFCPROPERTYSINGLEVALUE('Reference',$,IFCLABEL('Wall-Ext_102Bwk-75Ins-100LBlk-12P'),$);
#523=IFCPROPERTYSET('0MWkcflpgIpD_TMkC_rJWM',#18,'Pset_ReinforcementBarPitchOfWall',$,(#522));
#524=IFCPROPERTYSET('3qwx8InbMb_5oLVSsDWHI4',#18,'Pset_WallCommon',$,(#140,#144,#145,#146));
#525=IFCRELDEFINESBYPROPERTIES('2w7iyP$lRR0bK3xB5m7MrJ',#18,$,$,(#512),#521);
#526=IFCRELDEFINESBYPROPERTIES('0zFFp0he37LjIfHIKa20nO',#18,$,$,(#512),#523);
#527=IFCRELDEFINESBYPROPERTIES('0htx7SG4oRt2KTUKHo06LX',#18,$,$,(#512),#524);
#528=IFCAXIS2PLACEMENT3D(#3,$,$);
#529=IFCLOCALPLACEMENT(#36,#528);
#536=IFCCARTESIANPOINTLIST2D(((-8357.5566128537321,-8342.4669551900024),(-8357.5566128537321,4667.5330448100603),(10652.443387146201,4667.5330448100603),(10652.443387146199,-8342.4669551900024),(-8357.5566128537321,-8342.4669551900024)));
#537=IFCINDEXEDPOLYCURVE(#536,$,.F.);
#538=IFCSHAPEREPRESENTATION(#28,'FootPrint','Curve2D',(#537));
#539=IFCPRODUCTDEFINITIONSHAPE($,$,(#538,#591));
#540=IFCSLAB('1$O13Gb95Bae30SuTfvUXZ',#18,'Floor:Floor-Grnd-Susp_65Scr-80Ins-100Blk-75PC:314767',$,'Floor:Floor-Grnd-Susp_65Scr-80Ins-100Blk-75PC',#529,#539,'314767',.FLOOR.);
#541=IFCCARTESIANPOINTLIST2D(((-9504.9999999999654,-6505.0000000000318),(9504.9999999999654,-6505.0000000000309),(9504.9999999999654,6505.0000000000309),(-9504.9999999999636,6505.00000000003),(-9504.9999999999654,-6505.0000000000318)));
#542=IFCINDEXEDPOLYCURVE(#541,$,.F.);
#543=IFCARBITRARYCLOSEDPROFILEDEF(.AREA.,'Floor-Grnd-Susp_65Scr-80Ins-100Blk-75PC',#542);
#544=IFCCARTESIANPOINT((1147.4433871462336,-1837.466955189971,-65.));
#545=IFCAXIS2PLACEMENT3D(#544,#9,#6);
#546=IFCEXTRUDEDAREASOLID(#543,#545,#9,65.);
#547=IFCCARTESIANPOINTLIST2D(((-9504.9999999999654,-6505.0000000000309),(9504.9999999999654,-6505.0000000000309),(9504.9999999999654,6505.0000000000309),(-9504.9999999999636,6505.0000000000309),(-9504.9999999999654,-6505.0000000000309)));
#548=IFCINDEXEDPOLYCURVE(#547,$,.F.);
#549=IFCARBITRARYCLOSEDPROFILEDEF(.AREA.,'Floor-Grnd-Susp_65Scr-80Ins-100Blk-75PC',#548);
#550=IFCCARTESIANPOINT((1147.4433871462336,-1837.4669551899713,-145.));
#551=IFCAXIS2PLACEMENT3D(#550,#9,#6);
#552=IFCEXTRUDEDAREASOLID(#549,#551,#9,79.999999999999986);
#553=IFCCARTESIANPOINTLIST2D(((-9504.9999999999654,-6505.0000000000309),(9504.9999999999654,-6505.0000000000309),(9504.9999999999654,6505.0000000000309),(-9504.9999999999636,6505.0000000000309),(-9504.9999999999654,-6505.0000000000309)));
#554=IFCINDEXEDPOLYCURVE(#553,$,.F.);
#555=IFCARBITRARYCLOSEDPROFILEDEF(.AREA.,'Floor-Grnd-Susp_65Scr-80Ins-100Blk-75PC',#554);
#556=IFCCARTESIANPOINT((1147.4433871462336,-1837.4669551899713,-295.));
#557=IFCAXIS2PLACEMENT3D(#556,#9,#6);
#558=IFCEXTRUDEDAREASOLID(#555,#557,#9,150.);
#559=IFCCARTESIANPOINTLIST2D(((-9504.9999999999654,-6505.0000000000318),(9504.9999999999654,-6505.0000000000309),(9504.9999999999654,6505.0000000000309),(-9504.9999999999636,6505.00000000003),(-9504.9999999999654,-6505.0000000000318)));
#560=IFCINDEXEDPOLYCURVE(#559,$,.F.);
#561=IFCARBITRARYCLOSEDPROFILEDEF(.AREA.,'Floor-Grnd-Susp_65Scr-80Ins-100Blk-75PC',#560);
#562=IFCCARTESIANPOINT((1147.4433871462336,-1837.466955189971,-395.));
#563=IFCAXIS2PLACEMENT3D(#562,#9,#6);
#564=IFCEXTRUDEDAREASOLID(#561,#563,#9,100.);
#565=IFCCARTESIANPOINTLIST2D(((-9504.9999999999654,-6505.0000000000309),(9504.9999999999654,-6505.0000000000309),(9504.9999999999654,6505.0000000000309),(-9504.9999999999636,6505.0000000000309),(-9504.9999999999654,-6505.0000000000309)));
#566=IFCINDEXEDPOLYCURVE(#565,$,.F.);
#567=IFCARBITRARYCLOSEDPROFILEDEF(.AREA.,'Floor-Grnd-Susp_65Scr-80Ins-100Blk-75PC',#566);
#568=IFCCARTESIANPOINT((1147.4433871462336,-1837.4669551899713,-470.));
#569=IFCAXIS2PLACEMENT3D(#568,#9,#6);
#570=IFCEXTRUDEDAREASOLID(#567,#569,#9,75.);
#571=IFCCOLOURRGB($,0.49803921568627452,0.49803921568627452,0.49803921568627452);
#572=IFCSURFACESTYLERENDERING(#571,0.,$,$,$,$,IFCNORMALISEDRATIOMEASURE(0.5),IFCSPECULAREXPONENT(0.),.NOTDEFINED.);
#573=IFCSURFACESTYLE('Concrete, Sand/Cement Screed',.BOTH.,(#572));
#574=IFCSTYLEDITEM(#546,(#573),$);
#575=IFCCOLOURRGB($,0.49803921568627452,0.49803921568627452,0.49803921568627452);
#576=IFCSURFACESTYLERENDERING(#575,0.,$,$,$,$,IFCNORMALISEDRATIOMEASURE(0.5),IFCSPECULAREXPONENT(64.),.NOTDEFINED.);
#577=IFCSURFACESTYLE('Rigid insulation',.BOTH.,(#576));
#578=IFCSTYLEDITEM(#552,(#577),$);
#579=IFCCOLOURRGB($,1.,1.,1.);
#580=IFCSURFACESTYLERENDERING(#579,0.,$,$,$,$,IFCNORMALISEDRATIOMEASURE(0.5),IFCSPECULAREXPONENT(64.),.NOTDEFINED.);
#581=IFCSURFACESTYLE('Air',.BOTH.,(#580));
#582=IFCSTYLEDITEM(#558,(#581),$);
#583=IFCCOLOURRGB($,0.70980392156862748,0.70980392156862748,0.70980392156862748);
#584=IFCSURFACESTYLERENDERING(#583,0.,$,$,$,$,IFCNORMALISEDRATIOMEASURE(0.5),IFCSPECULAREXPONENT(128.),.NOTDEFINED.);
#585=IFCSURFACESTYLE('Concrete Masonry, Floor Block',.BOTH.,(#584));
#586=IFCSTYLEDITEM(#564,(#585),$);
#587=IFCCOLOURRGB($,0.75294117647058822,0.75294117647058822,0.75294117647058822);
#588=IFCSURFACESTYLERENDERING(#587,0.,$,$,$,$,IFCNORMALISEDRATIOMEASURE(0.5),IFCSPECULAREXPONENT(128.),.NOTDEFINED.);
#589=IFCSURFACESTYLE('Concrete, Precast',.BOTH.,(#588));
#590=IFCSTYLEDITEM(#570,(#589),$);
#591=IFCSHAPEREPRESENTATION(#26,'Body','SweptSolid',(#546,#552,#558,#564,#570));
#592=IFCSHAPEREPRESENTATION(#26,'Body','SweptSolid',(#546));
#593=IFCSHAPEASPECT((#592),'Concrete, Sand/Cement Screed',$,.U.,#539);
#594=IFCSHAPEREPRESENTATION(#26,'Body','SweptSolid',(#552));
#595=IFCSHAPEASPECT((#594),'Rigid insulation',$,.U.,#539);
#596=IFCSHAPEREPRESENTATION(#26,'Body','SweptSolid',(#558));
#597=IFCSHAPEASPECT((#596),'Air',$,.U.,#539);
#598=IFCSHAPEREPRESENTATION(#26,'Body','SweptSolid',(#564));
#599=IFCSHAPEASPECT((#598),'Concrete Masonry, Floor Block',$,.U.,#539);
#600=IFCSHAPEREPRESENTATION(#26,'Body','SweptSolid',(#570));
#601=IFCSHAPEASPECT((#600),'Concrete, Precast',$,.U.,#539);
#602=IFCSLABTYPE('2ru7YPT4T9MuTpOS4FRzx_',#18,'Floor:Floor-Grnd-Susp_65Scr-80Ins-100Blk-75PC',$,$,(#655),$,'45428',$,.FLOOR.);
#603=IFCMATERIAL('Concrete, Sand/Cement Screed',$,'Concrete');
#604=IFCMATERIAL('Vapor Retarder',$,'Generic');
#605=IFCCOLOURRGB($,0.47058823529411764,0.47058823529411764,0.47058823529411764);
#606=IFCSURFACESTYLERENDERING(#605,0.,$,$,$,$,IFCNORMALISEDRATIOMEASURE(0.5),IFCSPECULAREXPONENT(64.),.NOTDEFINED.);
#607=IFCSURFACESTYLE('Vapor Retarder',.BOTH.,(#606));
#608=IFCMATERIAL('Rigid insulation',$,'Generic');
#609=IFCMATERIAL('Air',$,'Gas');
#610=IFCMATERIAL('Damp-proofing',$,'Generic');
#611=IFCCOLOURRGB($,0.49803921568627452,0.49803921568627452,0.49803921568627452);
#612=IFCSURFACESTYLERENDERING(#611,0.,$,$,$,$,IFCNORMALISEDRATIOMEASURE(0.5),IFCSPECULAREXPONENT(64.),.NOTDEFINED.);
#613=IFCSURFACESTYLE('Damp-proofing',.BOTH.,(#612));
#614=IFCMATERIAL('Concrete Masonry, Floor Block',$,'Concrete');
#615=IFCMATERIAL('Concrete, Precast',$,'Concrete');
#616=IFCMATERIALCONSTITUENT('Concrete, Sand/Cement Screed',$,#603,0.13829787234042554,'Concrete');
#617=IFCQUANTITYLENGTH('Width',$,$,65.,$);
#618=IFCMATERIALCONSTITUENT('Rigid insulation',$,#608,0.1702127659574468,'Generic');
#619=IFCQUANTITYLENGTH('Width',$,$,80.,$);
#620=IFCMATERIALCONSTITUENT('Air',$,#609,0.31914893617021278,'Gas');
#621=IFCQUANTITYLENGTH('Width',$,$,150.,$);
#622=IFCMATERIALCONSTITUENT('Concrete Masonry, Floor Block',$,#614,0.21276595744680851,'Concrete');
#623=IFCQUANTITYLENGTH('Width',$,$,100.,$);
#624=IFCMATERIALCONSTITUENT('Concrete, Precast',$,#615,0.15957446808510639,'Concrete');
#625=IFCQUANTITYLENGTH('Width',$,$,75.,$);
#626=IFCMATERIALCONSTITUENTSET('Floor:Floor-Grnd-Susp_65Scr-80Ins-100Blk-75PC',$,(#616,#618,#620,#622,#624));
#627=IFCPHYSICALCOMPLEXQUANTITY('Concrete, Sand/Cement Screed',$,(#617),'Layer',$,$);
#628=IFCPHYSICALCOMPLEXQUANTITY('Rigid insulation',$,(#619),'Layer',$,$);
#629=IFCPHYSICALCOMPLEXQUANTITY('Air',$,(#621),'Layer',$,$);
#630=IFCPHYSICALCOMPLEXQUANTITY('Concrete Masonry, Floor Block',$,(#623),'Layer',$,$);
#631=IFCPHYSICALCOMPLEXQUANTITY('Concrete, Precast',$,(#625),'Layer',$,$);
#632=IFCQUANTITYLENGTH('Width',$,$,470.,$);
#633=IFCPROPERTYSINGLEVALUE('Reference',$,IFCIDENTIFIER('Floor-Grnd-Susp_65Scr-80Ins-100Blk-75PC'),$);
#634=IFCPROPERTYSET('1mDsQSqFcZgBBH2GL3mSJG',#18,'Pset_EnvironmentalImpactIndicators',$,(#633));
#635=IFCPROPERTYSINGLEVALUE('Reference',$,IFCLABEL('Floor-Grnd-Susp_65Scr-80Ins-100Blk-75PC'),$);
#636=IFCPROPERTYSET('3QH8uQFNhAKTX$qvsxkxWO',#18,'Pset_ReinforcementBarPitchOfSlab',$,(#635));
#637=IFCPROPERTYSINGLEVALUE('PitchAngle',$,IFCPLANEANGLEMEASURE(0.),$);
#638=IFCPROPERTYSINGLEVALUE('IsExternal',$,IFCBOOLEAN(.F.),$);
#639=IFCPROPERTYSINGLEVALUE('LoadBearing',$,IFCBOOLEAN(.T.),$);
#640=IFCPROPERTYSET('17Ku14hK$ZlP$pGBQ0N4w_',#18,'Pset_SlabCommon',$,(#633,#637,#638,#639));
#641=IFCRELDEFINESBYPROPERTIES('1BBDDxmdyCJBRiznLIYRah',#18,$,$,(#540),#634);
#642=IFCRELDEFINESBYPROPERTIES('073rA4Il83dNcwVAOkEhLO',#18,$,$,(#540),#636);
#643=IFCRELDEFINESBYPROPERTIES('33xbSgq2SqU2MT715VGnPE',#18,$,$,(#540),#640);
#644=IFCQUANTITYLENGTH('Width','',$,13010.000000000062,$);
#645=IFCQUANTITYLENGTH('Length','',$,19009.999999999931,$);
#646=IFCQUANTITYLENGTH('Depth','',$,75.,$);
#647=IFCQUANTITYLENGTH('Perimeter','',$,210.10498687664037,$);
#648=IFCQUANTITYAREA('GrossArea','',$,247.32010000000028,$);
#649=IFCQUANTITYAREA('NetArea','',$,247.32010000000025,$);
#650=IFCQUANTITYVOLUME('GrossVolume','',$,18.549007500000023,$);
#651=IFCQUANTITYVOLUME('NetVolume','',$,116.24044700000012,$);
#652=IFCELEMENTQUANTITY('3lcxcbITQ2$MUG2VY$1Xp9',#18,'Qto_SlabBaseQuantities',$,$,(#627,#628,#629,#630,#631,#632,#645,#646,#647,#648,#649,#650,#651));
#653=IFCRELDEFINESBYPROPERTIES('2TWINbgAfcI5F2eJ8OadEB',#18,$,$,(#540),#652);
#654=IFCPROPERTYSINGLEVALUE('ThermalTransmittance',$,IFCTHERMALTRANSMITTANCEMEASURE(0.11743760826329636),$);
#655=IFCPROPERTYSET('2NrVHOjwmF6Qv_Sv8i23UT',#18,'Pset_SlabCommon',$,(#654));
#656=IFCCARTESIANPOINT((-2357.5566128537339,4667.5330448100422,0.));
#657=IFCAXIS2PLACEMENT3D(#656,#9,#8);
#658=IFCLOCALPLACEMENT(#36,#657);
#659=IFCCARTESIANPOINTLIST3D(((0.,7.4597524976566555E-014,0.),(13010.,1.4970616608767746E-013,0.)));
#660=IFCINDEXEDPOLYCURVE(#659,$,.F.);
#661=IFCSHAPEREPRESENTATION(#25,'Axis','Curve3D',(#660));
#662=IFCPRODUCTDEFINITIONSHAPE($,$,(#661,#693));
#663=IFCCARTESIANPOINTLIST2D(((-3158.5714285714266,-7140.357142857144),(841.42857142857326,-7140.357142857144),(4841.4285714285734,-7140.357142857144),(4841.4285714285734,-6690.3571428571486),(4841.4285714285725,5419.6428571428578),(4841.4285714285725,5869.6428571428569),(841.42857142857042,5869.6428571428569),(-3158.5714285714284,5869.6428571428569),(-3158.5714285714284,5419.6428571428578),(-3158.5714285714284,2493.3928571428592),(-1048.5714285714282,2493.3928571428592),(-1048.571428571428,683.39285714286154),(-3158.571428571428,683.392857142862),(-3158.5714285714266,-6690.3571428571468),(-3158.5714285714266,-7140.357142857144)));
#664=IFCINDEXEDPOLYCURVE(#663,$,.F.);
#665=IFCCARTESIANPOINTLIST2D(((2951.4285714285706,2769.6428571428528),(2951.4285714285711,959.64285714285063),(1741.4285714285702,959.64285714285063),(1741.42857142857,2769.6428571428528),(2951.4285714285706,2769.6428571428528)));
#666=IFCINDEXEDPOLYCURVE(#665,$,.F.);
#667=IFCARBITRARYPROFILEDEFWITHVOIDS(.AREA.,'Wall-Partn_12P-70MStd-12P',#664,(#666));
#668=IFCCARTESIANPOINT((7140.357142857144,-47.500000000000114,3158.571428571428));
#669=IFCAXIS2PLACEMENT3D(#668,#7,#9);
#670=IFCEXTRUDEDAREASOLID(#667,#669,#9,12.499999999999595);
#671=IFCCARTESIANPOINTLIST2D(((-2822.,-2239.2500000000014),(-2822.,-5627.9999999999964),(1177.9999999999991,-5627.9999999999964),(5178.0000000000009,-5627.9999999999964),(5178.0000000000009,7407.0000000000009),(1177.9999999999991,7407.0000000000009),(-2822.,7407.0000000000009),(-2822.,-429.25000000000364),(-712.,-429.25000000000364),(-712.,-2239.2500000000014),(-2822.,-2239.2500000000014)));
#672=IFCINDEXEDPOLYCURVE(#671,$,.F.);
#673=IFCCARTESIANPOINTLIST2D(((3287.9999999999991,-2515.4999999999941),(2077.9999999999982,-2515.4999999999941),(2077.9999999999982,-705.49999999999284),(3287.9999999999991,-705.49999999999284),(3287.9999999999991,-2515.4999999999941)));
#674=IFCINDEXEDPOLYCURVE(#673,$,.F.);
#675=IFCARBITRARYPROFILEDEFWITHVOIDS(.AREA.,'Wall-Partn_12P-70MStd-12P',#672,(#674));
#676=IFCCARTESIANPOINT((7394.5000000000018,-35.,2822.));
#677=IFCAXIS2PLACEMENT3D(#676,#8,#9);
#678=IFCEXTRUDEDAREASOLID(#675,#677,#10,70.000000000000327);
#679=IFCCARTESIANPOINTLIST2D(((-2822.,-2239.2500000000005),(-2822.,-5615.4999999999991),(1177.9999999999986,-5615.4999999999991),(5178.0000000000009,-5615.4999999999991),(5178.0000000000009,7394.5000000000018),(1177.9999999999986,7394.5000000000018),(-2822.,7394.5000000000027),(-2822.,-429.25000000000256),(-712.,-429.25000000000148),(-712.,-2239.2500000000005),(-2822.,-2239.2500000000005)));
#680=IFCINDEXEDPOLYCURVE(#679,$,.F.);
#681=IFCCARTESIANPOINTLIST2D(((3287.9999999999991,-2515.4999999999927),(2077.9999999999982,-2515.4999999999927),(2077.9999999999982,-705.4999999999917),(3287.9999999999991,-705.4999999999917),(3287.9999999999991,-2515.4999999999927)));
#682=IFCINDEXEDPOLYCURVE(#681,$,.F.);
#683=IFCARBITRARYPROFILEDEFWITHVOIDS(.AREA.,'Wall-Partn_12P-70MStd-12P',#680,(#682));
#684=IFCCARTESIANPOINT((7394.5000000000036,35.,2822.));
#685=IFCAXIS2PLACEMENT3D(#684,#8,#9);
#686=IFCEXTRUDEDAREASOLID(#683,#685,#10,12.500000000000137);
#687=IFCSTYLEDITEM(#670,(#89),$);
#688=IFCCOLOURRGB($,0.49803921568627452,0.49803921568627452,0.49803921568627452);
#689=IFCSURFACESTYLERENDERING(#688,0.,$,$,$,$,IFCNORMALISEDRATIOMEASURE(0.5),IFCSPECULAREXPONENT(64.),.NOTDEFINED.);
#690=IFCSURFACESTYLE('Metal Stud Layer',.BOTH.,(#689));
#691=IFCSTYLEDITEM(#678,(#690),$);
#692=IFCSTYLEDITEM(#686,(#89),$);
#693=IFCSHAPEREPRESENTATION(#26,'Body','SweptSolid',(#670,#678,#686));
#694=IFCSHAPEREPRESENTATION(#26,'Body','SweptSolid',(#686));
#695=IFCSHAPEASPECT((#694),'Plaster',$,.U.,#662);
#696=IFCSHAPEREPRESENTATION(#26,'Body','SweptSolid',(#678));
#697=IFCSHAPEASPECT((#696),'Metal Stud Layer',$,.U.,#662);
#698=IFCSHAPEREPRESENTATION(#26,'Body','SweptSolid',(#670));
#699=IFCSHAPEASPECT((#698),'Plaster (2)',$,.U.,#662);
#700=IFCWALL('1$O13Gb95Bae30SuTfvUlD',#18,'Basic Wall:Wall-Partn_12P-70MStd-12P:314913',$,'Basic Wall:Wall-Partn_12P-70MStd-12P',#658,#662,'314913',.NOTDEFINED.);
#701=IFCMATERIAL('Metal Stud Layer',$,'Metal');
#702=IFCMATERIALCONSTITUENT('Plaster',$,#116,0.13157894736842107,'Generic');
#703=IFCQUANTITYLENGTH('Width',$,$,12.5,$);
#704=IFCMATERIALCONSTITUENT('Metal Stud Layer',$,#701,0.73684210526315796,'Metal');
#705=IFCQUANTITYLENGTH('Width',$,$,70.,$);
#706=IFCMATERIALCONSTITUENT('Plaster (2)',$,#116,0.13157894736842107,'Generic');
#707=IFCQUANTITYLENGTH('Width',$,$,12.5,$);
#708=IFCMATERIALCONSTITUENTSET('Basic Wall:Wall-Partn_12P-70MStd-12P',$,(#702,#704,#706));
#709=IFCPHYSICALCOMPLEXQUANTITY('Plaster',$,(#703),'Layer',$,$);
#710=IFCPHYSICALCOMPLEXQUANTITY('Metal Stud Layer',$,(#705),'Layer',$,$);
#711=IFCPHYSICALCOMPLEXQUANTITY('Plaster (2)',$,(#707),'Layer',$,$);
#712=IFCQUANTITYLENGTH('Width',$,$,95.,$);
#713=IFCQUANTITYLENGTH('Height',$,$,8000.0000000000009,$);
#714=IFCQUANTITYLENGTH('Length',$,$,13300.,$);
#715=IFCQUANTITYVOLUME('GrossVolume',$,$,9.5247855000000019,$);
#716=IFCQUANTITYAREA('GrossSideArea',$,$,100.26090000000002,$);
#717=IFCQUANTITYAREA('NetSideArea',$,$,98.070800000000006,$);
#718=IFCQUANTITYVOLUME('NetVolume',$,$,9.3167260000000063,$);
#719=IFCELEMENTQUANTITY('00w$YRcjiR0MS$UA_EXFJM',#18,'Qto_WallBaseQuantities',$,$,(#709,#710,#711,#712,#713,#714,#715,#716,#717,#718));
#720=IFCRELDEFINESBYPROPERTIES('3qsPJoHs9qyZdHg2WQwjDU',#18,$,$,(#700),#719);
#721=IFCWALLTYPE('2ru7YPT4T9MuTpOS4FRzxV',#18,'Basic Wall:Wall-Partn_12P-70MStd-12P',$,$,(#731),$,'45397',$,.STANDARD.);
#722=IFCPROPERTYSINGLEVALUE('Reference',$,IFCIDENTIFIER('Wall-Partn_12P-70MStd-12P'),$);
#723=IFCPROPERTYSET('0jY9C3SNaXSl9K4HKkSZvR',#18,'Pset_EnvironmentalImpactIndicators',$,(#722));
#724=IFCPROPERTYSINGLEVALUE('Reference',$,IFCLABEL('Wall-Partn_12P-70MStd-12P'),$);
#725=IFCPROPERTYSET('0WbuP8QlNyJQgx6cXQgIEv',#18,'Pset_ReinforcementBarPitchOfWall',$,(#724));
#726=IFCPROPERTYSET('0W_9sPDLhIB$PY0rH0r0al',#18,'Pset_WallCommon',$,(#146,#638,#639,#722));
#727=IFCRELDEFINESBYPROPERTIES('2n6KYkBPtPn7BJMYJ2ztnd',#18,$,$,(#700),#723);
#728=IFCRELDEFINESBYPROPERTIES('3b71gXqmeCN0tGE0FJptUP',#18,$,$,(#700),#725);
#729=IFCRELDEFINESBYPROPERTIES('0waoOUA9IUnCmbKEU3yNxP',#18,$,$,(#700),#726);
#730=IFCPROPERTYSINGLEVALUE('ThermalTransmittance',$,IFCTHERMALTRANSMITTANCEMEASURE(0.35099793530626294),$);
#731=IFCPROPERTYSET('0Cb3k6lsyZTI__iIcQo4my',#18,'Pset_WallCommon',$,(#730));
#732=IFCCARTESIANPOINT((-2310.0566128537412,267.53304481003784,0.));
#733=IFCAXIS2PLACEMENT3D(#732,$,$);
#734=IFCLOCALPLACEMENT(#36,#733);
#735=IFCCARTESIANPOINTLIST3D(((-5.1418784032034576E-014,0.,0.),(12962.500000000004,0.,0.)));
#736=IFCINDEXEDPOLYCURVE(#735,$,.F.);
#737=IFCSHAPEREPRESENTATION(#25,'Axis','Curve3D',(#736));
#738=IFCPRODUCTDEFINITIONSHAPE($,$,(#737,#760));
#739=IFCCARTESIANPOINTLIST2D(((-6.250000000020913,-6481.25),(6.2499999999790878,-6481.25),(6.2500000000209468,6481.2500000000018),(-6.2499999999790878,6481.2500000000018),(-6.250000000020913,-6481.25)));
#740=IFCINDEXEDPOLYCURVE(#739,$,.F.);
#741=IFCARBITRARYCLOSEDPROFILEDEF(.AREA.,'Wall-Partn_12P-70MStd-12P',#740);
#742=IFCCARTESIANPOINT((6481.2500000000018,-41.249999999999993,0.));
#743=IFCAXIS2PLACEMENT3D(#742,#9,#7);
#744=IFCEXTRUDEDAREASOLID(#741,#743,#9,3999.9999999999995);
#745=IFCCARTESIANPOINTLIST2D(((-6493.7500000000009,-34.999999999979046),(6493.75,-35.000000000020975),(6493.75,34.999999999979018),(-6493.75,35.00000000002094),(-6493.7500000000009,-34.999999999979046)));
#746=IFCINDEXEDPOLYCURVE(#745,$,.F.);
#747=IFCARBITRARYCLOSEDPROFILEDEF(.AREA.,'Wall-Partn_12P-70MStd-12P',#746);
#748=IFCCARTESIANPOINT((6481.2500000000018,0.,0.));
#749=IFCAXIS2PLACEMENT3D(#748,$,$);
#750=IFCEXTRUDEDAREASOLID(#747,#749,#9,3999.9999999999995);
#751=IFCCARTESIANPOINTLIST2D(((-6.250000000020913,-6481.25),(6.2499999999790878,-6481.25),(6.250000000020913,6481.25),(-6.2499999999790878,6481.25),(-6.250000000020913,-6481.25)));
#752=IFCINDEXEDPOLYCURVE(#751,$,.F.);
#753=IFCARBITRARYCLOSEDPROFILEDEF(.AREA.,'Wall-Partn_12P-70MStd-12P',#752);
#754=IFCCARTESIANPOINT((6481.2500000000018,41.250000000000028,0.));
#755=IFCAXIS2PLACEMENT3D(#754,#9,#8);
#756=IFCEXTRUDEDAREASOLID(#753,#755,#9,3999.9999999999995);
#757=IFCSTYLEDITEM(#744,(#89),$);
#758=IFCSTYLEDITEM(#750,(#690),$);
#759=IFCSTYLEDITEM(#756,(#89),$);
#760=IFCSHAPEREPRESENTATION(#26,'Body','SweptSolid',(#744,#750,#756));
#761=IFCSHAPEREPRESENTATION(#26,'Body','SweptSolid',(#756));
#762=IFCSHAPEASPECT((#761),'Plaster',$,.U.,#738);
#763=IFCSHAPEREPRESENTATION(#26,'Body','SweptSolid',(#750));
#764=IFCSHAPEASPECT((#763),'Metal Stud Layer',$,.U.,#738);
#765=IFCSHAPEREPRESENTATION(#26,'Body','SweptSolid',(#744));
#766=IFCSHAPEASPECT((#765),'Plaster (2)',$,.U.,#738);
#767=IFCWALL('1$O13Gb95Bae30SuTfvUkG',#18,'Basic Wall:Wall-Partn_12P-70MStd-12P:315004',$,'Basic Wall:Wall-Partn_12P-70MStd-12P',#734,#738,'315004',.NOTDEFINED.);
#768=IFCQUANTITYLENGTH('Height',$,$,3999.9999999999995,$);
#769=IFCQUANTITYLENGTH('Length',$,$,13155.,$);
#770=IFCQUANTITYVOLUME('GrossVolume',$,$,4.9257499999999999,$);
#771=IFCQUANTITYAREA('GrossSideArea',$,$,51.849999999999994,$);
#772=IFCQUANTITYAREA('NetSideArea',$,$,51.849999999999994,$);
#773=IFCQUANTITYVOLUME('NetVolume',$,$,4.9257500000000016,$);
#774=IFCELEMENTQUANTITY('1c0iRVkWKSvw49Z_BiH_q6',#18,'Qto_WallBaseQuantities',$,$,(#709,#710,#711,#712,#768,#769,#770,#771,#772,#773));
#775=IFCRELDEFINESBYPROPERTIES('3BGjNS6B0rb9WuhhgvxeU_',#18,$,$,(#767),#774);
#776=IFCPROPERTYSET('2Tm13hbU_ZROxTDgdBrXrs',#18,'Pset_EnvironmentalImpactIndicators',$,(#722));
#777=IFCPROPERTYSINGLEVALUE('Reference',$,IFCLABEL('Wall-Partn_12P-70MStd-12P'),$);
#778=IFCPROPERTYSET('0j8UiME_A_NlZVx$poamVo',#18,'Pset_ReinforcementBarPitchOfWall',$,(#777));
#779=IFCPROPERTYSET('1Xa4zD1CMrqloXg6xzhbTE',#18,'Pset_WallCommon',$,(#146,#638,#639,#722));
#780=IFCRELDEFINESBYPROPERTIES('23XItYESnxHxpxwsOmnzBH',#18,$,$,(#767),#776);
#781=IFCRELDEFINESBYPROPERTIES('2vfbkV$7$1sdmCVs9rDwlQ',#18,$,$,(#767),#778);
#782=IFCRELDEFINESBYPROPERTIES('35q3jSTAecoVZ2k9xcu6fz',#18,$,$,(#767),#779);
#783=IFCCARTESIANPOINT((-2310.0566128537412,267.53304481003795,0.));
#784=IFCAXIS2PLACEMENT3D(#783,$,$);
#785=IFCLOCALPLACEMENT(#40,#784);
#786=IFCCARTESIANPOINTLIST3D(((-5.2223089276052145E-014,0.,-5.4143356464919636E-013),(12962.500000000004,3.3839597790574773E-014,-5.4143356464919636E-013)));
#787=IFCINDEXEDPOLYCURVE(#786,$,.F.);
#788=IFCSHAPEREPRESENTATION(#25,'Axis','Curve3D',(#787));
#789=IFCPRODUCTDEFINITIONSHAPE($,$,(#788,#811));
#790=IFCCARTESIANPOINTLIST2D(((90.932959100139485,-582.49999999999966),(90.932959100139485,1527.5000000000005),(-7477.1829591001388,1527.5000000000005),(-7477.1829591001388,-2472.5000000000009),(5485.3170408998621,-2472.5000000000009),(5485.3170408998631,1527.5000000000005),(1900.9329591001363,1527.5000000000005),(1900.9329591001363,-582.49999999999966),(90.932959100139485,-582.49999999999966)));
#791=IFCINDEXEDPOLYCURVE(#790,$,.F.);
#792=IFCARBITRARYCLOSEDPROFILEDEF(.AREA.,'Wall-Partn_12P-70MStd-12P',#791);
#793=IFCCARTESIANPOINT((5485.3170408998631,-47.499999999999993,1527.4999999999998));
#794=IFCAXIS2PLACEMENT3D(#793,#8,#6);
#795=IFCEXTRUDEDAREASOLID(#792,#794,#10,12.5);
#796=IFCCARTESIANPOINTLIST2D(((-1527.5000000000023,-5497.8170408998631),(2472.4999999999995,-5497.8170408998621),(2472.5000000000036,7489.6829591001369),(-1527.499999999998,7489.6829591001379),(-1527.5000000000005,-90.932959100138959),(582.49999999999966,-90.932959100139684),(582.49999999999898,-1900.9329591001372),(-1527.5000000000009,-1900.9329591001353),(-1527.5000000000023,-5497.8170408998631)));
#797=IFCINDEXEDPOLYCURVE(#796,$,.F.);
#798=IFCARBITRARYCLOSEDPROFILEDEF(.AREA.,'Wall-Partn_12P-70MStd-12P',#797);
#799=IFCCARTESIANPOINT((5485.3170408998631,-35.,1527.4999999999998));
#800=IFCAXIS2PLACEMENT3D(#799,#7,#9);
#801=IFCEXTRUDEDAREASOLID(#798,#800,#9,69.999999999999986);
#802=IFCCARTESIANPOINTLIST2D(((-1527.5000000000005,-5485.3170408998631),(2472.5000000000009,-5485.3170408998621),(2472.5000000000009,7477.1829591001388),(-1527.5000000000005,7477.1829591001388),(-1527.5000000000005,-90.932959100139485),(582.49999999999966,-90.932959100139485),(582.49999999999966,-1900.9329591001363),(-1527.5000000000005,-1900.932959100136),(-1527.5000000000005,-5485.3170408998631)));
#803=IFCINDEXEDPOLYCURVE(#802,$,.F.);
#804=IFCARBITRARYCLOSEDPROFILEDEF(.AREA.,'Wall-Partn_12P-70MStd-12P',#803);
#805=IFCCARTESIANPOINT((5485.3170408998631,35.,1527.4999999999998));
#806=IFCAXIS2PLACEMENT3D(#805,#7,#9);
#807=IFCEXTRUDEDAREASOLID(#804,#806,#9,12.499999999999966);
#808=IFCSTYLEDITEM(#795,(#89),$);
#809=IFCSTYLEDITEM(#801,(#690),$);
#810=IFCSTYLEDITEM(#807,(#89),$);
#811=IFCSHAPEREPRESENTATION(#26,'Body','SweptSolid',(#795,#801,#807));
#812=IFCSHAPEREPRESENTATION(#26,'Body','SweptSolid',(#807));
#813=IFCSHAPEASPECT((#812),'Plaster',$,.U.,#789);
#814=IFCSHAPEREPRESENTATION(#26,'Body','SweptSolid',(#801));
#815=IFCSHAPEASPECT((#814),'Metal Stud Layer',$,.U.,#789);
#816=IFCSHAPEREPRESENTATION(#26,'Body','SweptSolid',(#795));
#817=IFCSHAPEASPECT((#816),'Plaster (2)',$,.U.,#789);
#818=IFCWALL('1$O13Gb95Bae30SuTfvUip',#18,'Basic Wall:Wall-Partn_12P-70MStd-12P:315103',$,'Basic Wall:Wall-Partn_12P-70MStd-12P',#785,#789,'315103',.NOTDEFINED.);
#819=IFCQUANTITYLENGTH('Height',$,$,4000.0000000000009,$);
#820=IFCQUANTITYLENGTH('Length',$,$,13155.,$);
#821=IFCQUANTITYVOLUME('GrossVolume',$,$,4.5629355000000018,$);
#822=IFCQUANTITYAREA('GrossSideArea',$,$,48.030900000000024,$);
#823=IFCQUANTITYAREA('NetSideArea',$,$,48.030900000000038,$);
#824=IFCQUANTITYVOLUME('NetVolume',$,$,4.5629354999999983,$);
#825=IFCELEMENTQUANTITY('0NS22RudF3lWwoSF5If7Dr',#18,'Qto_WallBaseQuantities',$,$,(#709,#710,#711,#712,#819,#820,#821,#822,#823,#824));
#826=IFCRELDEFINESBYPROPERTIES('2zN0ZizO010_te$JnpGw$D',#18,$,$,(#818),#825);
#827=IFCPROPERTYSET('3Gef5_WuVqhCuRC0DkCvjg',#18,'Pset_EnvironmentalImpactIndicators',$,(#722));
#828=IFCPROPERTYSINGLEVALUE('Reference',$,IFCLABEL('Wall-Partn_12P-70MStd-12P'),$);
#829=IFCPROPERTYSET('0XOPz7HPJnUzWAcDoRnBRo',#18,'Pset_ReinforcementBarPitchOfWall',$,(#828));
#830=IFCPROPERTYSET('2g834XnZ2B_wr2ije4OsH9',#18,'Pset_WallCommon',$,(#146,#638,#639,#722));
#831=IFCRELDEFINESBYPROPERTIES('28Dtw92x82E2q4hz3vrYmD',#18,$,$,(#818),#827);
#832=IFCRELDEFINESBYPROPERTIES('2QcaFxDb_jkLM7IXgiAToQ',#18,$,$,(#818),#829);
#833=IFCRELDEFINESBYPROPERTIES('00X_XrgYoPKmWEluggTaJ6',#18,$,$,(#818),#830);
#834=IFCCOLOURRGBLIST(((0.,0.,0.)));
#835=IFCINDEXEDPOLYGONALFACE((3,4,5,6,1,2));
#836=IFCINDEXEDPOLYGONALFACEWITHVOIDS((101,95,102,87,116,110,115,107,119,109,113,106,114,108,120,105,117,111,118,91,100,94,99,90,103,93,98,89,97,92,104,88),((121,122,123,124,125,126)));
#837=IFCINDEXEDPOLYGONALFACE((33,24,38,8,36,22,27,9,29,21,35,10,30,23,37,11,55,46,60,12,58,44,49,13,51,43,57,14,52,45,59,7));
#838=IFCINDEXEDPOLYGONALFACE((16,8,38));
#839=IFCINDEXEDPOLYGONALFACE((30,10,19,23));
#840=IFCINDEXEDPOLYGONALFACE((24,32,34));
#841=IFCINDEXEDPOLYGONALFACE((25,10,35,21));
#842=IFCINDEXEDPOLYGONALFACE((37,31,73,20));
#843=IFCINDEXEDPOLYGONALFACE((28,27,17));
#844=IFCINDEXEDPOLYGONALFACE((18,29,28));
#845=IFCINDEXEDPOLYGONALFACE((28,29,9));
#846=IFCINDEXEDPOLYGONALFACE((8,16,26));
#847=IFCINDEXEDPOLYGONALFACE((18,21,29));
#848=IFCINDEXEDPOLYGONALFACE((27,22,17));
#849=IFCINDEXEDPOLYGONALFACE((15,33,7));
#850=IFCINDEXEDPOLYGONALFACE((26,22,36,8));
#851=IFCINDEXEDPOLYGONALFACE((15,32,33));
#852=IFCINDEXEDPOLYGONALFACE((25,19,10));
#853=IFCINDEXEDPOLYGONALFACE((21,18,25));
#854=IFCINDEXEDPOLYGONALFACE((37,20,11));
#855=IFCINDEXEDPOLYGONALFACE((27,28,9));
#856=IFCINDEXEDPOLYGONALFACE((23,19,67,31));
#857=IFCINDEXEDPOLYGONALFACE((24,33,32));
#858=IFCINDEXEDPOLYGONALFACE((16,38,34));
#859=IFCINDEXEDPOLYGONALFACE((38,24,34));
#860=IFCINDEXEDPOLYGONALFACE((22,26,17));
#861=IFCINDEXEDPOLYGONALFACE((37,23,31));
#862=IFCINDEXEDPOLYGONALFACE((39,12,60));
#863=IFCINDEXEDPOLYGONALFACE((52,14,42,45));
#864=IFCINDEXEDPOLYGONALFACE((46,54,56));
#865=IFCINDEXEDPOLYGONALFACE((47,14,57,43));
#866=IFCINDEXEDPOLYGONALFACE((59,53,85,15));
#867=IFCINDEXEDPOLYGONALFACE((50,49,40));
#868=IFCINDEXEDPOLYGONALFACE((41,51,50));
#869=IFCINDEXEDPOLYGONALFACE((50,51,13));
#870=IFCINDEXEDPOLYGONALFACE((12,39,48));
#871=IFCINDEXEDPOLYGONALFACE((41,43,51));
#872=IFCINDEXEDPOLYGONALFACE((49,44,40));
#873=IFCINDEXEDPOLYGONALFACE((20,55,11));
#874=IFCINDEXEDPOLYGONALFACE((48,44,58,12));
#875=IFCINDEXEDPOLYGONALFACE((20,54,55));
#876=IFCINDEXEDPOLYGONALFACE((47,42,14));
#877=IFCINDEXEDPOLYGONALFACE((43,41,47));
#878=IFCINDEXEDPOLYGONALFACE((59,15,7));
#879=IFCINDEXEDPOLYGONALFACE((49,50,13));
#880=IFCINDEXEDPOLYGONALFACE((45,42,79,53));
#881=IFCINDEXEDPOLYGONALFACE((46,55,54));
#882=IFCINDEXEDPOLYGONALFACE((39,60,56));
#883=IFCINDEXEDPOLYGONALFACE((60,46,56));
#884=IFCINDEXEDPOLYGONALFACE((44,48,40));
#885=IFCINDEXEDPOLYGONALFACE((59,45,53));
#886=IFCINDEXEDPOLYGONALFACE((19,65,68,66,20,73,31,67));
#887=IFCINDEXEDPOLYGONALFACE((18,64,69,65,19,25));
#888=IFCINDEXEDPOLYGONALFACE((74,96,71,62,16,34,32,15,61));
#889=IFCINDEXEDPOLYGONALFACE((70,64,18,28,17,63));
#890=IFCINDEXEDPOLYGONALFACE((123,122,3,2));
#891=IFCINDEXEDPOLYGONALFACE((16,62,72,63,17,26));
#892=IFCINDEXEDPOLYGONALFACE((42,78,80,61,15,85,53,79));
#893=IFCINDEXEDPOLYGONALFACE((41,77,81,78,42,47));
#894=IFCINDEXEDPOLYGONALFACE((86,112,84,75,39,56,54,20,66));
#895=IFCINDEXEDPOLYGONALFACE((82,77,41,50,40,76));
#896=IFCINDEXEDPOLYGONALFACE((126,125,6,5));
#897=IFCINDEXEDPOLYGONALFACE((39,75,83,76,40,48));
#898=IFCINDEXEDPOLYGONALFACE((99,94,65,90));
#899=IFCINDEXEDPOLYGONALFACE((90,65,69));
#900=IFCINDEXEDPOLYGONALFACE((65,94,68));
#901=IFCINDEXEDPOLYGONALFACE((72,88,104,92));
#902=IFCINDEXEDPOLYGONALFACE((69,93,103,90));
#903=IFCINDEXEDPOLYGONALFACE((62,95,101,88));
#904=IFCINDEXEDPOLYGONALFACE((100,91,66));
#905=IFCINDEXEDPOLYGONALFACE((98,70,89));
#906=IFCINDEXEDPOLYGONALFACE((102,61,87));
#907=IFCINDEXEDPOLYGONALFACE((93,69,64));
#908=IFCINDEXEDPOLYGONALFACE((89,70,97));
#909=IFCINDEXEDPOLYGONALFACE((102,96,74,61));
#910=IFCINDEXEDPOLYGONALFACE((100,66,68));
#911=IFCINDEXEDPOLYGONALFACE((70,98,64));
#912=IFCINDEXEDPOLYGONALFACE((70,63,97));
#913=IFCINDEXEDPOLYGONALFACE((72,62,88));
#914=IFCINDEXEDPOLYGONALFACE((63,92,97));
#915=IFCINDEXEDPOLYGONALFACE((92,63,72));
#916=IFCINDEXEDPOLYGONALFACE((98,93,64));
#917=IFCINDEXEDPOLYGONALFACE((68,94,100));
#918=IFCINDEXEDPOLYGONALFACE((95,62,71,96));
#919=IFCINDEXEDPOLYGONALFACE((102,95,96));
#920=IFCINDEXEDPOLYGONALFACE((115,110,78,107));
#921=IFCINDEXEDPOLYGONALFACE((107,78,81));
#922=IFCINDEXEDPOLYGONALFACE((78,110,80));
#923=IFCINDEXEDPOLYGONALFACE((83,105,120,108));
#924=IFCINDEXEDPOLYGONALFACE((81,109,119,107));
#925=IFCINDEXEDPOLYGONALFACE((75,111,117,105));
#926=IFCINDEXEDPOLYGONALFACE((118,66,91));
#927=IFCINDEXEDPOLYGONALFACE((76,108,114));
#928=IFCINDEXEDPOLYGONALFACE((76,114,82));
#929=IFCINDEXEDPOLYGONALFACE((82,113,77));
#930=IFCINDEXEDPOLYGONALFACE((116,87,61));
#931=IFCINDEXEDPOLYGONALFACE((109,81,77));
#932=IFCINDEXEDPOLYGONALFACE((82,114,106));
#933=IFCINDEXEDPOLYGONALFACE((118,112,86,66));
#934=IFCINDEXEDPOLYGONALFACE((116,61,80));
#935=IFCINDEXEDPOLYGONALFACE((83,75,105));
#936=IFCINDEXEDPOLYGONALFACE((113,82,106));
#937=IFCINDEXEDPOLYGONALFACE((113,109,77));
#938=IFCINDEXEDPOLYGONALFACE((108,76,83));
#939=IFCINDEXEDPOLYGONALFACE((80,110,116));
#940=IFCINDEXEDPOLYGONALFACE((111,75,84,112));
#941=IFCINDEXEDPOLYGONALFACE((118,111,112));
#942=IFCINDEXEDPOLYGONALFACE((124,123,2,1));
#943=IFCINDEXEDPOLYGONALFACE((122,121,4,3));
#944=IFCINDEXEDPOLYGONALFACE((121,126,5,4));
#945=IFCINDEXEDPOLYGONALFACE((125,124,1,6));
#946=IFCCARTESIANPOINTLIST3D(((838.49999999999375,170.00000000095491,1049.9999999999998),(833.49999999999397,170.00000000095491,1041.3397459621558),(823.49999999999443,170.00000000095491,1041.3397459621558),(818.49999999999466,170.00000000095491,1049.9999999999998),(823.49999999999432,170.00000000095491,1058.6602540378437),(833.49999999999375,170.00000000095491,1058.6602540378437),(808.02413241763907,121.00000000095501,1049.9999999999998),(814.02137518183315,121.00000000095501,1035.5213751818385),(828.4999999999942,121.00000000095501,1029.5241324176448),(842.97862481815537,121.00000000095501,1035.5213751818387),(848.97586758234934,121.00000000095501,1049.9999999999998),(842.97862481815525,121.00000000095501,1064.4786248181611),(828.49999999999397,121.00000000095501,1070.4758675823548),(814.02137518183304,121.00000000095501,1064.4786248181608),(803.49999999999818,122.82786814683297,1049.9999999999998),(808.27457514062382,122.82786814683297,1035.3053686926903),(820.77457514062189,122.82786814683297,1026.2235870926247),(836.22542485936674,122.82786814683297,1026.2235870926247),(848.72542485936469,122.82786814683297,1035.3053686926903),(853.49999999999022,122.82786814683297,1050.),(835.73931240907484,121.00000000095501,1032.5227537997416),(821.26068759091368,121.00000000095501,1032.5227537997416),(845.97724620025235,121.00000000095501,1042.7606875909194),(811.02275379973605,121.00000000095501,1042.7606875909191),(842.47542485936572,122.82786814683297,1030.7644778926576),(814.5245751406228,122.82786814683297,1030.7644778926574),(824.880343795454,121.00000000095501,1031.0234431086933),(828.4999999999942,122.82786814683297,1026.2235870926247),(832.11965620453464,121.00000000095501,1031.0234431086933),(844.4779355092038,121.00000000095501,1039.1410313863792),(851.11271242967746,122.82786814683297,1042.652684346345),(805.88728757031095,122.82786814683297,1042.652684346345),(809.52344310868762,121.00000000095501,1046.3803437954596),(807.08093135546744,122.82786814683297,1038.9790265195177),(839.35896861361516,121.00000000095501,1034.0220644907902),(817.64103138637336,121.00000000095501,1034.0220644907899),(847.47655689130079,121.00000000095501,1046.3803437954596),(812.5220644907846,121.00000000095501,1039.1410313863787),(848.72542485936458,122.82786814683297,1064.6946313073095),(836.2254248593664,122.82786814683297,1073.7764129073748),(820.77457514062155,122.82786814683297,1073.7764129073748),(808.27457514062371,122.82786814683297,1064.694631307309),(821.26068759091345,121.00000000095501,1067.4772462002577),(835.7393124090745,121.00000000095501,1067.4772462002579),(811.02275379973605,121.00000000095501,1057.2393124090802),(845.97724620025224,121.00000000095501,1057.2393124090804),(814.52457514062257,122.82786814683297,1069.2355221073419),(842.47542485936549,122.82786814683297,1069.2355221073421),(832.11965620453429,121.00000000095501,1068.9765568913065),(828.49999999999397,122.82786814683297,1073.7764129073748),(824.88034379545377,121.00000000095501,1068.9765568913065),(812.52206449078449,121.00000000095501,1060.8589686136206),(805.88728757031095,122.82786814683297,1057.3473156536543),(851.11271242967734,122.82786814683297,1057.347315653655),(847.47655689130079,121.00000000095501,1053.6196562045402),(849.91906864452096,122.82786814683297,1061.0209734804821),(817.64103138637324,121.00000000095501,1065.9779355092094),(839.35896861361482,121.00000000095501,1065.9779355092096),(809.5234431086875,121.00000000095501,1053.61965620454),(844.47793550920369,121.00000000095501,1060.8589686136206),(803.49999999999818,126.2915462655903,1049.9999999999998),(808.27457514062382,126.2915462655903,1035.3053686926903),(820.77457514062178,126.2915462655903,1026.2235870926247),(836.22542485936674,126.2915462655903,1026.2235870926247),(848.72542485936469,126.2915462655903,1035.3053686926903),(853.49999999999022,126.2915462655903,1050.),(850.18332923033029,122.82786814683297,1039.7923369739872),(851.11271242967746,126.2915462655903,1042.652684346345),(842.47542485936572,126.2915462655903,1030.7644778926576),(828.4999999999942,126.2915462655903,1026.2235870926247),(806.81667086781499,126.2915462655903,1039.7923366718912),(814.5245751406228,126.2915462655903,1030.7644778926574),(851.8416646151602,122.82786814683297,1044.8961684869935),(805.15833543390659,126.2915462655903,1044.8961683359455),(848.72542485936447,126.2915462655903,1064.6946313073095),(836.2254248593664,126.2915462655903,1073.7764129073748),(820.77457514062155,126.2915462655903,1073.7764129073748),(808.27457514062371,126.2915462655903,1064.694631307309),(806.81667070807703,122.82786814683297,1060.2076628364855),(805.88728757031095,126.2915462655903,1057.3473156536543),(814.52457514062257,126.2915462655903,1069.2355221073419),(828.49999999999397,126.2915462655903,1073.7764129073748),(842.47542485936549,126.2915462655903,1069.2355221073421),(850.18332928752648,126.2915462655903,1060.2076628499806),(805.15833535403749,122.82786814683297,1055.1038314182426),(851.84166464375846,126.2915462655903,1055.1038314249902),(809.86376396747994,151.00000000095494,1049.9999999999998),(815.32219112561029,151.00000000095494,1036.8221911256157),(828.4999999999942,151.00000000095494,1031.3637639674855),(841.67780887437812,151.00000000095494,1036.822191125616),(847.13623603250846,151.00000000095494,1049.9999999999998),(821.9110955628023,151.00000000095494,1034.0929775465506),(835.08890443718622,151.00000000095494,1034.0929775465509),(844.40702245344335,151.00000000095494,1043.4110955628078),(812.59297754654506,151.00000000095494,1043.4110955628078),(805.88728757031095,126.2915462655903,1042.652684346345),(825.20554778139831,151.00000000095494,1032.728370757018),(831.79445221859021,151.00000000095494,1032.728370757018),(843.04241566391067,151.00000000095494,1040.116643344212),(845.77162924297591,151.00000000095494,1046.7055477814038),(813.95758433607762,151.00000000095494,1040.1166433442118),(811.2283707570125,151.00000000095494,1046.7055477814035),(838.38335665578211,151.00000000095494,1035.4575843360833),(818.61664334420618,151.00000000095494,1035.4575843360833),(841.677808874378,151.00000000095494,1063.1778088743838),(828.49999999999397,151.00000000095494,1068.6362360325143),(815.32219112561006,151.00000000095494,1063.1778088743836),(835.0889044371861,151.00000000095494,1065.9070224534489),(821.91109556280207,151.00000000095494,1065.9070224534489),(812.59297754654494,151.00000000095494,1056.5889044371918),(844.40702245344312,151.00000000095494,1056.5889044371918),(851.11271242967734,126.2915462655903,1057.347315653655),(825.20554778139797,151.00000000095494,1067.2716292429814),(831.79445221858998,151.00000000095494,1067.2716292429816),(813.9575843360775,151.00000000095494,1059.8833566557878),(811.2283707570125,151.00000000095494,1053.2944522185958),(843.04241566391056,151.00000000095494,1059.8833566557878),(845.77162924297591,151.00000000095494,1053.294452218596),(818.61664334420607,151.00000000095494,1064.5424156639165),(838.38335665578199,151.00000000095494,1064.5424156639165),(818.49999999999466,151.00000000095494,1049.9999999999998),(823.49999999999443,151.00000000095494,1041.3397459621558),(833.49999999999397,151.00000000095494,1041.3397459621558),(838.49999999999375,151.00000000095494,1049.9999999999998),(833.49999999999375,151.00000000095494,1058.6602540378437),(823.49999999999432,151.00000000095494,1058.6602540378437)));
#947=IFCPOLYGONALFACESET(#946,.T.,(#835,#836,#837,#838,#839,#840,#841,#842,#843,#844,#845,#846,#847,#848,#849,#850,#851,#852,#853,#854,#855,#856,#857,#858,#859,#860,#861,#862,#863,#864,#865,#866,#867,#868,#869,#870,#871,#872,#873,#874,#875,#876,#877,#878,#879,#880,#881,#882,#883,#884,#885,#886,#887,#888,#889,#890,#891,#892,#893,#894,#895,#896,#897,#898,#899,#900,#901,#902,#903,#904,#905,#906,#907,#908,#909,#910,#911,#912,#913,#914,#915,#916,#917,#918,#919,#920,#921,#922,#923,#924,#925,#926,#927,#928,#929,#930,#931,#932,#933,#934,#935,#936,#937,#938,#939,#940,#941,#942,#943,#944,#945),$);
#948=IFCINDEXEDCOLOURMAP(#947,1.,#834,(1,1,1,1,1,1,1,1,1,1,1,1,1,1,1,1,1,1,1,1,1,1,1,1,1,1,1,1,1,1,1,1,1,1,1,1,1,1,1,1,1,1,1,1,1,1,1,1,1,1,1,1,1,1,1,1,1,1,1,1,1,1,1,1,1,1,1,1,1,1,1,1,1,1,1,1,1,1,1,1,1,1,1,1,1,1,1,1,1,1,1,1,1,1,1,1,1,1,1,1,1,1,1,1,1,1,1,1,1,1,1));
#949=IFCCOLOURRGB($,0.,0.,0.);
#950=IFCSURFACESTYLERENDERING(#949,0.,$,$,$,$,IFCNORMALISEDRATIOMEASURE(0.5),IFCSPECULAREXPONENT(64.),.NOTDEFINED.);
#951=IFCSURFACESTYLE('Door - Handle',.BOTH.,(#950));
#952=IFCSTYLEDITEM(#947,(#951),$);
#953=IFCCOLOURRGBLIST(((0.,0.,0.)));
#954=IFCINDEXEDPOLYGONALFACE((9,10,11,12,13,14,15,16,17,18,19,20,21,22,23,24,1,2,3,4,5,6,7,8));
#955=IFCINDEXEDPOLYGONALFACE((31,32,33,34,35,36,37,38,39,40,41,42,43,44,45,46,47,48,25,26,27,28,29,30));
#956=IFCINDEXEDPOLYGONALFACE((48,2,1,25));
#957=IFCINDEXEDPOLYGONALFACE((47,3,2,48));
#958=IFCINDEXEDPOLYGONALFACE((5,4,46,45));
#959=IFCINDEXEDPOLYGONALFACE((47,46,4,3));
#960=IFCINDEXEDPOLYGONALFACE((6,5,45,44));
#961=IFCINDEXEDPOLYGONALFACE((7,6,44,43));
#962=IFCINDEXEDPOLYGONALFACE((42,8,7,43));
#963=IFCINDEXEDPOLYGONALFACE((41,9,8,42));
#964=IFCINDEXEDPOLYGONALFACE((11,10,40,39));
#965=IFCINDEXEDPOLYGONALFACE((41,40,10,9));
#966=IFCINDEXEDPOLYGONALFACE((12,11,39,38));
#967=IFCINDEXEDPOLYGONALFACE((13,12,38,37));
#968=IFCINDEXEDPOLYGONALFACE((36,14,13,37));
#969=IFCINDEXEDPOLYGONALFACE((35,15,14,36));
#970=IFCINDEXEDPOLYGONALFACE((17,16,34,33));
#971=IFCINDEXEDPOLYGONALFACE((35,34,16,15));
#972=IFCINDEXEDPOLYGONALFACE((18,17,33,32));
#973=IFCINDEXEDPOLYGONALFACE((19,18,32,31));
#974=IFCINDEXEDPOLYGONALFACE((30,20,19,31));
#975=IFCINDEXEDPOLYGONALFACE((29,21,20,30));
#976=IFCINDEXEDPOLYGONALFACE((23,22,28,27));
#977=IFCINDEXEDPOLYGONALFACE((29,28,22,21));
#978=IFCINDEXEDPOLYGONALFACE((24,23,27,26));
#979=IFCINDEXEDPOLYGONALFACE((1,24,26,25));
#980=IFCCARTESIANPOINTLIST3D(((858.49999999999625,176.00000000095491,1050.0000000000002),(857.4777747886684,176.00000000095491,1042.2354286469247),(854.48076211352941,176.00000000095491,1035.0000000000002),(849.71320343559273,176.00000000095491,1028.7867965644036),(843.49999999999636,176.00000000095491,1024.019237886467),(836.26457135307203,176.00000000095491,1021.0222252113281),(828.49999999999636,176.00000000095491,1020.0000000000001),(820.73542864692081,176.00000000095491,1021.022225211328),(813.49999999999648,176.00000000095491,1024.0192378864667),(807.28679656439988,176.00000000095491,1028.7867965644034),(802.51923788646309,176.00000000095491,1035.),(799.52222521132421,176.00000000095491,1042.2354286469242),(798.49999999999625,176.00000000095491,1050.),(799.52222521132421,176.00000000095491,1057.7645713530758),(802.51923788646309,176.00000000095491,1065.),(807.28679656439976,176.00000000095491,1071.2132034355966),(813.49999999999613,176.00000000095491,1075.9807621135333),(820.73542864692058,176.00000000095491,1078.9777747886721),(828.49999999999625,176.00000000095491,1080.),(836.2645713530718,176.00000000095491,1078.9777747886721),(843.49999999999625,176.00000000095491,1075.9807621135333),(849.71320343559262,176.00000000095491,1071.2132034355966),(854.48076211352941,176.00000000095491,1065.0000000000002),(857.47777478866828,176.00000000095491,1057.7645713530758),(858.49999999999625,170.00000000095491,1050.0000000000002),(857.47777478866828,170.00000000095491,1057.7645713530758),(854.48076211352941,170.00000000095491,1065.0000000000002),(849.71320343559262,170.00000000095491,1071.2132034355966),(843.49999999999625,170.00000000095491,1075.9807621135333),(836.2645713530718,170.00000000095491,1078.9777747886721),(828.49999999999625,170.00000000095491,1080.),(820.73542864692058,170.00000000095491,1078.9777747886721),(813.49999999999613,170.00000000095491,1075.9807621135333),(807.28679656439976,170.00000000095491,1071.2132034355966),(802.51923788646309,170.00000000095491,1065.),(799.52222521132421,170.00000000095491,1057.7645713530758),(798.49999999999625,170.00000000095491,1050.),(799.52222521132421,170.00000000095491,1042.2354286469242),(802.51923788646309,170.00000000095491,1035.),(807.28679656439988,170.00000000095491,1028.7867965644034),(813.49999999999648,170.00000000095491,1024.0192378864667),(820.73542864692081,170.00000000095491,1021.022225211328),(828.49999999999636,170.00000000095491,1020.0000000000001),(836.26457135307203,170.00000000095491,1021.0222252113281),(843.49999999999636,170.00000000095491,1024.019237886467),(849.71320343559273,170.00000000095491,1028.7867965644036),(854.48076211352941,170.00000000095491,1035.0000000000002),(857.4777747886684,170.00000000095491,1042.2354286469247)));
#981=IFCPOLYGONALFACESET(#980,.T.,(#954,#955,#956,#957,#958,#959,#960,#961,#962,#963,#964,#965,#966,#967,#968,#969,#970,#971,#972,#973,#974,#975,#976,#977,#978,#979),$);
#982=IFCINDEXEDCOLOURMAP(#981,1.,#953,(1,1,1,1,1,1,1,1,1,1,1,1,1,1,1,1,1,1,1,1,1,1,1,1,1,1));
#983=IFCSTYLEDITEM(#981,(#951),$);
#984=IFCCOLOURRGBLIST(((0.,0.,0.)));
#985=IFCINDEXEDPOLYGONALFACE((2,3,4,5,6,1));
#986=IFCINDEXEDPOLYGONALFACEWITHVOIDS((102,95,101,91,104,93,98,90,97,92,103,89,99,94,100,88,118,111,117,107,120,109,114,106,113,108,119,105,115,110,116,87),((121,125,126,122,123,124)));
#987=IFCINDEXEDPOLYGONALFACE((38,24,33,7,59,45,52,12,57,44,50,13,51,43,58,14,60,46,55,8,37,23,30,9,35,22,28,10,29,21,36,11));
#988=IFCINDEXEDPOLYGONALFACE((38,11,20));
#989=IFCINDEXEDPOLYGONALFACE((17,9,30,23));
#990=IFCINDEXEDPOLYGONALFACE((34,32,24));
#991=IFCINDEXEDPOLYGONALFACE((22,35,9,25));
#992=IFCINDEXEDPOLYGONALFACE((37,16,73,31));
#993=IFCINDEXEDPOLYGONALFACE((23,31,67,17));
#994=IFCINDEXEDPOLYGONALFACE((10,28,27));
#995=IFCINDEXEDPOLYGONALFACE((19,29,27));
#996=IFCINDEXEDPOLYGONALFACE((27,28,18));
#997=IFCINDEXEDPOLYGONALFACE((26,20,11));
#998=IFCINDEXEDPOLYGONALFACE((10,27,29));
#999=IFCINDEXEDPOLYGONALFACE((28,22,18));
#1000=IFCINDEXEDPOLYGONALFACE((7,33,15));
#1001=IFCINDEXEDPOLYGONALFACE((36,21,26,11));
#1002=IFCINDEXEDPOLYGONALFACE((33,32,15));
#1003=IFCINDEXEDPOLYGONALFACE((9,17,25));
#1004=IFCINDEXEDPOLYGONALFACE((25,18,22));
#1005=IFCINDEXEDPOLYGONALFACE((8,16,37));
#1006=IFCINDEXEDPOLYGONALFACE((19,21,29));
#1007=IFCINDEXEDPOLYGONALFACE((32,33,24));
#1008=IFCINDEXEDPOLYGONALFACE((34,38,20));
#1009=IFCINDEXEDPOLYGONALFACE((34,24,38));
#1010=IFCINDEXEDPOLYGONALFACE((19,26,21));
#1011=IFCINDEXEDPOLYGONALFACE((31,23,37));
#1012=IFCINDEXEDPOLYGONALFACE((60,14,42));
#1013=IFCINDEXEDPOLYGONALFACE((39,12,52,45));
#1014=IFCINDEXEDPOLYGONALFACE((56,54,46));
#1015=IFCINDEXEDPOLYGONALFACE((44,57,12,47));
#1016=IFCINDEXEDPOLYGONALFACE((59,15,85,53));
#1017=IFCINDEXEDPOLYGONALFACE((45,53,79,39));
#1018=IFCINDEXEDPOLYGONALFACE((13,50,49));
#1019=IFCINDEXEDPOLYGONALFACE((41,51,49));
#1020=IFCINDEXEDPOLYGONALFACE((49,50,40));
#1021=IFCINDEXEDPOLYGONALFACE((48,42,14));
#1022=IFCINDEXEDPOLYGONALFACE((13,49,51));
#1023=IFCINDEXEDPOLYGONALFACE((50,44,40));
#1024=IFCINDEXEDPOLYGONALFACE((8,55,16));
#1025=IFCINDEXEDPOLYGONALFACE((58,43,48,14));
#1026=IFCINDEXEDPOLYGONALFACE((55,54,16));
#1027=IFCINDEXEDPOLYGONALFACE((12,39,47));
#1028=IFCINDEXEDPOLYGONALFACE((47,40,44));
#1029=IFCINDEXEDPOLYGONALFACE((7,15,59));
#1030=IFCINDEXEDPOLYGONALFACE((41,43,51));
#1031=IFCINDEXEDPOLYGONALFACE((54,55,46));
#1032=IFCINDEXEDPOLYGONALFACE((56,60,42));
#1033=IFCINDEXEDPOLYGONALFACE((56,46,60));
#1034=IFCINDEXEDPOLYGONALFACE((41,48,43));
#1035=IFCINDEXEDPOLYGONALFACE((53,45,59));
#1036=IFCINDEXEDPOLYGONALFACE((67,31,73,16,62,68,63,17));
#1037=IFCINDEXEDPOLYGONALFACE((25,17,63,69,64,18));
#1038=IFCINDEXEDPOLYGONALFACE((61,15,32,34,20,66,71,96,74));
#1039=IFCINDEXEDPOLYGONALFACE((19,27,18,64,70,65));
#1040=IFCINDEXEDPOLYGONALFACE((3,2,124,123));
#1041=IFCINDEXEDPOLYGONALFACE((72,66,20,26,19,65));
#1042=IFCINDEXEDPOLYGONALFACE((79,53,85,15,61,80,75,39));
#1043=IFCINDEXEDPOLYGONALFACE((47,39,75,81,76,40));
#1044=IFCINDEXEDPOLYGONALFACE((62,16,54,56,42,78,84,112,86));
#1045=IFCINDEXEDPOLYGONALFACE((41,49,40,76,82,77));
#1046=IFCINDEXEDPOLYGONALFACE((6,5,126,125));
#1047=IFCINDEXEDPOLYGONALFACE((48,41,77,83,78,42));
#1048=IFCINDEXEDPOLYGONALFACE((63,94,99,89));
#1049=IFCINDEXEDPOLYGONALFACE((69,63,89));
#1050=IFCINDEXEDPOLYGONALFACE((68,94,63));
#1051=IFCINDEXEDPOLYGONALFACE((104,91,72,93));
#1052=IFCINDEXEDPOLYGONALFACE((103,92,69,89));
#1053=IFCINDEXEDPOLYGONALFACE((101,95,66,91));
#1054=IFCINDEXEDPOLYGONALFACE((62,88,100));
#1055=IFCINDEXEDPOLYGONALFACE((98,93,65));
#1056=IFCINDEXEDPOLYGONALFACE((64,97,70));
#1057=IFCINDEXEDPOLYGONALFACE((70,98,65));
#1058=IFCINDEXEDPOLYGONALFACE((87,61,102));
#1059=IFCINDEXEDPOLYGONALFACE((64,69,92));
#1060=IFCINDEXEDPOLYGONALFACE((98,70,90));
#1061=IFCINDEXEDPOLYGONALFACE((102,61,74,96));
#1062=IFCINDEXEDPOLYGONALFACE((68,62,100));
#1063=IFCINDEXEDPOLYGONALFACE((91,66,72));
#1064=IFCINDEXEDPOLYGONALFACE((90,70,97));
#1065=IFCINDEXEDPOLYGONALFACE((64,92,97));
#1066=IFCINDEXEDPOLYGONALFACE((72,65,93));
#1067=IFCINDEXEDPOLYGONALFACE((100,94,68));
#1068=IFCINDEXEDPOLYGONALFACE((95,96,71,66));
#1069=IFCINDEXEDPOLYGONALFACE((96,95,102));
#1070=IFCINDEXEDPOLYGONALFACE((75,110,115,105));
#1071=IFCINDEXEDPOLYGONALFACE((81,75,105));
#1072=IFCINDEXEDPOLYGONALFACE((80,110,75));
#1073=IFCINDEXEDPOLYGONALFACE((120,107,83,109));
#1074=IFCINDEXEDPOLYGONALFACE((119,108,81,105));
#1075=IFCINDEXEDPOLYGONALFACE((117,111,78,107));
#1076=IFCINDEXEDPOLYGONALFACE((88,62,118));
#1077=IFCINDEXEDPOLYGONALFACE((114,109,77));
#1078=IFCINDEXEDPOLYGONALFACE((76,113,82));
#1079=IFCINDEXEDPOLYGONALFACE((82,114,77));
#1080=IFCINDEXEDPOLYGONALFACE((61,87,116));
#1081=IFCINDEXEDPOLYGONALFACE((76,81,108));
#1082=IFCINDEXEDPOLYGONALFACE((106,114,82));
#1083=IFCINDEXEDPOLYGONALFACE((118,62,86,112));
#1084=IFCINDEXEDPOLYGONALFACE((80,61,116));
#1085=IFCINDEXEDPOLYGONALFACE((107,78,83));
#1086=IFCINDEXEDPOLYGONALFACE((106,82,113));
#1087=IFCINDEXEDPOLYGONALFACE((76,108,113));
#1088=IFCINDEXEDPOLYGONALFACE((83,77,109));
#1089=IFCINDEXEDPOLYGONALFACE((116,110,80));
#1090=IFCINDEXEDPOLYGONALFACE((111,112,84,78));
#1091=IFCINDEXEDPOLYGONALFACE((112,111,118));
#1092=IFCINDEXEDPOLYGONALFACE((4,3,123,122));
#1093=IFCINDEXEDPOLYGONALFACE((2,1,121,124));
#1094=IFCINDEXEDPOLYGONALFACE((1,6,125,121));
#1095=IFCINDEXEDPOLYGONALFACE((5,4,122,126));
#1096=IFCCARTESIANPOINTLIST3D(((818.49999999999318,226.00000000095486,1050.0000000000027),(823.49999999999295,226.00000000095486,1041.3397459621588),(833.49999999999238,226.00000000095486,1041.3397459621588),(838.49999999999227,226.00000000095486,1050.0000000000027),(833.49999999999227,226.00000000095486,1058.6602540378467),(823.49999999999284,226.00000000095486,1058.6602540378467),(808.02413241763759,275.00000000095474,1050.0000000000027),(848.97586758234786,275.00000000095474,1050.0000000000027),(842.97862481815389,275.00000000095474,1035.5213751818417),(828.49999999999272,275.00000000095474,1029.5241324176477),(814.02137518183167,275.00000000095474,1035.5213751818414),(814.02137518183144,275.00000000095474,1064.4786248181638),(828.4999999999925,275.00000000095474,1070.4758675823578),(842.97862481815355,275.00000000095474,1064.478624818164),(803.4999999999967,273.17213185507683,1050.0000000000027),(853.49999999998875,273.17213185507683,1050.000000000003),(848.72542485936322,273.17213185507683,1035.3053686926933),(836.22542485936526,273.17213185507683,1026.2235870926279),(820.7745751406203,273.17213185507683,1026.2235870926277),(808.27457514062235,273.17213185507683,1035.3053686926933),(821.2606875909122,275.00000000095474,1032.5227537997446),(835.73931240907336,275.00000000095474,1032.5227537997446),(845.97724620025087,275.00000000095474,1042.7606875909223),(811.02275379973457,275.00000000095474,1042.7606875909221),(842.47542485936424,273.17213185507683,1030.7644778926606),(814.52457514062132,273.17213185507683,1030.7644778926604),(828.49999999999272,273.17213185507683,1026.2235870926279),(832.11965620453316,275.00000000095474,1031.023443108696),(824.88034379545252,275.00000000095474,1031.023443108696),(844.47793550920233,275.00000000095474,1039.1410313863821),(851.11271242967598,273.17213185507683,1042.652684346348),(805.88728757030947,273.17213185507683,1042.652684346348),(809.52344310868614,275.00000000095474,1046.3803437954623),(807.08093135546596,273.17213185507683,1038.9790265195204),(839.35896861361357,275.00000000095474,1034.0220644907934),(817.64103138637188,275.00000000095474,1034.0220644907931),(847.47655689129931,275.00000000095474,1046.3803437954625),(812.52206449078312,275.00000000095474,1039.1410313863819),(808.27457514062201,273.17213185507683,1064.6946313073122),(820.77457514062007,273.17213185507683,1073.7764129073778),(836.22542485936492,273.17213185507683,1073.7764129073778),(848.72542485936299,273.17213185507683,1064.6946313073124),(835.73931240907302,275.00000000095474,1067.4772462002611),(821.26068759091197,275.00000000095474,1067.4772462002607),(811.02275379973457,275.00000000095474,1057.2393124090831),(845.97724620025076,275.00000000095474,1057.2393124090834),(814.52457514062098,273.17213185507683,1069.2355221073449),(842.4754248593639,273.17213185507683,1069.2355221073451),(828.4999999999925,273.17213185507683,1073.7764129073778),(824.88034379545229,275.00000000095474,1068.9765568913094),(832.11965620453282,275.00000000095474,1068.9765568913094),(812.52206449078301,275.00000000095474,1060.8589686136236),(805.88728757030947,273.17213185507683,1057.3473156536572),(851.11271242967587,273.17213185507683,1057.3473156536579),(847.47655689129931,275.00000000095474,1053.6196562045432),(849.91906864451948,273.17213185507683,1061.0209734804853),(817.64103138637176,275.00000000095474,1065.9779355092123),(839.35896861361334,275.00000000095474,1065.9779355092123),(809.52344310868602,275.00000000095474,1053.6196562045429),(844.4779355092021,275.00000000095474,1060.8589686136238),(803.4999999999967,269.70845373631948,1050.0000000000027),(853.49999999998875,269.70845373631948,1050.000000000003),(848.72542485936322,269.70845373631948,1035.3053686926933),(836.22542485936526,269.70845373631948,1026.2235870926279),(820.7745751406203,269.70845373631948,1026.2235870926277),(808.27457514062235,269.70845373631948,1035.3053686926933),(850.18332923032881,273.17213185507683,1039.7923369739901),(851.11271242967598,269.70845373631948,1042.652684346348),(842.47542485936424,269.70845373631948,1030.7644778926606),(828.49999999999272,269.70845373631948,1026.2235870926279),(806.81667086781363,269.70845373631948,1039.7923366718942),(814.52457514062132,269.70845373631948,1030.7644778926604),(851.84166461515872,273.17213185507683,1044.8961684869967),(805.15833543390511,269.70845373631948,1044.8961683359485),(808.27457514062201,269.70845373631948,1064.6946313073122),(820.77457514062007,269.70845373631948,1073.7764129073778),(836.22542485936492,269.70845373631948,1073.7764129073778),(848.72542485936299,269.70845373631948,1064.6946313073124),(806.81667070807555,273.17213185507683,1060.2076628364885),(805.88728757030947,269.70845373631948,1057.3473156536572),(814.52457514062098,269.70845373631948,1069.2355221073449),(828.4999999999925,269.70845373631948,1073.7764129073778),(842.4754248593639,269.70845373631948,1069.2355221073451),(850.183329287525,269.70845373631948,1060.2076628499833),(805.15833535403601,273.17213185507683,1055.1038314182456),(851.84166464375676,269.70845373631948,1055.1038314249934),(809.86376396747835,245.00000000095483,1050.0000000000027),(847.13623603250699,245.00000000095483,1050.0000000000027),(841.67780887437664,245.00000000095483,1036.8221911256189),(828.49999999999272,245.00000000095483,1031.3637639674885),(815.32219112560881,245.00000000095483,1036.8221911256187),(835.08890443718474,245.00000000095483,1034.0929775465538),(821.91109556280082,245.00000000095483,1034.0929775465536),(844.40702245344175,245.00000000095483,1043.4110955628109),(812.59297754654358,245.00000000095483,1043.4110955628107),(805.88728757030947,269.70845373631948,1042.652684346348),(831.79445221858873,245.00000000095483,1032.7283707570209),(825.20554778139683,245.00000000095483,1032.7283707570209),(843.0424156639092,245.00000000095483,1040.1166433442149),(845.77162924297443,245.00000000095483,1046.7055477814067),(813.95758433607614,245.00000000095483,1040.1166433442147),(811.22837075701102,245.00000000095483,1046.7055477814065),(838.38335665578063,245.00000000095483,1035.4575843360863),(818.61664334420482,245.00000000095483,1035.4575843360863),(815.32219112560858,245.00000000095483,1063.1778088743865),(828.4999999999925,245.00000000095483,1068.6362360325172),(841.67780887437652,245.00000000095483,1063.1778088743868),(821.9110955628006,245.00000000095483,1065.9070224534519),(835.08890443718451,245.00000000095483,1065.9070224534519),(812.59297754654347,245.00000000095483,1056.5889044371947),(844.40702245344175,245.00000000095483,1056.588904437195),(851.11271242967587,269.70845373631948,1057.3473156536579),(825.20554778139649,245.00000000095483,1067.2716292429843),(831.7944522185885,245.00000000095483,1067.2716292429845),(813.95758433607602,245.00000000095483,1059.8833566557907),(811.22837075701091,245.00000000095483,1053.2944522185987),(843.04241566390908,245.00000000095483,1059.8833566557907),(845.77162924297443,245.00000000095483,1053.294452218599),(818.61664334420459,245.00000000095483,1064.5424156639192),(838.38335665578052,245.00000000095483,1064.5424156639194),(818.49999999999318,245.00000000095483,1050.0000000000027),(838.49999999999227,245.00000000095483,1050.0000000000027),(833.49999999999238,245.00000000095483,1041.3397459621588),(823.49999999999295,245.00000000095483,1041.3397459621588),(823.49999999999284,245.00000000095483,1058.6602540378467),(833.49999999999227,245.00000000095483,1058.6602540378467)));
#1097=IFCPOLYGONALFACESET(#1096,.T.,(#985,#986,#987,#988,#989,#990,#991,#992,#993,#994,#995,#996,#997,#998,#999,#1000,#1001,#1002,#1003,#1004,#1005,#1006,#1007,#1008,#1009,#1010,#1011,#1012,#1013,#1014,#1015,#1016,#1017,#1018,#1019,#1020,#1021,#1022,#1023,#1024,#1025,#1026,#1027,#1028,#1029,#1030,#1031,#1032,#1033,#1034,#1035,#1036,#1037,#1038,#1039,#1040,#1041,#1042,#1043,#1044,#1045,#1046,#1047,#1048,#1049,#1050,#1051,#1052,#1053,#1054,#1055,#1056,#1057,#1058,#1059,#1060,#1061,#1062,#1063,#1064,#1065,#1066,#1067,#1068,#1069,#1070,#1071,#1072,#1073,#1074,#1075,#1076,#1077,#1078,#1079,#1080,#1081,#1082,#1083,#1084,#1085,#1086,#1087,#1088,#1089,#1090,#1091,#1092,#1093,#1094,#1095),$);
#1098=IFCINDEXEDCOLOURMAP(#1097,1.,#984,(1,1,1,1,1,1,1,1,1,1,1,1,1,1,1,1,1,1,1,1,1,1,1,1,1,1,1,1,1,1,1,1,1,1,1,1,1,1,1,1,1,1,1,1,1,1,1,1,1,1,1,1,1,1,1,1,1,1,1,1,1,1,1,1,1,1,1,1,1,1,1,1,1,1,1,1,1,1,1,1,1,1,1,1,1,1,1,1,1,1,1,1,1,1,1,1,1,1,1,1,1,1,1,1,1,1,1,1,1,1,1));
#1099=IFCSTYLEDITEM(#1097,(#951),$);
#1100=IFCCOLOURRGBLIST(((0.,0.,0.)));
#1101=IFCINDEXEDPOLYGONALFACE((18,19,20,21,22,23,24,1,2,3,4,5,6,7,8,9,10,11,12,13,14,15,16,17));
#1102=IFCINDEXEDPOLYGONALFACE((41,42,43,44,45,46,47,48,25,26,27,28,29,30,31,32,33,34,35,36,37,38,39,40));
#1103=IFCINDEXEDPOLYGONALFACE((25,1,24,26));
#1104=IFCINDEXEDPOLYGONALFACE((26,24,23,27));
#1105=IFCINDEXEDPOLYGONALFACE((29,28,22,21));
#1106=IFCINDEXEDPOLYGONALFACE((22,28,27,23));
#1107=IFCINDEXEDPOLYGONALFACE((30,29,21,20));
#1108=IFCINDEXEDPOLYGONALFACE((30,20,19,31));
#1109=IFCINDEXEDPOLYGONALFACE((31,19,18,32));
#1110=IFCINDEXEDPOLYGONALFACE((32,18,17,33));
#1111=IFCINDEXEDPOLYGONALFACE((35,34,16,15));
#1112=IFCINDEXEDPOLYGONALFACE((16,34,33,17));
#1113=IFCINDEXEDPOLYGONALFACE((36,35,15,14));
#1114=IFCINDEXEDPOLYGONALFACE((36,14,13,37));
#1115=IFCINDEXEDPOLYGONALFACE((37,13,12,38));
#1116=IFCINDEXEDPOLYGONALFACE((38,12,11,39));
#1117=IFCINDEXEDPOLYGONALFACE((41,40,10,9));
#1118=IFCINDEXEDPOLYGONALFACE((10,40,39,11));
#1119=IFCINDEXEDPOLYGONALFACE((42,41,9,8));
#1120=IFCINDEXEDPOLYGONALFACE((42,8,7,43));
#1121=IFCINDEXEDPOLYGONALFACE((43,7,6,44));
#1122=IFCINDEXEDPOLYGONALFACE((44,6,5,45));
#1123=IFCINDEXEDPOLYGONALFACE((47,46,4,3));
#1124=IFCINDEXEDPOLYGONALFACE((4,46,45,5));
#1125=IFCINDEXEDPOLYGONALFACE((48,47,3,2));
#1126=IFCINDEXEDPOLYGONALFACE((48,2,1,25));
#1127=IFCCARTESIANPOINTLIST3D(((858.49999999999477,220.00000000095486,1050.0000000000032),(857.47777478866681,220.00000000095486,1057.7645713530787),(854.48076211352793,220.00000000095486,1065.0000000000032),(849.71320343559114,220.00000000095486,1071.2132034355996),(843.49999999999477,220.00000000095486,1075.9807621135362),(836.26457135307044,220.00000000095486,1078.9777747886751),(828.49999999999466,220.00000000095486,1080.000000000003),(820.73542864691922,220.00000000095486,1078.9777747886751),(813.49999999999466,220.00000000095486,1075.9807621135362),(807.28679656439829,220.00000000095486,1071.2132034355996),(802.51923788646161,220.00000000095486,1065.000000000003),(799.52222521132273,220.00000000095486,1057.7645713530787),(798.49999999999466,220.00000000095486,1050.000000000003),(799.52222521132273,220.00000000095486,1042.2354286469274),(802.51923788646161,220.00000000095486,1035.000000000003),(807.2867965643984,220.00000000095486,1028.7867965644064),(813.499999999995,220.00000000095486,1024.0192378864697),(820.73542864691933,220.00000000095486,1021.0222252113309),(828.49999999999488,220.00000000095486,1020.0000000000031),(836.26457135307055,220.00000000095486,1021.022225211331),(843.49999999999488,220.00000000095486,1024.0192378864699),(849.71320343559125,220.00000000095486,1028.7867965644068),(854.48076211352793,220.00000000095486,1035.0000000000032),(857.47777478866692,220.00000000095486,1042.2354286469276),(858.49999999999477,226.00000000095488,1050.0000000000032),(857.47777478866692,226.00000000095488,1042.2354286469276),(854.48076211352793,226.00000000095488,1035.0000000000032),(849.71320343559125,226.00000000095488,1028.7867965644068),(843.49999999999488,226.00000000095488,1024.0192378864699),(836.26457135307055,226.00000000095488,1021.022225211331),(828.49999999999488,226.00000000095488,1020.0000000000031),(820.73542864691933,226.00000000095488,1021.0222252113309),(813.499999999995,226.00000000095488,1024.0192378864697),(807.2867965643984,226.00000000095488,1028.7867965644064),(802.51923788646161,226.00000000095488,1035.000000000003),(799.52222521132273,226.00000000095488,1042.2354286469274),(798.49999999999466,226.00000000095488,1050.000000000003),(799.52222521132273,226.00000000095488,1057.7645713530787),(802.51923788646161,226.00000000095488,1065.000000000003),(807.28679656439829,226.00000000095488,1071.2132034355996),(813.49999999999466,226.00000000095488,1075.9807621135362),(820.73542864691922,226.00000000095488,1078.9777747886751),(828.49999999999466,226.00000000095488,1080.000000000003),(836.26457135307044,226.00000000095488,1078.9777747886751),(843.49999999999477,226.00000000095488,1075.9807621135362),(849.71320343559114,226.00000000095488,1071.2132034355996),(854.48076211352793,226.00000000095488,1065.0000000000032),(857.47777478866681,226.00000000095488,1057.7645713530787)));
#1128=IFCPOLYGONALFACESET(#1127,.T.,(#1101,#1102,#1103,#1104,#1105,#1106,#1107,#1108,#1109,#1110,#1111,#1112,#1113,#1114,#1115,#1116,#1117,#1118,#1119,#1120,#1121,#1122,#1123,#1124,#1125,#1126),$);
#1129=IFCINDEXEDCOLOURMAP(#1128,1.,#1100,(1,1,1,1,1,1,1,1,1,1,1,1,1,1,1,1,1,1,1,1,1,1,1,1,1,1));
#1130=IFCSTYLEDITEM(#1128,(#951),$);
#1131=IFCCOLOURRGBLIST(((0.,0.,0.)));
#1132=IFCINDEXEDPOLYGONALFACE((2,3,4,5,6,1));
#1133=IFCINDEXEDPOLYGONALFACEWITHVOIDS((102,95,101,91,104,93,98,90,97,92,103,89,99,94,100,88,118,111,117,107,120,109,114,106,113,108,119,105,115,110,116,87),((121,125,126,122,123,124)));
#1134=IFCINDEXEDPOLYGONALFACE((38,24,33,7,59,45,52,12,57,44,50,13,51,43,58,14,60,46,55,8,37,23,30,9,35,22,28,10,29,21,36,11));
#1135=IFCINDEXEDPOLYGONALFACE((38,11,20));
#1136=IFCINDEXEDPOLYGONALFACE((17,9,30,23));
#1137=IFCINDEXEDPOLYGONALFACE((34,32,24));
#1138=IFCINDEXEDPOLYGONALFACE((22,35,9,25));
#1139=IFCINDEXEDPOLYGONALFACE((37,16,73,31));
#1140=IFCINDEXEDPOLYGONALFACE((23,31,67,17));
#1141=IFCINDEXEDPOLYGONALFACE((10,28,27));
#1142=IFCINDEXEDPOLYGONALFACE((19,29,27));
#1143=IFCINDEXEDPOLYGONALFACE((27,28,18));
#1144=IFCINDEXEDPOLYGONALFACE((26,20,11));
#1145=IFCINDEXEDPOLYGONALFACE((10,27,29));
#1146=IFCINDEXEDPOLYGONALFACE((28,22,18));
#1147=IFCINDEXEDPOLYGONALFACE((7,33,15));
#1148=IFCINDEXEDPOLYGONALFACE((36,21,26,11));
#1149=IFCINDEXEDPOLYGONALFACE((33,32,15));
#1150=IFCINDEXEDPOLYGONALFACE((9,17,25));
#1151=IFCINDEXEDPOLYGONALFACE((25,18,22));
#1152=IFCINDEXEDPOLYGONALFACE((8,16,37));
#1153=IFCINDEXEDPOLYGONALFACE((19,21,29));
#1154=IFCINDEXEDPOLYGONALFACE((32,33,24));
#1155=IFCINDEXEDPOLYGONALFACE((34,38,20));
#1156=IFCINDEXEDPOLYGONALFACE((34,24,38));
#1157=IFCINDEXEDPOLYGONALFACE((19,26,21));
#1158=IFCINDEXEDPOLYGONALFACE((31,23,37));
#1159=IFCINDEXEDPOLYGONALFACE((60,14,42));
#1160=IFCINDEXEDPOLYGONALFACE((39,12,52,45));
#1161=IFCINDEXEDPOLYGONALFACE((56,54,46));
#1162=IFCINDEXEDPOLYGONALFACE((44,57,12,47));
#1163=IFCINDEXEDPOLYGONALFACE((59,15,85,53));
#1164=IFCINDEXEDPOLYGONALFACE((45,53,79,39));
#1165=IFCINDEXEDPOLYGONALFACE((13,50,49));
#1166=IFCINDEXEDPOLYGONALFACE((41,51,49));
#1167=IFCINDEXEDPOLYGONALFACE((49,50,40));
#1168=IFCINDEXEDPOLYGONALFACE((48,42,14));
#1169=IFCINDEXEDPOLYGONALFACE((13,49,51));
#1170=IFCINDEXEDPOLYGONALFACE((50,44,40));
#1171=IFCINDEXEDPOLYGONALFACE((8,55,16));
#1172=IFCINDEXEDPOLYGONALFACE((58,43,48,14));
#1173=IFCINDEXEDPOLYGONALFACE((55,54,16));
#1174=IFCINDEXEDPOLYGONALFACE((12,39,47));
#1175=IFCINDEXEDPOLYGONALFACE((47,40,44));
#1176=IFCINDEXEDPOLYGONALFACE((7,15,59));
#1177=IFCINDEXEDPOLYGONALFACE((41,43,51));
#1178=IFCINDEXEDPOLYGONALFACE((54,55,46));
#1179=IFCINDEXEDPOLYGONALFACE((56,60,42));
#1180=IFCINDEXEDPOLYGONALFACE((56,46,60));
#1181=IFCINDEXEDPOLYGONALFACE((41,48,43));
#1182=IFCINDEXEDPOLYGONALFACE((53,45,59));
#1183=IFCINDEXEDPOLYGONALFACE((67,31,73,16,62,68,63,17));
#1184=IFCINDEXEDPOLYGONALFACE((25,17,63,69,64,18));
#1185=IFCINDEXEDPOLYGONALFACE((61,15,32,34,20,66,71,96,74));
#1186=IFCINDEXEDPOLYGONALFACE((19,27,18,64,70,65));
#1187=IFCINDEXEDPOLYGONALFACE((3,2,124,123));
#1188=IFCINDEXEDPOLYGONALFACE((72,66,20,26,19,65));
#1189=IFCINDEXEDPOLYGONALFACE((79,53,85,15,61,80,75,39));
#1190=IFCINDEXEDPOLYGONALFACE((47,39,75,81,76,40));
#1191=IFCINDEXEDPOLYGONALFACE((62,16,54,56,42,78,84,112,86));
#1192=IFCINDEXEDPOLYGONALFACE((41,49,40,76,82,77));
#1193=IFCINDEXEDPOLYGONALFACE((6,5,126,125));
#1194=IFCINDEXEDPOLYGONALFACE((48,41,77,83,78,42));
#1195=IFCINDEXEDPOLYGONALFACE((63,94,99,89));
#1196=IFCINDEXEDPOLYGONALFACE((69,63,89));
#1197=IFCINDEXEDPOLYGONALFACE((68,94,63));
#1198=IFCINDEXEDPOLYGONALFACE((104,91,72,93));
#1199=IFCINDEXEDPOLYGONALFACE((103,92,69,89));
#1200=IFCINDEXEDPOLYGONALFACE((101,95,66,91));
#1201=IFCINDEXEDPOLYGONALFACE((62,88,100));
#1202=IFCINDEXEDPOLYGONALFACE((98,93,65));
#1203=IFCINDEXEDPOLYGONALFACE((64,97,70));
#1204=IFCINDEXEDPOLYGONALFACE((70,98,65));
#1205=IFCINDEXEDPOLYGONALFACE((87,61,102));
#1206=IFCINDEXEDPOLYGONALFACE((64,69,92));
#1207=IFCINDEXEDPOLYGONALFACE((98,70,90));
#1208=IFCINDEXEDPOLYGONALFACE((102,61,74,96));
#1209=IFCINDEXEDPOLYGONALFACE((68,62,100));
#1210=IFCINDEXEDPOLYGONALFACE((91,66,72));
#1211=IFCINDEXEDPOLYGONALFACE((90,70,97));
#1212=IFCINDEXEDPOLYGONALFACE((64,92,97));
#1213=IFCINDEXEDPOLYGONALFACE((72,65,93));
#1214=IFCINDEXEDPOLYGONALFACE((100,94,68));
#1215=IFCINDEXEDPOLYGONALFACE((95,96,71,66));
#1216=IFCINDEXEDPOLYGONALFACE((96,95,102));
#1217=IFCINDEXEDPOLYGONALFACE((75,110,115,105));
#1218=IFCINDEXEDPOLYGONALFACE((81,75,105));
#1219=IFCINDEXEDPOLYGONALFACE((80,110,75));
#1220=IFCINDEXEDPOLYGONALFACE((120,107,83,109));
#1221=IFCINDEXEDPOLYGONALFACE((119,108,81,105));
#1222=IFCINDEXEDPOLYGONALFACE((117,111,78,107));
#1223=IFCINDEXEDPOLYGONALFACE((88,62,118));
#1224=IFCINDEXEDPOLYGONALFACE((114,109,77));
#1225=IFCINDEXEDPOLYGONALFACE((76,113,82));
#1226=IFCINDEXEDPOLYGONALFACE((82,114,77));
#1227=IFCINDEXEDPOLYGONALFACE((61,87,116));
#1228=IFCINDEXEDPOLYGONALFACE((76,81,108));
#1229=IFCINDEXEDPOLYGONALFACE((106,114,82));
#1230=IFCINDEXEDPOLYGONALFACE((118,62,86,112));
#1231=IFCINDEXEDPOLYGONALFACE((80,61,116));
#1232=IFCINDEXEDPOLYGONALFACE((107,78,83));
#1233=IFCINDEXEDPOLYGONALFACE((106,82,113));
#1234=IFCINDEXEDPOLYGONALFACE((76,108,113));
#1235=IFCINDEXEDPOLYGONALFACE((83,77,109));
#1236=IFCINDEXEDPOLYGONALFACE((116,110,80));
#1237=IFCINDEXEDPOLYGONALFACE((111,112,84,78));
#1238=IFCINDEXEDPOLYGONALFACE((112,111,118));
#1239=IFCINDEXEDPOLYGONALFACE((4,3,123,122));
#1240=IFCINDEXEDPOLYGONALFACE((2,1,121,124));
#1241=IFCINDEXEDPOLYGONALFACE((1,6,125,121));
#1242=IFCINDEXEDPOLYGONALFACE((5,4,122,126));
#1243=IFCCARTESIANPOINTLIST3D(((991.50000000000296,170.00000000095477,1049.9999999999998),(986.50000000000318,170.00000000095477,1041.3397459621558),(976.50000000000364,170.00000000095477,1041.3397459621558),(971.50000000000398,170.00000000095477,1049.9999999999998),(976.50000000000375,170.00000000095477,1058.6602540378437),(986.5000000000033,170.00000000095477,1058.6602540378437),(1001.9758675823585,121.00000000095486,1049.9999999999998),(961.02413241764839,121.00000000095486,1049.9999999999998),(967.02137518184236,121.00000000095486,1035.5213751818387),(981.5000000000033,121.00000000095486,1029.5241324176448),(995.97862481816458,121.00000000095486,1035.5213751818385),(995.97862481816469,121.00000000095486,1064.4786248181608),(981.50000000000364,121.00000000095486,1070.4758675823548),(967.02137518184247,121.00000000095486,1064.4786248181611),(1006.4999999999995,122.82786814683281,1049.9999999999998),(956.5000000000075,122.82786814683281,1050.),(961.27457514063303,122.82786814683281,1035.3053686926903),(973.77457514063087,122.82786814683281,1026.2235870926247),(989.22542485937583,122.82786814683281,1026.2235870926247),(1001.7254248593739,122.82786814683281,1035.3053686926903),(988.73931240908382,121.00000000095486,1032.5227537997416),(974.26068759092277,121.00000000095486,1032.5227537997416),(964.02275379974537,121.00000000095486,1042.7606875909194),(998.97724620026156,121.00000000095486,1042.7606875909191),(967.5245751406319,122.82786814683281,1030.7644778926576),(995.47542485937481,122.82786814683281,1030.7644778926574),(981.5000000000033,122.82786814683281,1026.2235870926247),(977.88034379546309,121.00000000095486,1031.0234431086933),(985.11965620454362,121.00000000095486,1031.0234431086933),(965.52206449079381,121.00000000095486,1039.1410313863789),(958.88728757032027,122.82786814683281,1042.652684346345),(1004.1127124296867,122.82786814683281,1042.652684346345),(1000.4765568913101,121.00000000095486,1046.3803437954596),(1002.9190686445303,122.82786814683281,1038.9790265195174),(970.64103138638256,121.00000000095486,1034.0220644907902),(992.35896861362426,121.00000000095486,1034.0220644907899),(962.52344310869682,121.00000000095486,1046.3803437954596),(997.47793550921301,121.00000000095486,1039.1410313863787),(1001.725424859374,122.82786814683281,1064.694631307309),(989.22542485937606,122.82786814683281,1073.7764129073748),(973.77457514063121,122.82786814683281,1073.7764129073748),(961.27457514063315,122.82786814683281,1064.6946313073095),(974.260687590923,121.00000000095486,1067.4772462002579),(988.73931240908416,121.00000000095486,1067.4772462002577),(998.97724620026167,121.00000000095486,1057.2393124090802),(964.02275379974537,121.00000000095486,1057.2393124090804),(995.47542485937504,122.82786814683281,1069.2355221073419),(967.52457514063212,122.82786814683281,1069.2355221073421),(981.50000000000375,122.82786814683281,1073.7764129073748),(985.11965620454396,121.00000000095486,1068.9765568913065),(977.88034379546343,121.00000000095486,1068.9765568913065),(997.47793550921313,121.00000000095486,1060.8589686136204),(1004.1127124296868,122.82786814683281,1057.3473156536543),(958.88728757032027,122.82786814683281,1057.347315653655),(962.52344310869682,121.00000000095486,1053.6196562045402),(960.08093135547676,122.82786814683281,1061.0209734804821),(992.35896861362448,121.00000000095486,1065.9779355092094),(970.64103138638279,121.00000000095486,1065.9779355092096),(1000.4765568913101,121.00000000095486,1053.61965620454),(965.52206449079392,121.00000000095486,1060.8589686136206),(1006.4999999999995,126.29154626559014,1049.9999999999998),(956.5000000000075,126.29154626559014,1050.),(961.27457514063303,126.29154626559014,1035.3053686926903),(973.77457514063087,126.29154626559014,1026.2235870926247),(989.22542485937583,126.29154626559014,1026.2235870926247),(1001.7254248593739,126.29154626559014,1035.3053686926903),(959.81667076966744,122.82786814683281,1039.7923369739872),(958.88728757032027,126.29154626559014,1042.652684346345),(967.5245751406319,126.29154626559014,1030.7644778926576),(981.5000000000033,126.29154626559014,1026.2235870926247),(1003.1833291321826,126.29154626559014,1039.7923366718912),(995.47542485937481,126.29154626559014,1030.7644778926574),(958.15833538483741,122.82786814683281,1044.8961684869937),(1004.841664566091,126.29154626559014,1044.8961683359455),(1001.725424859374,126.29154626559014,1064.694631307309),(989.22542485937606,126.29154626559014,1073.7764129073748),(973.77457514063121,126.29154626559014,1073.7764129073748),(961.27457514063315,126.29154626559014,1064.6946313073095),(1003.1833292919207,122.82786814683281,1060.2076628364855),(1004.1127124296868,126.29154626559014,1057.3473156536543),(995.47542485937504,126.29154626559014,1069.2355221073419),(981.50000000000375,126.29154626559014,1073.7764129073748),(967.52457514063212,126.29154626559014,1069.2355221073421),(959.81667071247102,126.29154626559014,1060.2076628499806),(1004.84166464596,122.82786814683281,1055.1038314182426),(958.15833535623926,126.29154626559014,1055.1038314249902),(1000.1362360325178,151.00000000095477,1049.9999999999998),(962.86376396748926,151.00000000095477,1049.9999999999998),(968.3221911256195,151.00000000095477,1036.822191125616),(981.50000000000341,151.00000000095477,1031.3637639674855),(994.67780887438732,151.00000000095477,1036.8221911256157),(974.9110955628114,151.00000000095477,1034.0929775465509),(988.08890443719542,151.00000000095477,1034.0929775465506),(965.59297754655427,151.00000000095477,1043.4110955628078),(997.40702245345256,151.00000000095477,1043.4110955628078),(1004.1127124296867,126.29154626559014,1042.652684346345),(978.2055477814074,151.00000000095477,1032.728370757018),(984.79445221859942,151.00000000095477,1032.728370757018),(966.95758433608682,151.00000000095477,1040.116643344212),(964.22837075702171,151.00000000095477,1046.7055477814038),(996.04241566391988,151.00000000095477,1040.1166433442115),(998.77162924298523,151.00000000095477,1046.7055477814038),(971.61664334421539,151.00000000095477,1035.4575843360833),(991.38335665579132,151.00000000095477,1035.4575843360833),(994.67780887438755,151.00000000095477,1063.1778088743836),(981.50000000000364,151.00000000095477,1068.6362360325143),(968.32219112561961,151.00000000095477,1063.1778088743838),(988.08890443719554,151.00000000095477,1065.9070224534489),(974.91109556281162,151.00000000095477,1065.9070224534489),(997.40702245345267,151.00000000095477,1056.5889044371918),(965.59297754655438,151.00000000095477,1056.588904437192),(958.88728757032027,126.29154626559014,1057.347315653655),(984.79445221859953,151.00000000095477,1067.2716292429816),(978.20554778140763,151.00000000095477,1067.2716292429816),(996.04241566392,151.00000000095477,1059.8833566557878),(998.77162924298523,151.00000000095477,1053.2944522185956),(966.95758433608705,151.00000000095477,1059.8833566557878),(964.22837075702182,151.00000000095477,1053.294452218596),(991.38335665579166,151.00000000095477,1064.5424156639165),(971.61664334421573,151.00000000095477,1064.5424156639165),(991.50000000000296,151.00000000095477,1049.9999999999998),(971.50000000000398,151.00000000095477,1049.9999999999998),(976.50000000000364,151.00000000095477,1041.3397459621558),(986.50000000000318,151.00000000095477,1041.3397459621558),(986.5000000000033,151.00000000095477,1058.6602540378437),(976.50000000000375,151.00000000095477,1058.6602540378437)));
#1244=IFCPOLYGONALFACESET(#1243,.T.,(#1132,#1133,#1134,#1135,#1136,#1137,#1138,#1139,#1140,#1141,#1142,#1143,#1144,#1145,#1146,#1147,#1148,#1149,#1150,#1151,#1152,#1153,#1154,#1155,#1156,#1157,#1158,#1159,#1160,#1161,#1162,#1163,#1164,#1165,#1166,#1167,#1168,#1169,#1170,#1171,#1172,#1173,#1174,#1175,#1176,#1177,#1178,#1179,#1180,#1181,#1182,#1183,#1184,#1185,#1186,#1187,#1188,#1189,#1190,#1191,#1192,#1193,#1194,#1195,#1196,#1197,#1198,#1199,#1200,#1201,#1202,#1203,#1204,#1205,#1206,#1207,#1208,#1209,#1210,#1211,#1212,#1213,#1214,#1215,#1216,#1217,#1218,#1219,#1220,#1221,#1222,#1223,#1224,#1225,#1226,#1227,#1228,#1229,#1230,#1231,#1232,#1233,#1234,#1235,#1236,#1237,#1238,#1239,#1240,#1241,#1242),$);
#1245=IFCINDEXEDCOLOURMAP(#1244,1.,#1131,(1,1,1,1,1,1,1,1,1,1,1,1,1,1,1,1,1,1,1,1,1,1,1,1,1,1,1,1,1,1,1,1,1,1,1,1,1,1,1,1,1,1,1,1,1,1,1,1,1,1,1,1,1,1,1,1,1,1,1,1,1,1,1,1,1,1,1,1,1,1,1,1,1,1,1,1,1,1,1,1,1,1,1,1,1,1,1,1,1,1,1,1,1,1,1,1,1,1,1,1,1,1,1,1,1,1,1,1,1,1,1));
#1246=IFCSTYLEDITEM(#1244,(#951),$);
#1247=IFCCOLOURRGBLIST(((0.,0.,0.)));
#1248=IFCINDEXEDPOLYGONALFACE((18,19,20,21,22,23,24,1,2,3,4,5,6,7,8,9,10,11,12,13,14,15,16,17));
#1249=IFCINDEXEDPOLYGONALFACE((41,42,43,44,45,46,47,48,25,26,27,28,29,30,31,32,33,34,35,36,37,38,39,40));
#1250=IFCINDEXEDPOLYGONALFACE((25,1,24,26));
#1251=IFCINDEXEDPOLYGONALFACE((26,24,23,27));
#1252=IFCINDEXEDPOLYGONALFACE((29,28,22,21));
#1253=IFCINDEXEDPOLYGONALFACE((22,28,27,23));
#1254=IFCINDEXEDPOLYGONALFACE((30,29,21,20));
#1255=IFCINDEXEDPOLYGONALFACE((30,20,19,31));
#1256=IFCINDEXEDPOLYGONALFACE((31,19,18,32));
#1257=IFCINDEXEDPOLYGONALFACE((32,18,17,33));
#1258=IFCINDEXEDPOLYGONALFACE((35,34,16,15));
#1259=IFCINDEXEDPOLYGONALFACE((16,34,33,17));
#1260=IFCINDEXEDPOLYGONALFACE((36,35,15,14));
#1261=IFCINDEXEDPOLYGONALFACE((36,14,13,37));
#1262=IFCINDEXEDPOLYGONALFACE((37,13,12,38));
#1263=IFCINDEXEDPOLYGONALFACE((38,12,11,39));
#1264=IFCINDEXEDPOLYGONALFACE((41,40,10,9));
#1265=IFCINDEXEDPOLYGONALFACE((10,40,39,11));
#1266=IFCINDEXEDPOLYGONALFACE((42,41,9,8));
#1267=IFCINDEXEDPOLYGONALFACE((42,8,7,43));
#1268=IFCINDEXEDPOLYGONALFACE((43,7,6,44));
#1269=IFCINDEXEDPOLYGONALFACE((44,6,5,45));
#1270=IFCINDEXEDPOLYGONALFACE((47,46,4,3));
#1271=IFCINDEXEDPOLYGONALFACE((4,46,45,5));
#1272=IFCINDEXEDPOLYGONALFACE((48,47,3,2));
#1273=IFCINDEXEDPOLYGONALFACE((48,2,1,25));
#1274=IFCCARTESIANPOINTLIST3D(((951.50000000000136,176.00000000095474,1050.0000000000002),(952.52222521132933,176.00000000095474,1057.7645713530758),(955.51923788646832,176.00000000095474,1065.0000000000002),(960.28679656440499,176.00000000095474,1071.2132034355966),(966.50000000000148,176.00000000095474,1075.9807621135333),(973.73542864692581,176.00000000095474,1078.9777747886721),(981.50000000000148,176.00000000095474,1080.),(989.26457135307703,176.00000000095474,1078.9777747886721),(996.50000000000136,176.00000000095474,1075.9807621135333),(1002.7132034355977,176.00000000095474,1071.2132034355966),(1007.4807621135345,176.00000000095474,1065.),(1010.4777747886734,176.00000000095474,1057.7645713530758),(1011.5000000000014,176.00000000095474,1050.),(1010.4777747886734,176.00000000095474,1042.2354286469242),(1007.4807621135344,176.00000000095474,1035.),(1002.7132034355977,176.00000000095474,1028.7867965644034),(996.50000000000125,176.00000000095474,1024.0192378864667),(989.26457135307692,176.00000000095474,1021.022225211328),(981.50000000000125,176.00000000095474,1020.0000000000001),(973.7354286469257,176.00000000095474,1021.0222252113281),(966.50000000000136,176.00000000095474,1024.019237886467),(960.28679656440477,176.00000000095474,1028.7867965644036),(955.5192378864682,176.00000000095474,1035.0000000000002),(952.52222521132933,176.00000000095474,1042.2354286469247),(951.50000000000136,170.00000000095474,1050.0000000000002),(952.52222521132933,170.00000000095474,1042.2354286469247),(955.5192378864682,170.00000000095474,1035.0000000000002),(960.28679656440477,170.00000000095474,1028.7867965644036),(966.50000000000136,170.00000000095474,1024.019237886467),(973.7354286469257,170.00000000095474,1021.0222252113281),(981.50000000000125,170.00000000095474,1020.0000000000001),(989.26457135307692,170.00000000095474,1021.022225211328),(996.50000000000125,170.00000000095474,1024.0192378864667),(1002.7132034355977,170.00000000095474,1028.7867965644034),(1007.4807621135344,170.00000000095474,1035.),(1010.4777747886734,170.00000000095474,1042.2354286469242),(1011.5000000000014,170.00000000095474,1050.),(1010.4777747886734,170.00000000095474,1057.7645713530758),(1007.4807621135345,170.00000000095474,1065.),(1002.7132034355977,170.00000000095474,1071.2132034355966),(996.50000000000136,170.00000000095474,1075.9807621135333),(989.26457135307703,170.00000000095474,1078.9777747886721),(981.50000000000148,170.00000000095474,1080.),(973.73542864692581,170.00000000095474,1078.9777747886721),(966.50000000000148,170.00000000095474,1075.9807621135333),(960.28679656440499,170.00000000095474,1071.2132034355966),(955.51923788646832,170.00000000095474,1065.0000000000002),(952.52222521132933,170.00000000095474,1057.7645713530758)));
#1275=IFCPOLYGONALFACESET(#1274,.T.,(#1248,#1249,#1250,#1251,#1252,#1253,#1254,#1255,#1256,#1257,#1258,#1259,#1260,#1261,#1262,#1263,#1264,#1265,#1266,#1267,#1268,#1269,#1270,#1271,#1272,#1273),$);
#1276=IFCINDEXEDCOLOURMAP(#1275,1.,#1247,(1,1,1,1,1,1,1,1,1,1,1,1,1,1,1,1,1,1,1,1,1,1,1,1,1,1));
#1277=IFCSTYLEDITEM(#1275,(#951),$);
#1278=IFCCOLOURRGBLIST(((0.,0.,0.)));
#1279=IFCINDEXEDPOLYGONALFACE((3,4,5,6,1,2));
#1280=IFCINDEXEDPOLYGONALFACEWITHVOIDS((101,95,102,87,116,110,115,107,119,109,113,106,114,108,120,105,117,111,118,91,100,94,99,90,103,93,98,89,97,92,104,88),((121,122,123,124,125,126)));
#1281=IFCINDEXEDPOLYGONALFACE((33,24,38,8,36,22,27,9,29,21,35,10,30,23,37,11,55,46,60,12,58,44,49,13,51,43,57,14,52,45,59,7));
#1282=IFCINDEXEDPOLYGONALFACE((16,8,38));
#1283=IFCINDEXEDPOLYGONALFACE((30,10,19,23));
#1284=IFCINDEXEDPOLYGONALFACE((24,32,34));
#1285=IFCINDEXEDPOLYGONALFACE((25,10,35,21));
#1286=IFCINDEXEDPOLYGONALFACE((37,31,73,20));
#1287=IFCINDEXEDPOLYGONALFACE((28,27,17));
#1288=IFCINDEXEDPOLYGONALFACE((18,29,28));
#1289=IFCINDEXEDPOLYGONALFACE((28,29,9));
#1290=IFCINDEXEDPOLYGONALFACE((8,16,26));
#1291=IFCINDEXEDPOLYGONALFACE((18,21,29));
#1292=IFCINDEXEDPOLYGONALFACE((27,22,17));
#1293=IFCINDEXEDPOLYGONALFACE((15,33,7));
#1294=IFCINDEXEDPOLYGONALFACE((26,22,36,8));
#1295=IFCINDEXEDPOLYGONALFACE((15,32,33));
#1296=IFCINDEXEDPOLYGONALFACE((25,19,10));
#1297=IFCINDEXEDPOLYGONALFACE((21,18,25));
#1298=IFCINDEXEDPOLYGONALFACE((37,20,11));
#1299=IFCINDEXEDPOLYGONALFACE((27,28,9));
#1300=IFCINDEXEDPOLYGONALFACE((23,19,67,31));
#1301=IFCINDEXEDPOLYGONALFACE((24,33,32));
#1302=IFCINDEXEDPOLYGONALFACE((16,38,34));
#1303=IFCINDEXEDPOLYGONALFACE((38,24,34));
#1304=IFCINDEXEDPOLYGONALFACE((22,26,17));
#1305=IFCINDEXEDPOLYGONALFACE((37,23,31));
#1306=IFCINDEXEDPOLYGONALFACE((39,12,60));
#1307=IFCINDEXEDPOLYGONALFACE((52,14,42,45));
#1308=IFCINDEXEDPOLYGONALFACE((46,54,56));
#1309=IFCINDEXEDPOLYGONALFACE((47,14,57,43));
#1310=IFCINDEXEDPOLYGONALFACE((59,53,85,15));
#1311=IFCINDEXEDPOLYGONALFACE((50,49,40));
#1312=IFCINDEXEDPOLYGONALFACE((41,51,50));
#1313=IFCINDEXEDPOLYGONALFACE((50,51,13));
#1314=IFCINDEXEDPOLYGONALFACE((12,39,48));
#1315=IFCINDEXEDPOLYGONALFACE((41,43,51));
#1316=IFCINDEXEDPOLYGONALFACE((49,44,40));
#1317=IFCINDEXEDPOLYGONALFACE((20,55,11));
#1318=IFCINDEXEDPOLYGONALFACE((48,44,58,12));
#1319=IFCINDEXEDPOLYGONALFACE((20,54,55));
#1320=IFCINDEXEDPOLYGONALFACE((47,42,14));
#1321=IFCINDEXEDPOLYGONALFACE((43,41,47));
#1322=IFCINDEXEDPOLYGONALFACE((59,15,7));
#1323=IFCINDEXEDPOLYGONALFACE((49,50,13));
#1324=IFCINDEXEDPOLYGONALFACE((45,42,79,53));
#1325=IFCINDEXEDPOLYGONALFACE((46,55,54));
#1326=IFCINDEXEDPOLYGONALFACE((39,60,56));
#1327=IFCINDEXEDPOLYGONALFACE((60,46,56));
#1328=IFCINDEXEDPOLYGONALFACE((44,48,40));
#1329=IFCINDEXEDPOLYGONALFACE((59,45,53));
#1330=IFCINDEXEDPOLYGONALFACE((19,65,68,66,20,73,31,67));
#1331=IFCINDEXEDPOLYGONALFACE((18,64,69,65,19,25));
#1332=IFCINDEXEDPOLYGONALFACE((74,96,71,62,16,34,32,15,61));
#1333=IFCINDEXEDPOLYGONALFACE((70,64,18,28,17,63));
#1334=IFCINDEXEDPOLYGONALFACE((123,122,3,2));
#1335=IFCINDEXEDPOLYGONALFACE((16,62,72,63,17,26));
#1336=IFCINDEXEDPOLYGONALFACE((42,78,80,61,15,85,53,79));
#1337=IFCINDEXEDPOLYGONALFACE((41,77,81,78,42,47));
#1338=IFCINDEXEDPOLYGONALFACE((86,112,84,75,39,56,54,20,66));
#1339=IFCINDEXEDPOLYGONALFACE((82,77,41,50,40,76));
#1340=IFCINDEXEDPOLYGONALFACE((126,125,6,5));
#1341=IFCINDEXEDPOLYGONALFACE((39,75,83,76,40,48));
#1342=IFCINDEXEDPOLYGONALFACE((99,94,65,90));
#1343=IFCINDEXEDPOLYGONALFACE((90,65,69));
#1344=IFCINDEXEDPOLYGONALFACE((65,94,68));
#1345=IFCINDEXEDPOLYGONALFACE((72,88,104,92));
#1346=IFCINDEXEDPOLYGONALFACE((69,93,103,90));
#1347=IFCINDEXEDPOLYGONALFACE((62,95,101,88));
#1348=IFCINDEXEDPOLYGONALFACE((100,91,66));
#1349=IFCINDEXEDPOLYGONALFACE((98,70,89));
#1350=IFCINDEXEDPOLYGONALFACE((102,61,87));
#1351=IFCINDEXEDPOLYGONALFACE((93,69,64));
#1352=IFCINDEXEDPOLYGONALFACE((89,70,97));
#1353=IFCINDEXEDPOLYGONALFACE((102,96,74,61));
#1354=IFCINDEXEDPOLYGONALFACE((100,66,68));
#1355=IFCINDEXEDPOLYGONALFACE((70,98,64));
#1356=IFCINDEXEDPOLYGONALFACE((70,63,97));
#1357=IFCINDEXEDPOLYGONALFACE((72,62,88));
#1358=IFCINDEXEDPOLYGONALFACE((63,92,97));
#1359=IFCINDEXEDPOLYGONALFACE((92,63,72));
#1360=IFCINDEXEDPOLYGONALFACE((98,93,64));
#1361=IFCINDEXEDPOLYGONALFACE((68,94,100));
#1362=IFCINDEXEDPOLYGONALFACE((95,62,71,96));
#1363=IFCINDEXEDPOLYGONALFACE((102,95,96));
#1364=IFCINDEXEDPOLYGONALFACE((115,110,78,107));
#1365=IFCINDEXEDPOLYGONALFACE((107,78,81));
#1366=IFCINDEXEDPOLYGONALFACE((78,110,80));
#1367=IFCINDEXEDPOLYGONALFACE((83,105,120,108));
#1368=IFCINDEXEDPOLYGONALFACE((81,109,119,107));
#1369=IFCINDEXEDPOLYGONALFACE((75,111,117,105));
#1370=IFCINDEXEDPOLYGONALFACE((118,66,91));
#1371=IFCINDEXEDPOLYGONALFACE((76,108,114));
#1372=IFCINDEXEDPOLYGONALFACE((76,114,82));
#1373=IFCINDEXEDPOLYGONALFACE((82,113,77));
#1374=IFCINDEXEDPOLYGONALFACE((116,87,61));
#1375=IFCINDEXEDPOLYGONALFACE((109,81,77));
#1376=IFCINDEXEDPOLYGONALFACE((82,114,106));
#1377=IFCINDEXEDPOLYGONALFACE((118,112,86,66));
#1378=IFCINDEXEDPOLYGONALFACE((116,61,80));
#1379=IFCINDEXEDPOLYGONALFACE((83,75,105));
#1380=IFCINDEXEDPOLYGONALFACE((113,82,106));
#1381=IFCINDEXEDPOLYGONALFACE((113,109,77));
#1382=IFCINDEXEDPOLYGONALFACE((108,76,83));
#1383=IFCINDEXEDPOLYGONALFACE((80,110,116));
#1384=IFCINDEXEDPOLYGONALFACE((111,75,84,112));
#1385=IFCINDEXEDPOLYGONALFACE((118,111,112));
#1386=IFCINDEXEDPOLYGONALFACE((124,123,2,1));
#1387=IFCINDEXEDPOLYGONALFACE((122,121,4,3));
#1388=IFCINDEXEDPOLYGONALFACE((121,126,5,4));
#1389=IFCINDEXEDPOLYGONALFACE((125,124,1,6));
#1390=IFCCARTESIANPOINTLIST3D(((971.50000000000546,226.00000000095469,1050.0000000000027),(976.50000000000512,226.00000000095469,1041.3397459621588),(986.50000000000466,226.00000000095469,1041.3397459621588),(991.50000000000443,226.00000000095469,1050.0000000000027),(986.50000000000477,226.00000000095469,1058.6602540378467),(976.50000000000523,226.00000000095469,1058.6602540378467),(1001.9758675823601,275.00000000095457,1050.0000000000027),(995.97862481816594,275.00000000095457,1035.5213751818414),(981.50000000000477,275.00000000095457,1029.5241324176477),(967.02137518184384,275.00000000095457,1035.5213751818417),(961.02413241764987,275.00000000095457,1050.0000000000027),(967.02137518184395,275.00000000095457,1064.478624818164),(981.50000000000512,275.00000000095457,1070.4758675823578),(995.97862481816617,275.00000000095457,1064.4786248181638),(1006.500000000001,273.17213185507666,1050.0000000000027),(1001.7254248593754,273.17213185507666,1035.3053686926933),(989.22542485937731,273.17213185507666,1026.2235870926277),(973.77457514063235,273.17213185507666,1026.2235870926279),(961.27457514063451,273.17213185507666,1035.3053686926933),(956.50000000000898,273.17213185507666,1050.000000000003),(974.26068759092436,275.00000000095457,1032.5227537997448),(988.73931240908553,275.00000000095457,1032.5227537997446),(964.02275379974685,275.00000000095457,1042.7606875909223),(998.97724620026304,275.00000000095457,1042.7606875909221),(967.52457514063349,273.17213185507666,1030.7644778926606),(995.47542485937629,273.17213185507666,1030.7644778926604),(985.11965620454521,275.00000000095457,1031.023443108696),(981.50000000000477,273.17213185507666,1026.2235870926279),(977.88034379546457,275.00000000095457,1031.023443108696),(965.52206449079529,275.00000000095457,1039.1410313863821),(958.88728757032175,273.17213185507666,1042.6526843463482),(1004.1127124296881,273.17213185507666,1042.652684346348),(1000.4765568913116,275.00000000095457,1046.3803437954623),(1002.9190686445318,273.17213185507666,1038.9790265195204),(970.64103138638404,275.00000000095457,1034.0220644907934),(992.35896861362573,275.00000000095457,1034.0220644907931),(962.5234431086983,275.00000000095457,1046.3803437954625),(997.47793550921449,275.00000000095457,1039.1410313863819),(961.27457514063462,273.17213185507666,1064.6946313073124),(973.77457514063269,273.17213185507666,1073.7764129073778),(989.22542485937754,273.17213185507666,1073.7764129073778),(1001.7254248593755,273.17213185507666,1064.6946313073122),(988.73931240908564,275.00000000095457,1067.4772462002607),(974.26068759092459,275.00000000095457,1067.4772462002611),(998.97724620026315,275.00000000095457,1057.2393124090831),(964.02275379974685,275.00000000095457,1057.2393124090834),(995.47542485937652,273.17213185507666,1069.2355221073449),(967.5245751406336,273.17213185507666,1069.2355221073451),(977.88034379546491,275.00000000095457,1068.9765568913094),(981.50000000000523,273.17213185507666,1073.7764129073778),(985.11965620454544,275.00000000095457,1068.9765568913092),(997.4779355092146,275.00000000095457,1060.8589686136236),(1004.1127124296883,273.17213185507666,1057.3473156536572),(958.88728757032175,273.17213185507666,1057.3473156536579),(962.5234431086983,275.00000000095457,1053.6196562045432),(960.08093135547824,273.17213185507666,1061.0209734804851),(992.35896861362596,275.00000000095463,1065.9779355092123),(970.64103138638438,275.00000000095457,1065.9779355092123),(1000.4765568913116,275.00000000095457,1053.6196562045429),(965.5220644907954,275.00000000095457,1060.8589686136236),(1006.500000000001,269.70845373631931,1050.0000000000027),(1001.7254248593754,269.70845373631931,1035.3053686926933),(989.22542485937731,269.70845373631931,1026.2235870926277),(973.77457514063235,269.70845373631931,1026.2235870926279),(961.27457514063451,269.70845373631931,1035.3053686926933),(956.50000000000898,269.70845373631931,1050.000000000003),(959.81667076966892,273.17213185507666,1039.7923369739901),(958.88728757032175,269.70845373631931,1042.6526843463482),(967.52457514063349,269.70845373631931,1030.7644778926606),(981.50000000000477,269.70845373631931,1026.2235870926279),(1003.1833291321841,269.70845373631931,1039.792336671894),(995.47542485937629,269.70845373631931,1030.7644778926604),(958.15833538483889,273.17213185507666,1044.8961684869964),(1004.8416645660925,269.70845373631931,1044.8961683359482),(961.27457514063462,269.70845373631931,1064.6946313073124),(973.77457514063269,269.70845373631931,1073.7764129073778),(989.22542485937754,269.70845373631931,1073.7764129073778),(1001.7254248593755,269.70845373631931,1064.6946313073122),(1003.1833292919222,273.17213185507666,1060.2076628364885),(1004.1127124296883,269.70845373631931,1057.3473156536572),(995.47542485937652,269.70845373631931,1069.2355221073449),(981.50000000000523,269.70845373631931,1073.7764129073778),(967.5245751406336,269.70845373631931,1069.2355221073451),(959.8166707124725,269.70845373631931,1060.2076628499833),(1004.8416646459615,273.17213185507666,1055.1038314182456),(958.15833535624074,269.70845373631931,1055.1038314249934),(1000.1362360325193,245.00000000095466,1050.0000000000027),(994.6778088743888,245.00000000095466,1036.8221911256187),(981.50000000000477,245.00000000095466,1031.3637639674885),(968.32219112562098,245.00000000095466,1036.8221911256189),(962.86376396749063,245.00000000095466,1050.0000000000027),(988.0889044371969,245.00000000095466,1034.0929775465536),(974.91109556281287,245.00000000095466,1034.0929775465538),(965.59297754655574,245.00000000095466,1043.4110955628109),(997.40702245345415,245.00000000095466,1043.4110955628107),(1004.1127124296881,269.70845373631931,1042.652684346348),(984.7944522186009,245.00000000095466,1032.7283707570209),(978.20554778140888,245.00000000095466,1032.7283707570209),(966.9575843360883,245.00000000095466,1040.1166433442149),(964.22837075702319,245.00000000095466,1046.7055477814067),(996.04241566392136,245.00000000095466,1040.1166433442147),(998.77162924298671,245.00000000095466,1046.7055477814067),(971.61664334421687,245.00000000095466,1035.4575843360863),(991.3833566557928,245.00000000095466,1035.4575843360863),(968.32219112562109,245.00000000095466,1063.1778088743868),(981.50000000000512,245.00000000095466,1068.6362360325172),(994.67780887438892,245.00000000095466,1063.1778088743865),(974.9110955628131,245.00000000095466,1065.9070224534519),(988.08890443719702,245.00000000095466,1065.9070224534519),(997.40702245345415,245.00000000095466,1056.5889044371947),(965.59297754655586,245.00000000095466,1056.5889044371947),(958.88728757032175,269.70845373631931,1057.3473156536579),(984.79445221860101,245.00000000095466,1067.2716292429843),(978.20554778140911,245.00000000095466,1067.2716292429845),(996.04241566392159,245.00000000095466,1059.8833566557907),(998.77162924298671,245.00000000095466,1053.2944522185985),(966.95758433608853,245.00000000095466,1059.8833566557907),(964.2283707570233,245.00000000095466,1053.294452218599),(991.38335665579302,245.00000000095466,1064.5424156639192),(971.61664334421721,245.00000000095466,1064.5424156639194),(991.50000000000443,245.00000000095469,1050.0000000000027),(986.50000000000466,245.00000000095469,1041.3397459621588),(976.50000000000512,245.00000000095469,1041.3397459621588),(971.50000000000546,245.00000000095469,1050.0000000000027),(976.50000000000523,245.00000000095469,1058.6602540378467),(986.50000000000477,245.00000000095469,1058.6602540378467)));
#1391=IFCPOLYGONALFACESET(#1390,.T.,(#1279,#1280,#1281,#1282,#1283,#1284,#1285,#1286,#1287,#1288,#1289,#1290,#1291,#1292,#1293,#1294,#1295,#1296,#1297,#1298,#1299,#1300,#1301,#1302,#1303,#1304,#1305,#1306,#1307,#1308,#1309,#1310,#1311,#1312,#1313,#1314,#1315,#1316,#1317,#1318,#1319,#1320,#1321,#1322,#1323,#1324,#1325,#1326,#1327,#1328,#1329,#1330,#1331,#1332,#1333,#1334,#1335,#1336,#1337,#1338,#1339,#1340,#1341,#1342,#1343,#1344,#1345,#1346,#1347,#1348,#1349,#1350,#1351,#1352,#1353,#1354,#1355,#1356,#1357,#1358,#1359,#1360,#1361,#1362,#1363,#1364,#1365,#1366,#1367,#1368,#1369,#1370,#1371,#1372,#1373,#1374,#1375,#1376,#1377,#1378,#1379,#1380,#1381,#1382,#1383,#1384,#1385,#1386,#1387,#1388,#1389),$);
#1392=IFCINDEXEDCOLOURMAP(#1391,1.,#1278,(1,1,1,1,1,1,1,1,1,1,1,1,1,1,1,1,1,1,1,1,1,1,1,1,1,1,1,1,1,1,1,1,1,1,1,1,1,1,1,1,1,1,1,1,1,1,1,1,1,1,1,1,1,1,1,1,1,1,1,1,1,1,1,1,1,1,1,1,1,1,1,1,1,1,1,1,1,1,1,1,1,1,1,1,1,1,1,1,1,1,1,1,1,1,1,1,1,1,1,1,1,1,1,1,1,1,1,1,1,1,1));
#1393=IFCSTYLEDITEM(#1391,(#951),$);
#1394=IFCCOLOURRGBLIST(((0.,0.,0.)));
#1395=IFCINDEXEDPOLYGONALFACE((9,10,11,12,13,14,15,16,17,18,19,20,21,22,23,24,1,2,3,4,5,6,7,8));
#1396=IFCINDEXEDPOLYGONALFACE((31,32,33,34,35,36,37,38,39,40,41,42,43,44,45,46,47,48,25,26,27,28,29,30));
#1397=IFCINDEXEDPOLYGONALFACE((48,2,1,25));
#1398=IFCINDEXEDPOLYGONALFACE((47,3,2,48));
#1399=IFCINDEXEDPOLYGONALFACE((5,4,46,45));
#1400=IFCINDEXEDPOLYGONALFACE((47,46,4,3));
#1401=IFCINDEXEDPOLYGONALFACE((6,5,45,44));
#1402=IFCINDEXEDPOLYGONALFACE((7,6,44,43));
#1403=IFCINDEXEDPOLYGONALFACE((42,8,7,43));
#1404=IFCINDEXEDPOLYGONALFACE((41,9,8,42));
#1405=IFCINDEXEDPOLYGONALFACE((11,10,40,39));
#1406=IFCINDEXEDPOLYGONALFACE((41,40,10,9));
#1407=IFCINDEXEDPOLYGONALFACE((12,11,39,38));
#1408=IFCINDEXEDPOLYGONALFACE((13,12,38,37));
#1409=IFCINDEXEDPOLYGONALFACE((36,14,13,37));
#1410=IFCINDEXEDPOLYGONALFACE((35,15,14,36));
#1411=IFCINDEXEDPOLYGONALFACE((17,16,34,33));
#1412=IFCINDEXEDPOLYGONALFACE((35,34,16,15));
#1413=IFCINDEXEDPOLYGONALFACE((18,17,33,32));
#1414=IFCINDEXEDPOLYGONALFACE((19,18,32,31));
#1415=IFCINDEXEDPOLYGONALFACE((30,20,19,31));
#1416=IFCINDEXEDPOLYGONALFACE((29,21,20,30));
#1417=IFCINDEXEDPOLYGONALFACE((23,22,28,27));
#1418=IFCINDEXEDPOLYGONALFACE((29,28,22,21));
#1419=IFCINDEXEDPOLYGONALFACE((24,23,27,26));
#1420=IFCINDEXEDPOLYGONALFACE((1,24,26,25));
#1421=IFCCARTESIANPOINTLIST3D(((951.50000000000284,220.00000000095469,1050.0000000000032),(952.52222521133081,220.00000000095469,1042.2354286469276),(955.51923788646968,220.00000000095469,1035.0000000000032),(960.28679656440647,220.00000000095469,1028.7867965644068),(966.50000000000284,220.00000000095469,1024.0192378864699),(973.73542864692718,220.00000000095469,1021.022225211331),(981.50000000000273,220.00000000095469,1020.0000000000031),(989.2645713530784,220.00000000095469,1021.0222252113309),(996.50000000000273,220.00000000095469,1024.0192378864697),(1002.7132034355991,220.00000000095469,1028.7867965644064),(1007.4807621135359,220.00000000095469,1035.000000000003),(1010.4777747886749,220.00000000095469,1042.2354286469274),(1011.5000000000028,220.00000000095469,1050.000000000003),(1010.4777747886749,220.00000000095469,1057.7645713530787),(1007.4807621135361,220.00000000095469,1065.000000000003),(1002.7132034355992,220.00000000095469,1071.2132034355996),(996.50000000000284,220.00000000095469,1075.9807621135362),(989.26457135307851,220.00000000095469,1078.9777747886751),(981.50000000000296,220.00000000095469,1080.000000000003),(973.73542864692729,220.00000000095469,1078.9777747886751),(966.50000000000296,220.00000000095469,1075.9807621135362),(960.28679656440647,220.00000000095469,1071.2132034355996),(955.5192378864698,220.00000000095469,1065.0000000000032),(952.52222521133081,220.00000000095469,1057.7645713530787),(951.50000000000284,226.00000000095469,1050.0000000000032),(952.52222521133081,226.00000000095469,1057.7645713530787),(955.5192378864698,226.00000000095469,1065.0000000000032),(960.28679656440647,226.00000000095469,1071.2132034355996),(966.50000000000296,226.00000000095469,1075.9807621135362),(973.73542864692729,226.00000000095469,1078.9777747886751),(981.50000000000296,226.00000000095469,1080.000000000003),(989.26457135307851,226.00000000095469,1078.9777747886751),(996.50000000000284,226.00000000095469,1075.9807621135362),(1002.7132034355992,226.00000000095469,1071.2132034355996),(1007.4807621135361,226.00000000095469,1065.000000000003),(1010.4777747886749,226.00000000095469,1057.7645713530787),(1011.5000000000028,226.00000000095469,1050.000000000003),(1010.4777747886749,226.00000000095469,1042.2354286469274),(1007.4807621135359,226.00000000095469,1035.000000000003),(1002.7132034355991,226.00000000095469,1028.7867965644064),(996.50000000000273,226.00000000095469,1024.0192378864697),(989.2645713530784,226.00000000095469,1021.0222252113309),(981.50000000000273,226.00000000095469,1020.0000000000031),(973.73542864692718,226.00000000095469,1021.022225211331),(966.50000000000284,226.00000000095469,1024.0192378864699),(960.28679656440647,226.00000000095469,1028.7867965644068),(955.51923788646968,226.00000000095469,1035.0000000000032),(952.52222521133081,226.00000000095469,1042.2354286469276)));
#1422=IFCPOLYGONALFACESET(#1421,.T.,(#1395,#1396,#1397,#1398,#1399,#1400,#1401,#1402,#1403,#1404,#1405,#1406,#1407,#1408,#1409,#1410,#1411,#1412,#1413,#1414,#1415,#1416,#1417,#1418,#1419,#1420),$);
#1423=IFCINDEXEDCOLOURMAP(#1422,1.,#1394,(1,1,1,1,1,1,1,1,1,1,1,1,1,1,1,1,1,1,1,1,1,1,1,1,1,1));
#1424=IFCSTYLEDITEM(#1422,(#951),$);
#1425=IFCCOLOURRGBLIST(((0.83137254901960789,0.70196078431372544,0.44313725490196076)));
#1426=IFCINDEXEDPOLYGONALFACE((1,2,3,4,5,6));
#1427=IFCINDEXEDPOLYGONALFACE((2,1,7,8,9,10,11,12));
#1428=IFCINDEXEDPOLYGONALFACE((3,2,12,13));
#1429=IFCINDEXEDPOLYGONALFACE((4,3,13,14,15,16,17,18));
#1430=IFCINDEXEDPOLYGONALFACE((5,4,18,19));
#1431=IFCINDEXEDPOLYGONALFACE((6,5,19,20,21,22,23,24));
#1432=IFCINDEXEDPOLYGONALFACE((1,6,24,7));
#1433=IFCINDEXEDPOLYGONALFACE((13,12,11,14));
#1434=IFCINDEXEDPOLYGONALFACE((19,18,17,20));
#1435=IFCINDEXEDPOLYGONALFACE((7,24,23,8));
#1436=IFCINDEXEDPOLYGONALFACE((9,22,21,16,15,10));
#1437=IFCINDEXEDPOLYGONALFACE((14,11,10,15));
#1438=IFCINDEXEDPOLYGONALFACE((20,17,16,21));
#1439=IFCINDEXEDPOLYGONALFACE((8,23,22,9));
#1440=IFCCARTESIANPOINTLIST3D(((1739.4999999999977,265.0000000009523,54.500000000000966),(1809.999999999998,265.00000000095201,54.500000000000966),(1809.9999999999973,176.00000000095199,54.500000000000966),(1761.4999999999975,176.00000000095213,54.500000000000966),(1761.4999999999975,223.00000000095238,54.500000000000966),(1739.4999999999977,223.00000000095244,54.500000000000966),(1739.4999999999977,265.00000000095224,2039.4999999999977),(70.500000000001293,265.00000000095781,2039.4999999999977),(70.500000000001435,265.0000000009577,54.500000000000874),(1.6243006939475892E-012,265.00000000095793,54.500000000000874),(1.6243006939475892E-012,265.00000000095793,2109.9999999999977),(1809.9999999999973,265.00000000095201,2109.9999999999977),(1809.9999999999973,176.00000000095199,2109.9999999999977),(1.2182255204606919E-012,176.00000000095784,2109.9999999999977),(1.2182255204606919E-012,176.00000000095784,54.500000000000874),(48.500000000001428,176.00000000095767,54.500000000000874),(48.500000000001428,176.00000000095767,2061.4999999999977),(1761.499999999997,176.00000000095213,2061.4999999999977),(1761.4999999999975,223.00000000095238,2061.4999999999977),(48.500000000001428,223.00000000095861,2061.4999999999977),(48.500000000001428,223.00000000095827,54.500000000000874),(70.500000000001435,223.00000000095787,54.500000000000874),(70.500000000001293,223.00000000095787,2039.4999999999977),(1739.4999999999977,223.00000000095241,2039.499999999998)));
#1441=IFCPOLYGONALFACESET(#1440,.T.,(#1426,#1427,#1428,#1429,#1430,#1431,#1432,#1433,#1434,#1435,#1436,#1437,#1438,#1439),$);
#1442=IFCINDEXEDCOLOURMAP(#1441,1.,#1425,(1,1,1,1,1,1,1,1,1,1,1,1,1,1));
#1443=IFCCOLOURRGB($,0.83137254901960789,0.70196078431372544,0.44313725490196076);
#1444=IFCSURFACESTYLERENDERING(#1443,0.,$,$,$,$,IFCNORMALISEDRATIOMEASURE(0.5),IFCSPECULAREXPONENT(128.),.NOTDEFINED.);
#1445=IFCSURFACESTYLE('Door - Frame/Mullion',.BOTH.,(#1444));
#1446=IFCSTYLEDITEM(#1441,(#1445),$);
#1447=IFCCOLOURRGBLIST(((0.83137254901960789,0.70196078431372544,0.44313725490196076)));
#1448=IFCINDEXEDPOLYGONALFACE((1,2,3,4));
#1449=IFCINDEXEDPOLYGONALFACE((5,6,7,8));
#1450=IFCINDEXEDPOLYGONALFACE((6,1,4,9,10,11,12,7));
#1451=IFCINDEXEDPOLYGONALFACE((2,1,6,5));
#1452=IFCINDEXEDPOLYGONALFACE((2,5,8,13,14,15,16,3));
#1453=IFCINDEXEDPOLYGONALFACE((14,17,18,15));
#1454=IFCINDEXEDPOLYGONALFACE((17,11,10,18));
#1455=IFCINDEXEDPOLYGONALFACE((13,12,11,17,14));
#1456=IFCINDEXEDPOLYGONALFACE((12,13,8,7));
#1457=IFCINDEXEDPOLYGONALFACE((9,16,15,18,10));
#1458=IFCINDEXEDPOLYGONALFACE((16,9,4,3));
#1459=IFCCARTESIANPOINTLIST3D(((1834.9999999999975,320.00000000096287,0.),(1834.9999999999975,320.00000000096287,38.594722141495318),(1834.9999999999975,289.99999999997209,47.270328246419638),(1834.9999999999975,289.99999999997209,0.),(-24.999999999999865,320.00000000096281,38.594722141495318),(-24.999999999999865,320.00000000096281,0.),(-24.999999999999865,289.99999999997817,0.),(-24.999999999999865,289.99999999997817,47.270328246417847),(1809.9999999999973,289.99999999997209,0.),(1809.9999999999973,176.00000000095636,0.),(-1.3535839116229909E-013,176.00000000095631,0.),(-1.3535839116229909E-013,289.99999999997817,0.),(-1.3535839116229909E-013,289.99999999997817,47.270328246417847),(0.,265.00000000095503,54.500000000000192),(1809.9999999999973,265.00000000095514,54.500000000000171),(1809.9999999999973,289.99999999997209,47.270328246419638),(0.,176.00000000095631,54.500000000000171),(1809.9999999999973,176.00000000095636,54.500000000000171)));
#1460=IFCPOLYGONALFACESET(#1459,.T.,(#1448,#1449,#1450,#1451,#1452,#1453,#1454,#1455,#1456,#1457,#1458),$);
#1461=IFCINDEXEDCOLOURMAP(#1460,1.,#1447,(1,1,1,1,1,1,1,1,1,1,1));
#1462=IFCSTYLEDITEM(#1460,(#1445),$);
#1463=IFCCOLOURRGBLIST(((0.82352941176470584,0.62352941176470589,0.37254901960784315)));
#1464=IFCINDEXEDPOLYGONALFACE((1,2,3,4));
#1465=IFCINDEXEDPOLYGONALFACE((5,6,7,8));
#1466=IFCINDEXEDPOLYGONALFACE((2,1,5,8));
#1467=IFCINDEXEDPOLYGONALFACE((3,2,8,7));
#1468=IFCINDEXEDPOLYGONALFACE((4,3,7,6));
#1469=IFCINDEXEDPOLYGONALFACE((1,4,6,5));
#1470=IFCCARTESIANPOINTLIST3D(((1758.4999999999977,176.00000000095213,58.500000000001343),(1758.4999999999977,176.00000000095213,2058.4999999999977),(906.49999999999875,176.00000000095491,2058.4999999999977),(906.49999999999875,176.00000000095491,58.500000000001322),(1758.4999999999977,220.00000000095207,58.500000000001343),(906.49999999999886,220.00000000095486,58.500000000001322),(906.49999999999886,220.00000000095486,2058.4999999999977),(1758.4999999999977,220.00000000095207,2058.4999999999977)));
#1471=IFCPOLYGONALFACESET(#1470,.T.,(#1464,#1465,#1466,#1467,#1468,#1469),$);
#1472=IFCINDEXEDCOLOURMAP(#1471,1.,#1463,(1,1,1,1,1,1));
#1473=IFCCOLOURRGB($,0.82352941176470584,0.62352941176470589,0.37254901960784315);
#1474=IFCSURFACESTYLERENDERING(#1473,0.,$,$,$,$,IFCNORMALISEDRATIOMEASURE(0.5),IFCSPECULAREXPONENT(128.),.NOTDEFINED.);
#1475=IFCSURFACESTYLE('Door - Panel',.BOTH.,(#1474));
#1476=IFCSTYLEDITEM(#1471,(#1475),$);
#1477=IFCCOLOURRGBLIST(((0.82352941176470584,0.62352941176470589,0.37254901960784315)));
#1478=IFCINDEXEDPOLYGONALFACE((1,2,3,4));
#1479=IFCINDEXEDPOLYGONALFACE((5,1,4,6));
#1480=IFCINDEXEDPOLYGONALFACE((7,5,6,8));
#1481=IFCINDEXEDPOLYGONALFACE((2,7,8,3));
#1482=IFCINDEXEDPOLYGONALFACE((3,8,6,4));
#1483=IFCINDEXEDPOLYGONALFACE((2,1,5,7));
#1484=IFCCARTESIANPOINTLIST3D(((903.49999999999841,176.00000000095491,58.500000000000782),(51.500000000002366,176.00000000095764,58.500000000000711),(51.500000000002508,220.00000000095758,58.500000000000711),(903.49999999999864,220.00000000095486,58.500000000000782),(903.49999999999841,176.00000000095491,2058.4999999999977),(903.49999999999864,220.00000000095486,2058.4999999999977),(51.500000000002366,176.00000000095764,2058.4999999999977),(51.500000000002508,220.00000000095758,2058.4999999999977)));
#1485=IFCPOLYGONALFACESET(#1484,.T.,(#1478,#1479,#1480,#1481,#1482,#1483),$);
#1486=IFCINDEXEDCOLOURMAP(#1485,1.,#1477,(1,1,1,1,1,1));
#1487=IFCSTYLEDITEM(#1485,(#1475),$);
#1488=IFCSHAPEREPRESENTATION(#26,'Body','Tessellation',(#947,#981,#1097,#1128,#1244,#1275,#1391,#1422,#1441,#1460,#1471,#1485));
#1489=IFCAXIS2PLACEMENT3D(#3,$,$);
#1490=IFCREPRESENTATIONMAP(#1489,#1488);
#1491=IFCDOORLININGPROPERTIES('1$O13Gb95Bae30SuPfvUhs',#18,'Doors_ExtDbl_Flush:1810x2110mm:315162',$,$,$,$,$,$,$,$,$,$,$,$,$,$);
#1492=IFCDOORPANELPROPERTIES('1$O13Gb95Bae30SuLfvUhs',#18,'Doors_ExtDbl_Flush:1810x2110mm:315162:1',$,$,.SWINGING.,$,.NOTDEFINED.,$);
#1493=IFCDOORTYPE('1DlnHQxWmPTyBkI4ll$PzT',#18,'Doors_ExtDbl_Flush:1810x2110mm',$,$,(#1491,#1492),(#1490),'179379',$,.DOOR.,.DOUBLE_DOOR_SINGLE_SWING.,$,$);
#1494=IFCMATERIAL('Door - Handle',$,'Miscellaneous');
#1495=IFCMATERIAL('Door - Frame/Mullion',$,'Wood');
#1496=IFCMATERIAL('Door - Panel',$,'Wood');
#1497=IFCMATERIALCONSTITUENT('Ironmongery',$,#1494,0.0011717097508617334,'Miscellaneous');
#1498=IFCSHAPEREPRESENTATION(#26,'Body','Tessellation',(#947,#981,#1097,#1128,#1244,#1275,#1391,#1422));
#1499=IFCSHAPEASPECT((#1498),'Ironmongery',$,.U.,#1490);
#1500=IFCMATERIALCONSTITUENT('Frame/Mullion',$,#1495,0.18434497253123178,'Wood');
#1501=IFCSHAPEREPRESENTATION(#26,'Body','Tessellation',(#1441));
#1502=IFCSHAPEASPECT((#1501),'Frame/Mullion',$,.U.,#1490);
#1503=IFCMATERIALCONSTITUENT('Threshold',$,#1495,0.18434497253123178,'Wood');
#1504=IFCSHAPEREPRESENTATION(#26,'Body','Tessellation',(#1460));
#1505=IFCSHAPEASPECT((#1504),'Threshold',$,.U.,#1490);
#1506=IFCMATERIALCONSTITUENT('Panel',$,#1496,0.63013834518667466,'Wood');
#1507=IFCSHAPEREPRESENTATION(#26,'Body','Tessellation',(#1471,#1485));
#1508=IFCSHAPEASPECT((#1507),'Panel',$,.U.,#1490);
#1509=IFCMATERIALCONSTITUENTSET($,$,(#1497,#1500,#1503,#1506));
#1510=IFCCARTESIANTRANSFORMATIONOPERATOR3D($,$,#3,1.,$);
#1511=IFCMAPPEDITEM(#1490,#1510);
#1512=IFCSHAPEREPRESENTATION(#26,'Body','MappedRepresentation',(#1511));
#1513=IFCPRODUCTDEFINITIONSHAPE($,$,(#1512));
#1514=IFCCARTESIANPOINT((-8647.5566128537484,-4632.4669551899451,0.));
#1515=IFCAXIS2PLACEMENT3D(#1514,#9,#8);
#1517=IFCDOOR('1$O13Gb95Bae30SuTfvUhs',#18,'Doors_ExtDbl_Flush:1810x2110mm:315162',$,'Doors_ExtDbl_Flush:1810x2110mm',#3404,#1513,'315162',2110.,1809.9999999999973,.DOOR.,$,$);
#1518=IFCMATERIALCONSTITUENT('Door - Handle',$,#1494,0.0014365261187660422,'Miscellaneous');
#1519=IFCMATERIALCONSTITUENT('Door - Frame/Mullion',$,#1495,0.22600850399134945,'Wood');
#1520=IFCMATERIALCONSTITUENT('Door - Panel',$,#1496,0.77255496988988448,'Wood');
#1521=IFCMATERIALCONSTITUENTSET($,$,(#1518,#1519,#1520));
#1522=IFCPROPERTYSINGLEVALUE('Reference',$,IFCIDENTIFIER('1810x2110mm'),$);
#1523=IFCPROPERTYSET('0C_usV$vAjataoJhnjMWV8',#18,'Pset_DoorCommon',$,(#144,#1522));
#1524=IFCPROPERTYSET('1YbRszJb4mFGAGW_erLedd',#18,'Pset_EnvironmentalImpactIndicators',$,(#1522));
#1525=IFCRELDEFINESBYPROPERTIES('1vVxlTKa2WKFnoeii9LbM4',#18,$,$,(#1517),#1523);
#1526=IFCRELDEFINESBYPROPERTIES('2iS_37BzxCvo$SeBBXiXpN',#18,$,$,(#1517),#1524);
#1527=IFCQUANTITYLENGTH('Width','',$,1810.,$);
#1528=IFCQUANTITYLENGTH('Height','',$,2110.,$);
#1529=IFCQUANTITYAREA('Area','',$,3.8190999999999997,$);
#1530=IFCELEMENTQUANTITY('1V4KptOkNP60znXHOJMqzM',#18,'Qto_DoorBaseQuantities',$,$,(#1527,#1528,#1529));
#1531=IFCRELDEFINESBYPROPERTIES('1UNgEuGT$2wRH6amO0owBn',#18,$,$,(#1517),#1530);
#1532=IFCCOLOURRGBLIST(((0.,0.,0.)));
#1533=IFCINDEXEDPOLYGONALFACE((3,4,5,6,1,2));
#1534=IFCINDEXEDPOLYGONALFACEWITHVOIDS((101,95,102,87,116,110,115,107,119,109,113,106,114,108,120,105,117,111,118,91,100,94,99,90,103,93,98,89,97,92,104,88),((121,122,123,124,125,126)));
#1535=IFCINDEXEDPOLYGONALFACE((33,24,38,8,36,22,27,9,29,21,35,10,30,23,37,11,55,46,60,12,58,44,49,13,51,43,57,14,52,45,59,7));
#1536=IFCINDEXEDPOLYGONALFACE((16,8,38));
#1537=IFCINDEXEDPOLYGONALFACE((30,10,19,23));
#1538=IFCINDEXEDPOLYGONALFACE((24,32,34));
#1539=IFCINDEXEDPOLYGONALFACE((25,10,35,21));
#1540=IFCINDEXEDPOLYGONALFACE((37,31,73,20));
#1541=IFCINDEXEDPOLYGONALFACE((28,27,17));
#1542=IFCINDEXEDPOLYGONALFACE((18,29,28));
#1543=IFCINDEXEDPOLYGONALFACE((28,29,9));
#1544=IFCINDEXEDPOLYGONALFACE((8,16,26));
#1545=IFCINDEXEDPOLYGONALFACE((18,21,29));
#1546=IFCINDEXEDPOLYGONALFACE((27,22,17));
#1547=IFCINDEXEDPOLYGONALFACE((15,33,7));
#1548=IFCINDEXEDPOLYGONALFACE((26,22,36,8));
#1549=IFCINDEXEDPOLYGONALFACE((15,32,33));
#1550=IFCINDEXEDPOLYGONALFACE((25,19,10));
#1551=IFCINDEXEDPOLYGONALFACE((21,18,25));
#1552=IFCINDEXEDPOLYGONALFACE((37,20,11));
#1553=IFCINDEXEDPOLYGONALFACE((27,28,9));
#1554=IFCINDEXEDPOLYGONALFACE((23,19,67,31));
#1555=IFCINDEXEDPOLYGONALFACE((24,33,32));
#1556=IFCINDEXEDPOLYGONALFACE((16,38,34));
#1557=IFCINDEXEDPOLYGONALFACE((38,24,34));
#1558=IFCINDEXEDPOLYGONALFACE((22,26,17));
#1559=IFCINDEXEDPOLYGONALFACE((37,23,31));
#1560=IFCINDEXEDPOLYGONALFACE((39,12,60));
#1561=IFCINDEXEDPOLYGONALFACE((52,14,42,45));
#1562=IFCINDEXEDPOLYGONALFACE((46,54,56));
#1563=IFCINDEXEDPOLYGONALFACE((47,14,57,43));
#1564=IFCINDEXEDPOLYGONALFACE((59,53,85,15));
#1565=IFCINDEXEDPOLYGONALFACE((50,49,40));
#1566=IFCINDEXEDPOLYGONALFACE((41,51,50));
#1567=IFCINDEXEDPOLYGONALFACE((50,51,13));
#1568=IFCINDEXEDPOLYGONALFACE((12,39,48));
#1569=IFCINDEXEDPOLYGONALFACE((41,43,51));
#1570=IFCINDEXEDPOLYGONALFACE((49,44,40));
#1571=IFCINDEXEDPOLYGONALFACE((20,55,11));
#1572=IFCINDEXEDPOLYGONALFACE((48,44,58,12));
#1573=IFCINDEXEDPOLYGONALFACE((20,54,55));
#1574=IFCINDEXEDPOLYGONALFACE((47,42,14));
#1575=IFCINDEXEDPOLYGONALFACE((43,41,47));
#1576=IFCINDEXEDPOLYGONALFACE((59,15,7));
#1577=IFCINDEXEDPOLYGONALFACE((49,50,13));
#1578=IFCINDEXEDPOLYGONALFACE((45,42,79,53));
#1579=IFCINDEXEDPOLYGONALFACE((46,55,54));
#1580=IFCINDEXEDPOLYGONALFACE((39,60,56));
#1581=IFCINDEXEDPOLYGONALFACE((60,46,56));
#1582=IFCINDEXEDPOLYGONALFACE((44,48,40));
#1583=IFCINDEXEDPOLYGONALFACE((59,45,53));
#1584=IFCINDEXEDPOLYGONALFACE((19,65,68,66,20,73,31,67));
#1585=IFCINDEXEDPOLYGONALFACE((18,64,69,65,19,25));
#1586=IFCINDEXEDPOLYGONALFACE((74,96,71,62,16,34,32,15,61));
#1587=IFCINDEXEDPOLYGONALFACE((70,64,18,28,17,63));
#1588=IFCINDEXEDPOLYGONALFACE((123,122,3,2));
#1589=IFCINDEXEDPOLYGONALFACE((16,62,72,63,17,26));
#1590=IFCINDEXEDPOLYGONALFACE((42,78,80,61,15,85,53,79));
#1591=IFCINDEXEDPOLYGONALFACE((41,77,81,78,42,47));
#1592=IFCINDEXEDPOLYGONALFACE((86,112,84,75,39,56,54,20,66));
#1593=IFCINDEXEDPOLYGONALFACE((82,77,41,50,40,76));
#1594=IFCINDEXEDPOLYGONALFACE((126,125,6,5));
#1595=IFCINDEXEDPOLYGONALFACE((39,75,83,76,40,48));
#1596=IFCINDEXEDPOLYGONALFACE((99,94,65,90));
#1597=IFCINDEXEDPOLYGONALFACE((90,65,69));
#1598=IFCINDEXEDPOLYGONALFACE((65,94,68));
#1599=IFCINDEXEDPOLYGONALFACE((72,88,104,92));
#1600=IFCINDEXEDPOLYGONALFACE((69,93,103,90));
#1601=IFCINDEXEDPOLYGONALFACE((62,95,101,88));
#1602=IFCINDEXEDPOLYGONALFACE((100,91,66));
#1603=IFCINDEXEDPOLYGONALFACE((98,70,89));
#1604=IFCINDEXEDPOLYGONALFACE((102,61,87));
#1605=IFCINDEXEDPOLYGONALFACE((93,69,64));
#1606=IFCINDEXEDPOLYGONALFACE((89,70,97));
#1607=IFCINDEXEDPOLYGONALFACE((102,96,74,61));
#1608=IFCINDEXEDPOLYGONALFACE((100,66,68));
#1609=IFCINDEXEDPOLYGONALFACE((70,98,64));
#1610=IFCINDEXEDPOLYGONALFACE((70,63,97));
#1611=IFCINDEXEDPOLYGONALFACE((72,62,88));
#1612=IFCINDEXEDPOLYGONALFACE((63,92,97));
#1613=IFCINDEXEDPOLYGONALFACE((92,63,72));
#1614=IFCINDEXEDPOLYGONALFACE((98,93,64));
#1615=IFCINDEXEDPOLYGONALFACE((68,94,100));
#1616=IFCINDEXEDPOLYGONALFACE((95,62,71,96));
#1617=IFCINDEXEDPOLYGONALFACE((102,95,96));
#1618=IFCINDEXEDPOLYGONALFACE((115,110,78,107));
#1619=IFCINDEXEDPOLYGONALFACE((107,78,81));
#1620=IFCINDEXEDPOLYGONALFACE((78,110,80));
#1621=IFCINDEXEDPOLYGONALFACE((83,105,120,108));
#1622=IFCINDEXEDPOLYGONALFACE((81,109,119,107));
#1623=IFCINDEXEDPOLYGONALFACE((75,111,117,105));
#1624=IFCINDEXEDPOLYGONALFACE((118,66,91));
#1625=IFCINDEXEDPOLYGONALFACE((76,108,114));
#1626=IFCINDEXEDPOLYGONALFACE((76,114,82));
#1627=IFCINDEXEDPOLYGONALFACE((82,113,77));
#1628=IFCINDEXEDPOLYGONALFACE((116,87,61));
#1629=IFCINDEXEDPOLYGONALFACE((109,81,77));
#1630=IFCINDEXEDPOLYGONALFACE((82,114,106));
#1631=IFCINDEXEDPOLYGONALFACE((118,112,86,66));
#1632=IFCINDEXEDPOLYGONALFACE((116,61,80));
#1633=IFCINDEXEDPOLYGONALFACE((83,75,105));
#1634=IFCINDEXEDPOLYGONALFACE((113,82,106));
#1635=IFCINDEXEDPOLYGONALFACE((113,109,77));
#1636=IFCINDEXEDPOLYGONALFACE((108,76,83));
#1637=IFCINDEXEDPOLYGONALFACE((80,110,116));
#1638=IFCINDEXEDPOLYGONALFACE((111,75,84,112));
#1639=IFCINDEXEDPOLYGONALFACE((118,111,112));
#1640=IFCINDEXEDPOLYGONALFACE((124,123,2,1));
#1641=IFCINDEXEDPOLYGONALFACE((122,121,4,3));
#1642=IFCINDEXEDPOLYGONALFACE((121,126,5,4));
#1643=IFCINDEXEDPOLYGONALFACE((125,124,1,6));
#1644=IFCCARTESIANPOINTLIST3D(((838.49999999999329,-24.999999999044956,1049.9999999999998),(833.49999999999363,-24.999999999044956,1041.3397459621558),(823.4999999999942,-24.999999999044956,1041.3397459621558),(818.49999999999432,-24.999999999044956,1049.9999999999998),(823.49999999999409,-24.999999999044956,1058.6602540378437),(833.49999999999352,-24.999999999044956,1058.6602540378437),(808.02413241763873,-73.999999999044874,1049.9999999999998),(814.0213751818327,-73.999999999044874,1035.5213751818385),(828.49999999999397,-73.999999999044874,1029.5241324176448),(842.97862481815491,-73.999999999044874,1035.5213751818387),(848.97586758234888,-73.999999999044874,1049.9999999999998),(842.9786248181548,-73.999999999044874,1064.4786248181611),(828.49999999999375,-73.999999999044874,1070.4758675823548),(814.02137518183258,-73.999999999044874,1064.4786248181608),(803.49999999999795,-72.172131853166917,1049.9999999999998),(808.27457514062337,-72.172131853166917,1035.3053686926903),(820.77457514062155,-72.172131853166917,1026.2235870926247),(836.2254248593664,-72.172131853166917,1026.2235870926247),(848.72542485936447,-72.172131853166917,1035.3053686926903),(853.49999999998977,-72.172131853166917,1050.),(835.7393124090745,-73.999999999044874,1032.5227537997416),(821.26068759091345,-73.999999999044874,1032.5227537997416),(845.97724620025201,-73.999999999044874,1042.7606875909194),(811.02275379973571,-73.999999999044874,1042.7606875909191),(842.47542485936549,-72.172131853166917,1030.7644778926576),(814.52457514062257,-72.172131853166917,1030.7644778926574),(824.88034379545365,-73.999999999044874,1031.0234431086933),(828.49999999999397,-72.172131853166917,1026.2235870926247),(832.11965620453418,-73.999999999044874,1031.0234431086933),(844.47793550920346,-73.999999999044874,1039.1410313863792),(851.112712429677,-72.172131853166917,1042.652684346345),(805.8872875703106,-72.172131853166917,1042.652684346345),(809.52344310868716,-73.999999999044874,1046.3803437954596),(807.08093135546699,-72.172131853166917,1038.9790265195177),(839.35896861361471,-73.999999999044874,1034.0220644907902),(817.64103138637313,-73.999999999044874,1034.0220644907899),(847.47655689130045,-73.999999999044874,1046.3803437954596),(812.52206449078437,-73.999999999044874,1039.1410313863787),(848.72542485936413,-72.172131853166917,1064.6946313073095),(836.22542485936606,-72.172131853166917,1073.7764129073748),(820.77457514062121,-72.172131853166917,1073.7764129073748),(808.27457514062326,-72.172131853166917,1064.694631307309),(821.26068759091311,-73.999999999044874,1067.4772462002577),(835.73931240907427,-73.999999999044874,1067.4772462002579),(811.0227537997356,-73.999999999044874,1057.2393124090802),(845.9772462002519,-73.999999999044874,1057.2393124090804),(814.52457514062223,-72.172131853166917,1069.2355221073419),(842.47542485936515,-72.172131853166917,1069.2355221073421),(832.11965620453395,-73.999999999044874,1068.9765568913065),(828.49999999999352,-72.172131853166917,1073.7764129073748),(824.88034379545331,-73.999999999044874,1068.9765568913065),(812.52206449078415,-73.999999999044874,1060.8589686136206),(805.88728757031049,-72.172131853166917,1057.3473156536543),(851.112712429677,-72.172131853166917,1057.347315653655),(847.47655689130045,-73.999999999044874,1053.6196562045402),(849.91906864452051,-72.172131853166917,1061.0209734804821),(817.64103138637279,-73.999999999044874,1065.9779355092094),(839.35896861361459,-73.999999999044874,1065.9779355092096),(809.52344310868716,-73.99999999904486,1053.61965620454),(844.47793550920335,-73.999999999044874,1060.8589686136206),(803.49999999999795,-68.708453734409588,1049.9999999999998),(808.27457514062337,-68.708453734409588,1035.3053686926903),(820.77457514062155,-68.708453734409588,1026.2235870926247),(836.2254248593664,-68.708453734409588,1026.2235870926247),(848.72542485936424,-68.708453734409588,1035.3053686926903),(853.49999999998977,-68.708453734409588,1050.),(850.18332923032995,-72.172131853166917,1039.7923369739872),(851.112712429677,-68.708453734409588,1042.652684346345),(842.47542485936549,-68.708453734409588,1030.7644778926576),(828.49999999999397,-68.708453734409588,1026.2235870926247),(806.81667086781465,-68.708453734409588,1039.7923366718912),(814.52457514062257,-68.708453734409588,1030.7644778926574),(851.84166461515986,-72.172131853166917,1044.8961684869935),(805.15833543390625,-68.708453734409588,1044.8961683359455),(848.72542485936413,-68.708453734409588,1064.6946313073095),(836.22542485936606,-68.708453734409588,1073.7764129073748),(820.77457514062121,-68.708453734409588,1073.7764129073748),(808.27457514062326,-68.708453734409588,1064.694631307309),(806.81667070807657,-72.172131853166917,1060.2076628364855),(805.88728757031049,-68.708453734409588,1057.3473156536543),(814.52457514062223,-68.708453734409588,1069.2355221073419),(828.49999999999352,-68.708453734409588,1073.7764129073748),(842.47542485936515,-68.708453734409588,1069.2355221073421),(850.18332928752625,-68.708453734409588,1060.2076628499806),(805.15833535403726,-72.172131853166917,1055.1038314182426),(851.84166464375801,-68.708453734409574,1055.1038314249902),(809.86376396747949,-43.99999999904496,1049.9999999999998),(815.32219112560995,-43.99999999904496,1036.8221911256157),(828.49999999999397,-43.99999999904496,1031.3637639674855),(841.67780887437789,-43.99999999904496,1036.822191125616),(847.13623603250824,-43.99999999904496,1049.9999999999998),(821.91109556280196,-43.99999999904496,1034.0929775465506),(835.08890443718587,-43.99999999904496,1034.0929775465509),(844.40702245344301,-43.99999999904496,1043.4110955628078),(812.59297754654483,-43.99999999904496,1043.4110955628078),(805.8872875703106,-68.708453734409588,1042.652684346345),(825.20554778139785,-43.99999999904496,1032.728370757018),(831.79445221858998,-43.99999999904496,1032.728370757018),(843.04241566391045,-43.99999999904496,1040.116643344212),(845.77162924297556,-43.99999999904496,1046.7055477814038),(813.95758433607739,-43.99999999904496,1040.1166433442118),(811.22837075701216,-43.99999999904496,1046.7055477814035),(838.38335665578188,-43.99999999904496,1035.4575843360833),(818.61664334420595,-43.99999999904496,1035.4575843360833),(841.67780887437766,-43.99999999904496,1063.1778088743838),(828.49999999999375,-43.99999999904496,1068.6362360325143),(815.32219112560983,-43.99999999904496,1063.1778088743836),(835.08890443718565,-43.99999999904496,1065.9070224534489),(821.91109556280173,-43.99999999904496,1065.9070224534489),(812.59297754654472,-43.99999999904496,1056.5889044371918),(844.40702245344289,-43.99999999904496,1056.5889044371918),(851.112712429677,-68.708453734409588,1057.347315653655),(825.20554778139774,-43.99999999904496,1067.2716292429814),(831.79445221858964,-43.99999999904496,1067.2716292429816),(813.95758433607728,-43.99999999904496,1059.8833566557878),(811.22837075701204,-43.99999999904496,1053.2944522185958),(843.04241566391033,-43.99999999904496,1059.8833566557878),(845.77162924297545,-43.99999999904496,1053.294452218596),(818.61664334420584,-43.99999999904496,1064.5424156639165),(838.38335665578177,-43.99999999904496,1064.5424156639165),(818.49999999999432,-43.99999999904496,1049.9999999999998),(823.4999999999942,-43.99999999904496,1041.3397459621558),(833.49999999999363,-43.99999999904496,1041.3397459621558),(838.49999999999329,-43.99999999904496,1049.9999999999998),(833.49999999999352,-43.99999999904496,1058.6602540378437),(823.49999999999409,-43.99999999904496,1058.6602540378437)));
#1645=IFCPOLYGONALFACESET(#1644,.T.,(#1533,#1534,#1535,#1536,#1537,#1538,#1539,#1540,#1541,#1542,#1543,#1544,#1545,#1546,#1547,#1548,#1549,#1550,#1551,#1552,#1553,#1554,#1555,#1556,#1557,#1558,#1559,#1560,#1561,#1562,#1563,#1564,#1565,#1566,#1567,#1568,#1569,#1570,#1571,#1572,#1573,#1574,#1575,#1576,#1577,#1578,#1579,#1580,#1581,#1582,#1583,#1584,#1585,#1586,#1587,#1588,#1589,#1590,#1591,#1592,#1593,#1594,#1595,#1596,#1597,#1598,#1599,#1600,#1601,#1602,#1603,#1604,#1605,#1606,#1607,#1608,#1609,#1610,#1611,#1612,#1613,#1614,#1615,#1616,#1617,#1618,#1619,#1620,#1621,#1622,#1623,#1624,#1625,#1626,#1627,#1628,#1629,#1630,#1631,#1632,#1633,#1634,#1635,#1636,#1637,#1638,#1639,#1640,#1641,#1642,#1643),$);
#1646=IFCINDEXEDCOLOURMAP(#1645,1.,#1532,(1,1,1,1,1,1,1,1,1,1,1,1,1,1,1,1,1,1,1,1,1,1,1,1,1,1,1,1,1,1,1,1,1,1,1,1,1,1,1,1,1,1,1,1,1,1,1,1,1,1,1,1,1,1,1,1,1,1,1,1,1,1,1,1,1,1,1,1,1,1,1,1,1,1,1,1,1,1,1,1,1,1,1,1,1,1,1,1,1,1,1,1,1,1,1,1,1,1,1,1,1,1,1,1,1,1,1,1,1,1,1));
#1647=IFCSTYLEDITEM(#1645,(#951),$);
#1648=IFCCOLOURRGBLIST(((0.,0.,0.)));
#1649=IFCINDEXEDPOLYGONALFACE((9,10,11,12,13,14,15,16,17,18,19,20,21,22,23,24,1,2,3,4,5,6,7,8));
#1650=IFCINDEXEDPOLYGONALFACE((31,32,33,34,35,36,37,38,39,40,41,42,43,44,45,46,47,48,25,26,27,28,29,30));
#1651=IFCINDEXEDPOLYGONALFACE((48,2,1,25));
#1652=IFCINDEXEDPOLYGONALFACE((47,3,2,48));
#1653=IFCINDEXEDPOLYGONALFACE((5,4,46,45));
#1654=IFCINDEXEDPOLYGONALFACE((47,46,4,3));
#1655=IFCINDEXEDPOLYGONALFACE((6,5,45,44));
#1656=IFCINDEXEDPOLYGONALFACE((7,6,44,43));
#1657=IFCINDEXEDPOLYGONALFACE((42,8,7,43));
#1658=IFCINDEXEDPOLYGONALFACE((41,9,8,42));
#1659=IFCINDEXEDPOLYGONALFACE((11,10,40,39));
#1660=IFCINDEXEDPOLYGONALFACE((41,40,10,9));
#1661=IFCINDEXEDPOLYGONALFACE((12,11,39,38));
#1662=IFCINDEXEDPOLYGONALFACE((13,12,38,37));
#1663=IFCINDEXEDPOLYGONALFACE((36,14,13,37));
#1664=IFCINDEXEDPOLYGONALFACE((35,15,14,36));
#1665=IFCINDEXEDPOLYGONALFACE((17,16,34,33));
#1666=IFCINDEXEDPOLYGONALFACE((35,34,16,15));
#1667=IFCINDEXEDPOLYGONALFACE((18,17,33,32));
#1668=IFCINDEXEDPOLYGONALFACE((19,18,32,31));
#1669=IFCINDEXEDPOLYGONALFACE((30,20,19,31));
#1670=IFCINDEXEDPOLYGONALFACE((29,21,20,30));
#1671=IFCINDEXEDPOLYGONALFACE((23,22,28,27));
#1672=IFCINDEXEDPOLYGONALFACE((29,28,22,21));
#1673=IFCINDEXEDPOLYGONALFACE((24,23,27,26));
#1674=IFCINDEXEDPOLYGONALFACE((1,24,26,25));
#1675=IFCCARTESIANPOINTLIST3D(((858.49999999999591,-18.999999999044974,1050.0000000000002),(857.47777478866794,-18.999999999044974,1042.2354286469247),(854.48076211352918,-18.999999999044974,1035.0000000000002),(849.7132034355925,-18.999999999044974,1028.7867965644036),(843.49999999999602,-18.999999999044974,1024.019237886467),(836.26457135307157,-18.999999999044974,1021.0222252113281),(828.49999999999602,-18.999999999044974,1020.0000000000001),(820.73542864692035,-18.999999999044974,1021.022225211328),(813.49999999999602,-18.999999999044974,1024.0192378864667),(807.28679656439965,-18.999999999044974,1028.7867965644034),(802.51923788646286,-18.999999999044974,1035.),(799.52222521132387,-18.999999999044974,1042.2354286469242),(798.49999999999591,-18.999999999044974,1050.),(799.52222521132387,-18.999999999044974,1057.7645713530758),(802.51923788646275,-18.999999999044974,1065.),(807.28679656439954,-18.999999999044974,1071.2132034355966),(813.49999999999591,-18.999999999044974,1075.9807621135333),(820.73542864692024,-18.999999999044974,1078.9777747886721),(828.49999999999591,-18.999999999044974,1080.),(836.26457135307146,-18.999999999044974,1078.9777747886721),(843.49999999999579,-18.999999999044974,1075.9807621135333),(849.71320343559239,-18.999999999044974,1071.2132034355966),(854.48076211352907,-18.999999999044974,1065.0000000000002),(857.47777478866794,-18.999999999044974,1057.7645713530758),(858.49999999999591,-24.999999999044974,1050.0000000000002),(857.47777478866794,-24.999999999044974,1057.7645713530758),(854.48076211352907,-24.999999999044974,1065.0000000000002),(849.71320343559239,-24.999999999044974,1071.2132034355966),(843.49999999999579,-24.999999999044974,1075.9807621135333),(836.26457135307146,-24.999999999044974,1078.9777747886721),(828.49999999999591,-24.999999999044974,1080.),(820.73542864692024,-24.999999999044974,1078.9777747886721),(813.49999999999591,-24.999999999044974,1075.9807621135333),(807.28679656439954,-24.999999999044974,1071.2132034355966),(802.51923788646275,-24.999999999044974,1065.),(799.52222521132387,-24.999999999044974,1057.7645713530758),(798.49999999999591,-24.999999999044974,1050.),(799.52222521132387,-24.999999999044974,1042.2354286469242),(802.51923788646286,-24.999999999044974,1035.),(807.28679656439965,-24.999999999044974,1028.7867965644034),(813.49999999999602,-24.999999999044974,1024.0192378864667),(820.73542864692035,-24.999999999044974,1021.022225211328),(828.49999999999602,-24.999999999044974,1020.0000000000001),(836.26457135307157,-24.999999999044974,1021.0222252113281),(843.49999999999602,-24.999999999044974,1024.019237886467),(849.7132034355925,-24.999999999044974,1028.7867965644036),(854.48076211352918,-24.999999999044974,1035.0000000000002),(857.47777478866794,-24.999999999044974,1042.2354286469247)));
#1676=IFCPOLYGONALFACESET(#1675,.T.,(#1649,#1650,#1651,#1652,#1653,#1654,#1655,#1656,#1657,#1658,#1659,#1660,#1661,#1662,#1663,#1664,#1665,#1666,#1667,#1668,#1669,#1670,#1671,#1672,#1673,#1674),$);
#1677=IFCINDEXEDCOLOURMAP(#1676,1.,#1648,(1,1,1,1,1,1,1,1,1,1,1,1,1,1,1,1,1,1,1,1,1,1,1,1,1,1));
#1678=IFCSTYLEDITEM(#1676,(#951),$);
#1679=IFCCOLOURRGBLIST(((0.,0.,0.)));
#1680=IFCINDEXEDPOLYGONALFACE((2,3,4,5,6,1));
#1681=IFCINDEXEDPOLYGONALFACEWITHVOIDS((102,95,101,91,104,93,98,90,97,92,103,89,99,94,100,88,118,111,117,107,120,109,114,106,113,108,119,105,115,110,116,87),((121,125,126,122,123,124)));
#1682=IFCINDEXEDPOLYGONALFACE((38,24,33,7,59,45,52,12,57,44,50,13,51,43,58,14,60,46,55,8,37,23,30,9,35,22,28,10,29,21,36,11));
#1683=IFCINDEXEDPOLYGONALFACE((38,11,20));
#1684=IFCINDEXEDPOLYGONALFACE((17,9,30,23));
#1685=IFCINDEXEDPOLYGONALFACE((34,32,24));
#1686=IFCINDEXEDPOLYGONALFACE((22,35,9,25));
#1687=IFCINDEXEDPOLYGONALFACE((37,16,73,31));
#1688=IFCINDEXEDPOLYGONALFACE((23,31,67,17));
#1689=IFCINDEXEDPOLYGONALFACE((10,28,27));
#1690=IFCINDEXEDPOLYGONALFACE((19,29,27));
#1691=IFCINDEXEDPOLYGONALFACE((27,28,18));
#1692=IFCINDEXEDPOLYGONALFACE((26,20,11));
#1693=IFCINDEXEDPOLYGONALFACE((10,27,29));
#1694=IFCINDEXEDPOLYGONALFACE((28,22,18));
#1695=IFCINDEXEDPOLYGONALFACE((7,33,15));
#1696=IFCINDEXEDPOLYGONALFACE((36,21,26,11));
#1697=IFCINDEXEDPOLYGONALFACE((33,32,15));
#1698=IFCINDEXEDPOLYGONALFACE((9,17,25));
#1699=IFCINDEXEDPOLYGONALFACE((25,18,22));
#1700=IFCINDEXEDPOLYGONALFACE((8,16,37));
#1701=IFCINDEXEDPOLYGONALFACE((19,21,29));
#1702=IFCINDEXEDPOLYGONALFACE((32,33,24));
#1703=IFCINDEXEDPOLYGONALFACE((34,38,20));
#1704=IFCINDEXEDPOLYGONALFACE((34,24,38));
#1705=IFCINDEXEDPOLYGONALFACE((19,26,21));
#1706=IFCINDEXEDPOLYGONALFACE((31,23,37));
#1707=IFCINDEXEDPOLYGONALFACE((60,14,42));
#1708=IFCINDEXEDPOLYGONALFACE((39,12,52,45));
#1709=IFCINDEXEDPOLYGONALFACE((56,54,46));
#1710=IFCINDEXEDPOLYGONALFACE((44,57,12,47));
#1711=IFCINDEXEDPOLYGONALFACE((59,15,85,53));
#1712=IFCINDEXEDPOLYGONALFACE((45,53,79,39));
#1713=IFCINDEXEDPOLYGONALFACE((13,50,49));
#1714=IFCINDEXEDPOLYGONALFACE((41,51,49));
#1715=IFCINDEXEDPOLYGONALFACE((49,50,40));
#1716=IFCINDEXEDPOLYGONALFACE((48,42,14));
#1717=IFCINDEXEDPOLYGONALFACE((13,49,51));
#1718=IFCINDEXEDPOLYGONALFACE((50,44,40));
#1719=IFCINDEXEDPOLYGONALFACE((8,55,16));
#1720=IFCINDEXEDPOLYGONALFACE((58,43,48,14));
#1721=IFCINDEXEDPOLYGONALFACE((55,54,16));
#1722=IFCINDEXEDPOLYGONALFACE((12,39,47));
#1723=IFCINDEXEDPOLYGONALFACE((47,40,44));
#1724=IFCINDEXEDPOLYGONALFACE((7,15,59));
#1725=IFCINDEXEDPOLYGONALFACE((41,43,51));
#1726=IFCINDEXEDPOLYGONALFACE((54,55,46));
#1727=IFCINDEXEDPOLYGONALFACE((56,60,42));
#1728=IFCINDEXEDPOLYGONALFACE((56,46,60));
#1729=IFCINDEXEDPOLYGONALFACE((41,48,43));
#1730=IFCINDEXEDPOLYGONALFACE((53,45,59));
#1731=IFCINDEXEDPOLYGONALFACE((67,31,73,16,62,68,63,17));
#1732=IFCINDEXEDPOLYGONALFACE((25,17,63,69,64,18));
#1733=IFCINDEXEDPOLYGONALFACE((61,15,32,34,20,66,71,96,74));
#1734=IFCINDEXEDPOLYGONALFACE((19,27,18,64,70,65));
#1735=IFCINDEXEDPOLYGONALFACE((3,2,124,123));
#1736=IFCINDEXEDPOLYGONALFACE((72,66,20,26,19,65));
#1737=IFCINDEXEDPOLYGONALFACE((79,53,85,15,61,80,75,39));
#1738=IFCINDEXEDPOLYGONALFACE((47,39,75,81,76,40));
#1739=IFCINDEXEDPOLYGONALFACE((62,16,54,56,42,78,84,112,86));
#1740=IFCINDEXEDPOLYGONALFACE((41,49,40,76,82,77));
#1741=IFCINDEXEDPOLYGONALFACE((6,5,126,125));
#1742=IFCINDEXEDPOLYGONALFACE((48,41,77,83,78,42));
#1743=IFCINDEXEDPOLYGONALFACE((63,94,99,89));
#1744=IFCINDEXEDPOLYGONALFACE((69,63,89));
#1745=IFCINDEXEDPOLYGONALFACE((68,94,63));
#1746=IFCINDEXEDPOLYGONALFACE((104,91,72,93));
#1747=IFCINDEXEDPOLYGONALFACE((103,92,69,89));
#1748=IFCINDEXEDPOLYGONALFACE((101,95,66,91));
#1749=IFCINDEXEDPOLYGONALFACE((62,88,100));
#1750=IFCINDEXEDPOLYGONALFACE((98,93,65));
#1751=IFCINDEXEDPOLYGONALFACE((64,97,70));
#1752=IFCINDEXEDPOLYGONALFACE((70,98,65));
#1753=IFCINDEXEDPOLYGONALFACE((87,61,102));
#1754=IFCINDEXEDPOLYGONALFACE((64,69,92));
#1755=IFCINDEXEDPOLYGONALFACE((98,70,90));
#1756=IFCINDEXEDPOLYGONALFACE((102,61,74,96));
#1757=IFCINDEXEDPOLYGONALFACE((68,62,100));
#1758=IFCINDEXEDPOLYGONALFACE((91,66,72));
#1759=IFCINDEXEDPOLYGONALFACE((90,70,97));
#1760=IFCINDEXEDPOLYGONALFACE((64,92,97));
#1761=IFCINDEXEDPOLYGONALFACE((72,65,93));
#1762=IFCINDEXEDPOLYGONALFACE((100,94,68));
#1763=IFCINDEXEDPOLYGONALFACE((95,96,71,66));
#1764=IFCINDEXEDPOLYGONALFACE((96,95,102));
#1765=IFCINDEXEDPOLYGONALFACE((75,110,115,105));
#1766=IFCINDEXEDPOLYGONALFACE((81,75,105));
#1767=IFCINDEXEDPOLYGONALFACE((80,110,75));
#1768=IFCINDEXEDPOLYGONALFACE((120,107,83,109));
#1769=IFCINDEXEDPOLYGONALFACE((119,108,81,105));
#1770=IFCINDEXEDPOLYGONALFACE((117,111,78,107));
#1771=IFCINDEXEDPOLYGONALFACE((88,62,118));
#1772=IFCINDEXEDPOLYGONALFACE((114,109,77));
#1773=IFCINDEXEDPOLYGONALFACE((76,113,82));
#1774=IFCINDEXEDPOLYGONALFACE((82,114,77));
#1775=IFCINDEXEDPOLYGONALFACE((61,87,116));
#1776=IFCINDEXEDPOLYGONALFACE((76,81,108));
#1777=IFCINDEXEDPOLYGONALFACE((106,114,82));
#1778=IFCINDEXEDPOLYGONALFACE((118,62,86,112));
#1779=IFCINDEXEDPOLYGONALFACE((80,61,116));
#1780=IFCINDEXEDPOLYGONALFACE((107,78,83));
#1781=IFCINDEXEDPOLYGONALFACE((106,82,113));
#1782=IFCINDEXEDPOLYGONALFACE((76,108,113));
#1783=IFCINDEXEDPOLYGONALFACE((83,77,109));
#1784=IFCINDEXEDPOLYGONALFACE((116,110,80));
#1785=IFCINDEXEDPOLYGONALFACE((111,112,84,78));
#1786=IFCINDEXEDPOLYGONALFACE((112,111,118));
#1787=IFCINDEXEDPOLYGONALFACE((4,3,123,122));
#1788=IFCINDEXEDPOLYGONALFACE((2,1,121,124));
#1789=IFCINDEXEDPOLYGONALFACE((1,6,125,121));
#1790=IFCINDEXEDPOLYGONALFACE((5,4,122,126));
#1791=IFCCARTESIANPOINTLIST3D(((818.49999999999284,31.000000000954952,1050.0000000000027),(823.49999999999272,31.000000000954952,1041.3397459621588),(833.49999999999216,31.000000000954952,1041.3397459621588),(838.49999999999181,31.000000000954952,1050.0000000000027),(833.49999999999204,31.000000000954952,1058.6602540378467),(823.4999999999925,31.000000000954952,1058.6602540378467),(808.02413241763713,80.00000000095487,1050.0000000000027),(848.97586758234741,80.00000000095487,1050.0000000000027),(842.97862481815355,80.00000000095487,1035.5213751818417),(828.4999999999925,80.00000000095487,1029.5241324176477),(814.02137518183144,80.00000000095487,1035.5213751818414),(814.0213751818311,80.00000000095487,1064.4786248181638),(828.49999999999227,80.00000000095487,1070.4758675823578),(842.97862481815332,80.00000000095487,1064.478624818164),(803.49999999999625,78.172131855076913,1050.0000000000027),(853.4999999999884,78.172131855076913,1050.000000000003),(848.72542485936299,78.172131855076913,1035.3053686926933),(836.22542485936492,78.172131855076913,1026.2235870926279),(820.77457514062007,78.172131855076913,1026.2235870926277),(808.27457514062201,78.172131855076913,1035.3053686926933),(821.26068759091197,80.00000000095487,1032.5227537997446),(835.73931240907302,80.00000000095487,1032.5227537997446),(845.97724620025042,80.00000000095487,1042.7606875909223),(811.02275379973423,80.00000000095487,1042.7606875909221),(842.4754248593639,78.172131855076913,1030.7644778926606),(814.52457514062098,78.172131855076913,1030.7644778926604),(828.4999999999925,78.172131855076913,1026.2235870926279),(832.1196562045327,80.00000000095487,1031.023443108696),(824.88034379545218,80.00000000095487,1031.023443108696),(844.47793550920198,80.00000000095487,1039.1410313863821),(851.11271242967564,78.172131855076913,1042.652684346348),(805.88728757030913,78.172131855076913,1042.652684346348),(809.52344310868568,80.00000000095487,1046.3803437954623),(807.08093135546551,78.172131855076913,1038.9790265195204),(839.35896861361323,80.00000000095487,1034.0220644907934),(817.64103138637165,80.00000000095487,1034.0220644907931),(847.47655689129897,80.00000000095487,1046.3803437954625),(812.52206449078278,80.00000000095487,1039.1410313863819),(808.27457514062178,78.172131855076913,1064.6946313073122),(820.77457514061973,78.172131855076913,1073.7764129073778),(836.22542485936458,78.172131855076913,1073.7764129073778),(848.72542485936265,78.172131855076913,1064.6946313073124),(835.7393124090728,80.00000000095487,1067.4772462002611),(821.26068759091163,80.00000000095487,1067.4772462002607),(811.02275379973412,80.00000000095487,1057.2393124090831),(845.97724620025042,80.00000000095487,1057.2393124090834),(814.52457514062075,78.172131855076913,1069.2355221073449),(842.47542485936367,78.172131855076913,1069.2355221073451),(828.49999999999227,78.172131855076913,1073.7764129073778),(824.88034379545184,80.00000000095487,1068.9765568913094),(832.11965620453248,80.00000000095487,1068.9765568913094),(812.52206449078267,80.00000000095487,1060.8589686136236),(805.88728757030901,78.172131855076913,1057.3473156536572),(851.11271242967553,78.172131855076913,1057.3473156536579),(847.47655689129897,80.00000000095487,1053.6196562045432),(849.91906864451914,78.172131855076913,1061.0209734804853),(817.64103138637142,80.00000000095487,1065.9779355092123),(839.35896861361311,80.00000000095487,1065.9779355092123),(809.52344310868568,80.00000000095487,1053.6196562045429),(844.47793550920187,80.00000000095487,1060.8589686136238),(803.49999999999625,74.708453736319584,1050.0000000000027),(853.4999999999884,74.708453736319584,1050.000000000003),(848.72542485936299,74.708453736319584,1035.3053686926933),(836.22542485936492,74.708453736319584,1026.2235870926279),(820.77457514062007,74.708453736319584,1026.2235870926277),(808.27457514062201,74.708453736319584,1035.3053686926933),(850.18332923032835,78.172131855076913,1039.7923369739901),(851.11271242967564,74.708453736319584,1042.652684346348),(842.4754248593639,74.708453736319584,1030.7644778926606),(828.4999999999925,74.708453736319584,1026.2235870926279),(806.81667086781317,74.708453736319584,1039.7923366718942),(814.52457514062098,74.708453736319584,1030.7644778926604),(851.84166461515838,78.172131855076913,1044.8961684869967),(805.15833543390477,74.708453736319584,1044.8961683359485),(808.27457514062178,74.708453736319584,1064.6946313073122),(820.77457514061973,74.708453736319584,1073.7764129073778),(836.22542485936458,74.708453736319584,1073.7764129073778),(848.72542485936265,74.708453736319584,1064.6946313073124),(806.81667070807532,78.172131855076913,1060.2076628364885),(805.88728757030901,74.708453736319584,1057.3473156536572),(814.52457514062075,74.708453736319584,1069.2355221073449),(828.49999999999204,74.708453736319584,1073.7764129073778),(842.47542485936367,74.708453736319584,1069.2355221073451),(850.18332928752477,74.708453736319584,1060.2076628499833),(805.15833535403578,78.172131855076913,1055.1038314182456),(851.84166464375653,74.708453736319584,1055.1038314249934),(809.86376396747801,50.000000000954948,1050.0000000000027),(847.13623603250676,50.000000000954948,1050.0000000000027),(841.67780887437641,50.000000000954948,1036.8221911256189),(828.4999999999925,50.000000000954948,1031.3637639674885),(815.32219112560847,50.000000000954948,1036.8221911256187),(835.0889044371844,50.000000000954948,1034.0929775465538),(821.91109556280037,50.000000000954948,1034.0929775465536),(844.40702245344153,50.000000000954948,1043.4110955628109),(812.59297754654335,50.000000000954948,1043.4110955628107),(805.88728757030913,74.708453736319584,1042.652684346348),(831.7944522185885,50.000000000954948,1032.7283707570209),(825.20554778139649,50.000000000954948,1032.7283707570209),(843.04241566390897,50.000000000954948,1040.1166433442149),(845.77162924297409,50.000000000954948,1046.7055477814067),(813.95758433607591,50.000000000954948,1040.1166433442147),(811.22837075701057,50.000000000954948,1046.7055477814065),(838.3833566557804,50.000000000954948,1035.4575843360863),(818.61664334420448,50.000000000954948,1035.4575843360863),(815.32219112560836,50.000000000954948,1063.1778088743865),(828.49999999999227,50.000000000954948,1068.6362360325172),(841.67780887437618,50.000000000954948,1063.1778088743868),(821.91109556280026,50.000000000954948,1065.9070224534519),(835.08890443718417,50.000000000954948,1065.9070224534519),(812.59297754654312,50.000000000954948,1056.5889044371947),(844.40702245344141,50.000000000954948,1056.588904437195),(851.11271242967553,74.708453736319584,1057.3473156536579),(825.20554778139626,50.000000000954948,1067.2716292429843),(831.79445221858816,50.000000000954948,1067.2716292429845),(813.9575843360758,50.000000000954948,1059.8833566557907),(811.22837075701057,50.000000000954948,1053.2944522185987),(843.04241566390886,50.000000000954948,1059.8833566557907),(845.77162924297397,50.000000000954948,1053.294452218599),(818.61664334420436,50.000000000954948,1064.5424156639192),(838.38335665578018,50.000000000954948,1064.5424156639194),(818.49999999999284,50.000000000954948,1050.0000000000027),(838.49999999999181,50.000000000954948,1050.0000000000027),(833.49999999999216,50.000000000954948,1041.3397459621588),(823.49999999999272,50.000000000954948,1041.3397459621588),(823.4999999999925,50.000000000954948,1058.6602540378467),(833.49999999999204,50.000000000954948,1058.6602540378467)));
#1792=IFCPOLYGONALFACESET(#1791,.T.,(#1680,#1681,#1682,#1683,#1684,#1685,#1686,#1687,#1688,#1689,#1690,#1691,#1692,#1693,#1694,#1695,#1696,#1697,#1698,#1699,#1700,#1701,#1702,#1703,#1704,#1705,#1706,#1707,#1708,#1709,#1710,#1711,#1712,#1713,#1714,#1715,#1716,#1717,#1718,#1719,#1720,#1721,#1722,#1723,#1724,#1725,#1726,#1727,#1728,#1729,#1730,#1731,#1732,#1733,#1734,#1735,#1736,#1737,#1738,#1739,#1740,#1741,#1742,#1743,#1744,#1745,#1746,#1747,#1748,#1749,#1750,#1751,#1752,#1753,#1754,#1755,#1756,#1757,#1758,#1759,#1760,#1761,#1762,#1763,#1764,#1765,#1766,#1767,#1768,#1769,#1770,#1771,#1772,#1773,#1774,#1775,#1776,#1777,#1778,#1779,#1780,#1781,#1782,#1783,#1784,#1785,#1786,#1787,#1788,#1789,#1790),$);
#1793=IFCINDEXEDCOLOURMAP(#1792,1.,#1679,(1,1,1,1,1,1,1,1,1,1,1,1,1,1,1,1,1,1,1,1,1,1,1,1,1,1,1,1,1,1,1,1,1,1,1,1,1,1,1,1,1,1,1,1,1,1,1,1,1,1,1,1,1,1,1,1,1,1,1,1,1,1,1,1,1,1,1,1,1,1,1,1,1,1,1,1,1,1,1,1,1,1,1,1,1,1,1,1,1,1,1,1,1,1,1,1,1,1,1,1,1,1,1,1,1,1,1,1,1,1,1));
#1794=IFCSTYLEDITEM(#1792,(#951),$);
#1795=IFCCOLOURRGBLIST(((0.,0.,0.)));
#1796=IFCINDEXEDPOLYGONALFACE((18,19,20,21,22,23,24,1,2,3,4,5,6,7,8,9,10,11,12,13,14,15,16,17));
#1797=IFCINDEXEDPOLYGONALFACE((41,42,43,44,45,46,47,48,25,26,27,28,29,30,31,32,33,34,35,36,37,38,39,40));
#1798=IFCINDEXEDPOLYGONALFACE((25,1,24,26));
#1799=IFCINDEXEDPOLYGONALFACE((26,24,23,27));
#1800=IFCINDEXEDPOLYGONALFACE((29,28,22,21));
#1801=IFCINDEXEDPOLYGONALFACE((22,28,27,23));
#1802=IFCINDEXEDPOLYGONALFACE((30,29,21,20));
#1803=IFCINDEXEDPOLYGONALFACE((30,20,19,31));
#1804=IFCINDEXEDPOLYGONALFACE((31,19,18,32));
#1805=IFCINDEXEDPOLYGONALFACE((32,18,17,33));
#1806=IFCINDEXEDPOLYGONALFACE((35,34,16,15));
#1807=IFCINDEXEDPOLYGONALFACE((16,34,33,17));
#1808=IFCINDEXEDPOLYGONALFACE((36,35,15,14));
#1809=IFCINDEXEDPOLYGONALFACE((36,14,13,37));
#1810=IFCINDEXEDPOLYGONALFACE((37,13,12,38));
#1811=IFCINDEXEDPOLYGONALFACE((38,12,11,39));
#1812=IFCINDEXEDPOLYGONALFACE((41,40,10,9));
#1813=IFCINDEXEDPOLYGONALFACE((10,40,39,11));
#1814=IFCINDEXEDPOLYGONALFACE((42,41,9,8));
#1815=IFCINDEXEDPOLYGONALFACE((42,8,7,43));
#1816=IFCINDEXEDPOLYGONALFACE((43,7,6,44));
#1817=IFCINDEXEDPOLYGONALFACE((44,6,5,45));
#1818=IFCINDEXEDPOLYGONALFACE((47,46,4,3));
#1819=IFCINDEXEDPOLYGONALFACE((4,46,45,5));
#1820=IFCINDEXEDPOLYGONALFACE((48,47,3,2));
#1821=IFCINDEXEDPOLYGONALFACE((48,2,1,25));
#1822=IFCCARTESIANPOINTLIST3D(((858.49999999999443,25.000000000954973,1050.0000000000032),(857.47777478866647,25.000000000954973,1057.7645713530787),(854.48076211352748,25.000000000954973,1065.0000000000032),(849.71320343559091,25.000000000954973,1071.2132034355996),(843.49999999999432,25.000000000954973,1075.9807621135362),(836.26457135306998,25.000000000954973,1078.9777747886751),(828.49999999999443,25.000000000954973,1080.000000000003),(820.73542864691876,25.000000000954973,1078.9777747886751),(813.49999999999443,25.000000000954973,1075.9807621135362),(807.28679656439806,25.000000000954973,1071.2132034355996),(802.51923788646127,25.000000000954973,1065.000000000003),(799.52222521132239,25.000000000954973,1057.7645713530787),(798.49999999999443,25.000000000954973,1050.000000000003),(799.52222521132239,25.000000000954973,1042.2354286469274),(802.51923788646138,25.000000000954973,1035.000000000003),(807.28679656439817,25.000000000954973,1028.7867965644064),(813.49999999999454,25.000000000954973,1024.0192378864697),(820.73542864691888,25.000000000954973,1021.0222252113309),(828.49999999999466,25.000000000954973,1020.0000000000031),(836.2645713530701,25.000000000954973,1021.022225211331),(843.49999999999454,25.000000000954973,1024.0192378864699),(849.71320343559103,25.000000000954973,1028.7867965644068),(854.4807621135277,25.000000000954973,1035.0000000000032),(857.47777478866647,25.000000000954973,1042.2354286469276),(858.49999999999443,31.000000000954969,1050.0000000000032),(857.47777478866647,31.000000000954969,1042.2354286469276),(854.4807621135277,31.000000000954969,1035.0000000000032),(849.71320343559103,31.000000000954969,1028.7867965644068),(843.49999999999454,31.000000000954969,1024.0192378864699),(836.2645713530701,31.000000000954969,1021.022225211331),(828.49999999999466,31.000000000954969,1020.0000000000031),(820.73542864691888,31.000000000954969,1021.0222252113309),(813.49999999999454,31.000000000954969,1024.0192378864697),(807.28679656439817,31.000000000954969,1028.7867965644064),(802.51923788646138,31.000000000954969,1035.000000000003),(799.52222521132239,31.000000000954969,1042.2354286469274),(798.49999999999443,31.000000000954969,1050.000000000003),(799.52222521132239,31.000000000954969,1057.7645713530787),(802.51923788646127,31.000000000954969,1065.000000000003),(807.28679656439806,31.000000000954969,1071.2132034355996),(813.49999999999443,31.000000000954969,1075.9807621135362),(820.73542864691876,31.000000000954969,1078.9777747886751),(828.49999999999443,31.000000000954969,1080.000000000003),(836.26457135306998,31.000000000954969,1078.9777747886751),(843.49999999999432,31.000000000954969,1075.9807621135362),(849.71320343559091,31.000000000954969,1071.2132034355996),(854.48076211352748,31.000000000954969,1065.0000000000032),(857.47777478866647,31.000000000954969,1057.7645713530787)));
#1823=IFCPOLYGONALFACESET(#1822,.T.,(#1796,#1797,#1798,#1799,#1800,#1801,#1802,#1803,#1804,#1805,#1806,#1807,#1808,#1809,#1810,#1811,#1812,#1813,#1814,#1815,#1816,#1817,#1818,#1819,#1820,#1821),$);
#1824=IFCINDEXEDCOLOURMAP(#1823,1.,#1795,(1,1,1,1,1,1,1,1,1,1,1,1,1,1,1,1,1,1,1,1,1,1,1,1,1,1));
#1825=IFCSTYLEDITEM(#1823,(#951),$);
#1826=IFCCOLOURRGBLIST(((0.,0.,0.)));
#1827=IFCINDEXEDPOLYGONALFACE((2,3,4,5,6,1));
#1828=IFCINDEXEDPOLYGONALFACEWITHVOIDS((102,95,101,91,104,93,98,90,97,92,103,89,99,94,100,88,118,111,117,107,120,109,114,106,113,108,119,105,115,110,116,87),((121,125,126,122,123,124)));
#1829=IFCINDEXEDPOLYGONALFACE((38,24,33,7,59,45,52,12,57,44,50,13,51,43,58,14,60,46,55,8,37,23,30,9,35,22,28,10,29,21,36,11));
#1830=IFCINDEXEDPOLYGONALFACE((38,11,20));
#1831=IFCINDEXEDPOLYGONALFACE((17,9,30,23));
#1832=IFCINDEXEDPOLYGONALFACE((34,32,24));
#1833=IFCINDEXEDPOLYGONALFACE((22,35,9,25));
#1834=IFCINDEXEDPOLYGONALFACE((37,16,73,31));
#1835=IFCINDEXEDPOLYGONALFACE((23,31,67,17));
#1836=IFCINDEXEDPOLYGONALFACE((10,28,27));
#1837=IFCINDEXEDPOLYGONALFACE((19,29,27));
#1838=IFCINDEXEDPOLYGONALFACE((27,28,18));
#1839=IFCINDEXEDPOLYGONALFACE((26,20,11));
#1840=IFCINDEXEDPOLYGONALFACE((10,27,29));
#1841=IFCINDEXEDPOLYGONALFACE((28,22,18));
#1842=IFCINDEXEDPOLYGONALFACE((7,33,15));
#1843=IFCINDEXEDPOLYGONALFACE((36,21,26,11));
#1844=IFCINDEXEDPOLYGONALFACE((33,32,15));
#1845=IFCINDEXEDPOLYGONALFACE((9,17,25));
#1846=IFCINDEXEDPOLYGONALFACE((25,18,22));
#1847=IFCINDEXEDPOLYGONALFACE((8,16,37));
#1848=IFCINDEXEDPOLYGONALFACE((19,21,29));
#1849=IFCINDEXEDPOLYGONALFACE((32,33,24));
#1850=IFCINDEXEDPOLYGONALFACE((34,38,20));
#1851=IFCINDEXEDPOLYGONALFACE((34,24,38));
#1852=IFCINDEXEDPOLYGONALFACE((19,26,21));
#1853=IFCINDEXEDPOLYGONALFACE((31,23,37));
#1854=IFCINDEXEDPOLYGONALFACE((60,14,42));
#1855=IFCINDEXEDPOLYGONALFACE((39,12,52,45));
#1856=IFCINDEXEDPOLYGONALFACE((56,54,46));
#1857=IFCINDEXEDPOLYGONALFACE((44,57,12,47));
#1858=IFCINDEXEDPOLYGONALFACE((59,15,85,53));
#1859=IFCINDEXEDPOLYGONALFACE((45,53,79,39));
#1860=IFCINDEXEDPOLYGONALFACE((13,50,49));
#1861=IFCINDEXEDPOLYGONALFACE((41,51,49));
#1862=IFCINDEXEDPOLYGONALFACE((49,50,40));
#1863=IFCINDEXEDPOLYGONALFACE((48,42,14));
#1864=IFCINDEXEDPOLYGONALFACE((13,49,51));
#1865=IFCINDEXEDPOLYGONALFACE((50,44,40));
#1866=IFCINDEXEDPOLYGONALFACE((8,55,16));
#1867=IFCINDEXEDPOLYGONALFACE((58,43,48,14));
#1868=IFCINDEXEDPOLYGONALFACE((55,54,16));
#1869=IFCINDEXEDPOLYGONALFACE((12,39,47));
#1870=IFCINDEXEDPOLYGONALFACE((47,40,44));
#1871=IFCINDEXEDPOLYGONALFACE((7,15,59));
#1872=IFCINDEXEDPOLYGONALFACE((41,43,51));
#1873=IFCINDEXEDPOLYGONALFACE((54,55,46));
#1874=IFCINDEXEDPOLYGONALFACE((56,60,42));
#1875=IFCINDEXEDPOLYGONALFACE((56,46,60));
#1876=IFCINDEXEDPOLYGONALFACE((41,48,43));
#1877=IFCINDEXEDPOLYGONALFACE((53,45,59));
#1878=IFCINDEXEDPOLYGONALFACE((67,31,73,16,62,68,63,17));
#1879=IFCINDEXEDPOLYGONALFACE((25,17,63,69,64,18));
#1880=IFCINDEXEDPOLYGONALFACE((61,15,32,34,20,66,71,96,74));
#1881=IFCINDEXEDPOLYGONALFACE((19,27,18,64,70,65));
#1882=IFCINDEXEDPOLYGONALFACE((3,2,124,123));
#1883=IFCINDEXEDPOLYGONALFACE((72,66,20,26,19,65));
#1884=IFCINDEXEDPOLYGONALFACE((79,53,85,15,61,80,75,39));
#1885=IFCINDEXEDPOLYGONALFACE((47,39,75,81,76,40));
#1886=IFCINDEXEDPOLYGONALFACE((62,16,54,56,42,78,84,112,86));
#1887=IFCINDEXEDPOLYGONALFACE((41,49,40,76,82,77));
#1888=IFCINDEXEDPOLYGONALFACE((6,5,126,125));
#1889=IFCINDEXEDPOLYGONALFACE((48,41,77,83,78,42));
#1890=IFCINDEXEDPOLYGONALFACE((63,94,99,89));
#1891=IFCINDEXEDPOLYGONALFACE((69,63,89));
#1892=IFCINDEXEDPOLYGONALFACE((68,94,63));
#1893=IFCINDEXEDPOLYGONALFACE((104,91,72,93));
#1894=IFCINDEXEDPOLYGONALFACE((103,92,69,89));
#1895=IFCINDEXEDPOLYGONALFACE((101,95,66,91));
#1896=IFCINDEXEDPOLYGONALFACE((62,88,100));
#1897=IFCINDEXEDPOLYGONALFACE((98,93,65));
#1898=IFCINDEXEDPOLYGONALFACE((64,97,70));
#1899=IFCINDEXEDPOLYGONALFACE((70,98,65));
#1900=IFCINDEXEDPOLYGONALFACE((87,61,102));
#1901=IFCINDEXEDPOLYGONALFACE((64,69,92));
#1902=IFCINDEXEDPOLYGONALFACE((98,70,90));
#1903=IFCINDEXEDPOLYGONALFACE((102,61,74,96));
#1904=IFCINDEXEDPOLYGONALFACE((68,62,100));
#1905=IFCINDEXEDPOLYGONALFACE((91,66,72));
#1906=IFCINDEXEDPOLYGONALFACE((90,70,97));
#1907=IFCINDEXEDPOLYGONALFACE((64,92,97));
#1908=IFCINDEXEDPOLYGONALFACE((72,65,93));
#1909=IFCINDEXEDPOLYGONALFACE((100,94,68));
#1910=IFCINDEXEDPOLYGONALFACE((95,96,71,66));
#1911=IFCINDEXEDPOLYGONALFACE((96,95,102));
#1912=IFCINDEXEDPOLYGONALFACE((75,110,115,105));
#1913=IFCINDEXEDPOLYGONALFACE((81,75,105));
#1914=IFCINDEXEDPOLYGONALFACE((80,110,75));
#1915=IFCINDEXEDPOLYGONALFACE((120,107,83,109));
#1916=IFCINDEXEDPOLYGONALFACE((119,108,81,105));
#1917=IFCINDEXEDPOLYGONALFACE((117,111,78,107));
#1918=IFCINDEXEDPOLYGONALFACE((88,62,118));
#1919=IFCINDEXEDPOLYGONALFACE((114,109,77));
#1920=IFCINDEXEDPOLYGONALFACE((76,113,82));
#1921=IFCINDEXEDPOLYGONALFACE((82,114,77));
#1922=IFCINDEXEDPOLYGONALFACE((61,87,116));
#1923=IFCINDEXEDPOLYGONALFACE((76,81,108));
#1924=IFCINDEXEDPOLYGONALFACE((106,114,82));
#1925=IFCINDEXEDPOLYGONALFACE((118,62,86,112));
#1926=IFCINDEXEDPOLYGONALFACE((80,61,116));
#1927=IFCINDEXEDPOLYGONALFACE((107,78,83));
#1928=IFCINDEXEDPOLYGONALFACE((106,82,113));
#1929=IFCINDEXEDPOLYGONALFACE((76,108,113));
#1930=IFCINDEXEDPOLYGONALFACE((83,77,109));
#1931=IFCINDEXEDPOLYGONALFACE((116,110,80));
#1932=IFCINDEXEDPOLYGONALFACE((111,112,84,78));
#1933=IFCINDEXEDPOLYGONALFACE((112,111,118));
#1934=IFCINDEXEDPOLYGONALFACE((4,3,123,122));
#1935=IFCINDEXEDPOLYGONALFACE((2,1,121,124));
#1936=IFCINDEXEDPOLYGONALFACE((1,6,125,121));
#1937=IFCINDEXEDPOLYGONALFACE((5,4,122,126));
#1938=IFCCARTESIANPOINTLIST3D(((991.50000000000273,-24.999999999045109,1049.9999999999998),(986.50000000000284,-24.999999999045109,1041.3397459621558),(976.50000000000341,-24.999999999045109,1041.3397459621558),(971.50000000000352,-24.999999999045109,1049.9999999999998),(976.50000000000352,-24.999999999045109,1058.6602540378437),(986.50000000000296,-24.999999999045109,1058.6602540378437),(1001.9758675823582,-73.999999999045031,1049.9999999999998),(961.02413241764793,-73.999999999045031,1049.9999999999998),(967.0213751818419,-73.999999999045031,1035.5213751818387),(981.50000000000307,-73.999999999045031,1029.5241324176448),(995.97862481816412,-73.999999999045031,1035.5213751818385),(995.97862481816446,-73.999999999045031,1064.4786248181608),(981.5000000000033,-73.999999999045031,1070.4758675823548),(967.02137518184225,-73.999999999045031,1064.4786248181611),(1006.4999999999991,-72.172131853167059,1049.9999999999998),(956.50000000000716,-72.172131853167059,1050.),(961.27457514063258,-72.172131853167059,1035.3053686926903),(973.77457514063053,-72.172131853167059,1026.2235870926247),(989.22542485937549,-72.172131853167059,1026.2235870926247),(1001.7254248593734,-72.172131853167059,1035.3053686926903),(988.7393124090836,-73.999999999045031,1032.5227537997416),(974.26068759092254,-73.999999999045002,1032.5227537997416),(964.02275379974492,-73.999999999045031,1042.7606875909194),(998.97724620026122,-73.999999999045031,1042.7606875909191),(967.52457514063155,-72.172131853167045,1030.7644778926576),(995.47542485937447,-72.172131853167059,1030.7644778926574),(981.50000000000307,-72.172131853167059,1026.2235870926247),(977.88034379546286,-73.999999999045002,1031.0234431086933),(985.11965620454328,-73.999999999045031,1031.0234431086933),(965.52206449079358,-73.999999999045002,1039.1410313863789),(958.88728757031981,-72.172131853167045,1042.652684346345),(1004.1127124296863,-72.172131853167059,1042.652684346345),(1000.4765568913099,-73.999999999045031,1046.3803437954596),(1002.9190686445298,-72.172131853167045,1038.9790265195174),(970.64103138638234,-73.999999999045002,1034.0220644907902),(992.35896861362392,-73.999999999045031,1034.0220644907899),(962.5234431086966,-73.999999999045031,1046.3803437954596),(997.47793550921267,-73.999999999045031,1039.1410313863787),(1001.7254248593738,-72.172131853167059,1064.694631307309),(989.22542485937583,-72.172131853167059,1073.7764129073748),(973.77457514063087,-72.172131853167059,1073.7764129073748),(961.27457514063292,-72.172131853167059,1064.6946313073095),(974.26068759092277,-73.999999999045031,1067.4772462002579),(988.73931240908382,-73.999999999045002,1067.4772462002577),(998.97724620026122,-73.999999999045002,1057.2393124090802),(964.02275379974515,-73.999999999045002,1057.2393124090804),(995.47542485937481,-72.172131853167059,1069.2355221073419),(967.5245751406319,-72.172131853167059,1069.2355221073421),(981.5000000000033,-72.172131853167059,1073.7764129073748),(985.1196562045435,-73.999999999045045,1068.9765568913065),(977.88034379546298,-73.999999999045031,1068.9765568913065),(997.4779355092129,-73.999999999045031,1060.8589686136204),(1004.1127124296863,-72.172131853167059,1057.3473156536543),(958.88728757032004,-72.172131853167059,1057.347315653655),(962.5234431086966,-73.999999999045031,1053.6196562045402),(960.08093135547642,-72.172131853167059,1061.0209734804821),(992.35896861362403,-73.999999999045031,1065.9779355092094),(970.64103138638245,-73.999999999045031,1065.9779355092096),(1000.4765568913099,-73.999999999045031,1053.61965620454),(965.5220644907937,-73.999999999045031,1060.8589686136206),(1006.4999999999991,-68.708453734409744,1049.9999999999998),(956.50000000000716,-68.708453734409744,1050.),(961.27457514063258,-68.708453734409744,1035.3053686926903),(973.77457514063053,-68.708453734409744,1026.2235870926247),(989.22542485937549,-68.708453734409744,1026.2235870926247),(1001.7254248593734,-68.708453734409744,1035.3053686926903),(959.81667076966698,-72.172131853167087,1039.7923369739872),(958.88728757031981,-68.708453734409744,1042.652684346345),(967.52457514063155,-68.708453734409744,1030.7644778926576),(981.50000000000307,-68.708453734409744,1026.2235870926247),(1003.1833291321824,-68.708453734409744,1039.7923366718912),(995.47542485937447,-68.708453734409744,1030.7644778926574),(958.15833538483707,-72.172131853167087,1044.8961684869937),(1004.8416645660907,-68.708453734409744,1044.8961683359455),(1001.7254248593738,-68.708453734409744,1064.694631307309),(989.22542485937583,-68.708453734409744,1073.7764129073748),(973.77457514063087,-68.708453734409744,1073.7764129073748),(961.27457514063292,-68.708453734409744,1064.6946313073095),(1003.1833292919202,-72.172131853167059,1060.2076628364855),(1004.1127124296863,-68.708453734409744,1057.3473156536543),(995.47542485937481,-68.708453734409744,1069.2355221073419),(981.5000000000033,-68.708453734409744,1073.7764129073748),(967.5245751406319,-68.708453734409744,1069.2355221073421),(959.8166707124708,-68.708453734409744,1060.2076628499806),(1004.8416646459598,-72.172131853167045,1055.1038314182426),(958.15833535623904,-68.708453734409744,1055.1038314249902),(1000.1362360325174,-43.999999999045095,1049.9999999999998),(962.86376396748881,-43.999999999045095,1049.9999999999998),(968.32219112561916,-43.999999999045095,1036.822191125616),(981.50000000000307,-43.999999999045095,1031.3637639674855),(994.6778088743871,-43.999999999045095,1036.8221911256157),(974.91109556281117,-43.999999999045095,1034.0929775465509),(988.08890443719508,-43.999999999045095,1034.0929775465506),(965.59297754655404,-43.999999999045095,1043.4110955628078),(997.40702245345221,-43.999999999045095,1043.4110955628078),(1004.1127124296863,-68.708453734409744,1042.652684346345),(978.20554778140706,-43.999999999045095,1032.728370757018),(984.79445221859908,-43.999999999045095,1032.728370757018),(966.9575843360866,-43.999999999045095,1040.116643344212),(964.22837075702137,-43.999999999045095,1046.7055477814038),(996.04241566391966,-43.999999999045095,1040.1166433442115),(998.77162924298477,-43.999999999045095,1046.7055477814038),(971.61664334421516,-43.999999999045095,1035.4575843360833),(991.38335665579109,-43.999999999045095,1035.4575843360833),(994.67780887438721,-43.999999999045095,1063.1778088743836),(981.5000000000033,-43.999999999045095,1068.6362360325143),(968.32219112561927,-43.999999999045095,1063.1778088743838),(988.08890443719531,-43.999999999045095,1065.9070224534489),(974.91109556281128,-43.999999999045095,1065.9070224534489),(997.40702245345233,-43.999999999045095,1056.5889044371918),(965.59297754655415,-43.999999999045095,1056.588904437192),(958.88728757032004,-68.708453734409744,1057.347315653655),(984.7944522185993,-43.999999999045095,1067.2716292429816),(978.2055477814074,-43.999999999045095,1067.2716292429816),(996.04241566391977,-43.999999999045095,1059.8833566557878),(998.77162924298477,-43.999999999045095,1053.2944522185956),(966.95758433608671,-43.999999999045095,1059.8833566557878),(964.22837075702137,-43.999999999045095,1053.294452218596),(991.3833566557912,-43.999999999045095,1064.5424156639165),(971.61664334421528,-43.999999999045095,1064.5424156639165),(991.50000000000273,-43.999999999045095,1049.9999999999998),(971.50000000000352,-43.999999999045095,1049.9999999999998),(976.50000000000341,-43.999999999045095,1041.3397459621558),(986.50000000000284,-43.999999999045095,1041.3397459621558),(986.50000000000296,-43.999999999045095,1058.6602540378437),(976.50000000000352,-43.999999999045095,1058.6602540378437)));
#1939=IFCPOLYGONALFACESET(#1938,.T.,(#1827,#1828,#1829,#1830,#1831,#1832,#1833,#1834,#1835,#1836,#1837,#1838,#1839,#1840,#1841,#1842,#1843,#1844,#1845,#1846,#1847,#1848,#1849,#1850,#1851,#1852,#1853,#1854,#1855,#1856,#1857,#1858,#1859,#1860,#1861,#1862,#1863,#1864,#1865,#1866,#1867,#1868,#1869,#1870,#1871,#1872,#1873,#1874,#1875,#1876,#1877,#1878,#1879,#1880,#1881,#1882,#1883,#1884,#1885,#1886,#1887,#1888,#1889,#1890,#1891,#1892,#1893,#1894,#1895,#1896,#1897,#1898,#1899,#1900,#1901,#1902,#1903,#1904,#1905,#1906,#1907,#1908,#1909,#1910,#1911,#1912,#1913,#1914,#1915,#1916,#1917,#1918,#1919,#1920,#1921,#1922,#1923,#1924,#1925,#1926,#1927,#1928,#1929,#1930,#1931,#1932,#1933,#1934,#1935,#1936,#1937),$);
#1940=IFCINDEXEDCOLOURMAP(#1939,1.,#1826,(1,1,1,1,1,1,1,1,1,1,1,1,1,1,1,1,1,1,1,1,1,1,1,1,1,1,1,1,1,1,1,1,1,1,1,1,1,1,1,1,1,1,1,1,1,1,1,1,1,1,1,1,1,1,1,1,1,1,1,1,1,1,1,1,1,1,1,1,1,1,1,1,1,1,1,1,1,1,1,1,1,1,1,1,1,1,1,1,1,1,1,1,1,1,1,1,1,1,1,1,1,1,1,1,1,1,1,1,1,1,1));
#1941=IFCSTYLEDITEM(#1939,(#951),$);
#1942=IFCCOLOURRGBLIST(((0.,0.,0.)));
#1943=IFCINDEXEDPOLYGONALFACE((18,19,20,21,22,23,24,1,2,3,4,5,6,7,8,9,10,11,12,13,14,15,16,17));
#1944=IFCINDEXEDPOLYGONALFACE((41,42,43,44,45,46,47,48,25,26,27,28,29,30,31,32,33,34,35,36,37,38,39,40));
#1945=IFCINDEXEDPOLYGONALFACE((25,1,24,26));
#1946=IFCINDEXEDPOLYGONALFACE((26,24,23,27));
#1947=IFCINDEXEDPOLYGONALFACE((29,28,22,21));
#1948=IFCINDEXEDPOLYGONALFACE((22,28,27,23));
#1949=IFCINDEXEDPOLYGONALFACE((30,29,21,20));
#1950=IFCINDEXEDPOLYGONALFACE((30,20,19,31));
#1951=IFCINDEXEDPOLYGONALFACE((31,19,18,32));
#1952=IFCINDEXEDPOLYGONALFACE((32,18,17,33));
#1953=IFCINDEXEDPOLYGONALFACE((35,34,16,15));
#1954=IFCINDEXEDPOLYGONALFACE((16,34,33,17));
#1955=IFCINDEXEDPOLYGONALFACE((36,35,15,14));
#1956=IFCINDEXEDPOLYGONALFACE((36,14,13,37));
#1957=IFCINDEXEDPOLYGONALFACE((37,13,12,38));
#1958=IFCINDEXEDPOLYGONALFACE((38,12,11,39));
#1959=IFCINDEXEDPOLYGONALFACE((41,40,10,9));
#1960=IFCINDEXEDPOLYGONALFACE((10,40,39,11));
#1961=IFCINDEXEDPOLYGONALFACE((42,41,9,8));
#1962=IFCINDEXEDPOLYGONALFACE((42,8,7,43));
#1963=IFCINDEXEDPOLYGONALFACE((43,7,6,44));
#1964=IFCINDEXEDPOLYGONALFACE((44,6,5,45));
#1965=IFCINDEXEDPOLYGONALFACE((47,46,4,3));
#1966=IFCINDEXEDPOLYGONALFACE((4,46,45,5));
#1967=IFCINDEXEDPOLYGONALFACE((48,47,3,2));
#1968=IFCINDEXEDPOLYGONALFACE((48,2,1,25));
#1969=IFCCARTESIANPOINTLIST3D(((951.50000000000102,-18.999999999045126,1050.0000000000002),(952.5222252113291,-18.999999999045126,1057.7645713530758),(955.51923788646786,-18.999999999045126,1065.0000000000002),(960.28679656440465,-18.999999999045126,1071.2132034355966),(966.50000000000102,-18.999999999045126,1075.9807621135333),(973.73542864692558,-18.999999999045126,1078.9777747886721),(981.50000000000114,-18.999999999045126,1080.),(989.2645713530768,-18.999999999045126,1078.9777747886721),(996.50000000000114,-18.999999999045126,1075.9807621135333),(1002.7132034355975,-18.999999999045126,1071.2132034355966),(1007.4807621135343,-18.999999999045126,1065.),(1010.4777747886732,-18.999999999045126,1057.7645713530758),(1011.5000000000011,-18.999999999045126,1050.),(1010.4777747886732,-18.999999999045126,1042.2354286469242),(1007.4807621135342,-18.999999999045126,1035.),(1002.7132034355974,-18.999999999045126,1028.7867965644034),(996.50000000000091,-18.999999999045126,1024.0192378864667),(989.26457135307646,-18.999999999045126,1021.022225211328),(981.50000000000091,-18.999999999045126,1020.0000000000001),(973.73542864692524,-18.999999999045126,1021.0222252113281),(966.50000000000091,-18.999999999045126,1024.019237886467),(960.28679656440454,-18.999999999045126,1028.7867965644036),(955.51923788646786,-18.999999999045126,1035.0000000000002),(952.52222521132887,-18.999999999045126,1042.2354286469247),(951.50000000000102,-24.999999999045123,1050.0000000000002),(952.52222521132887,-24.999999999045123,1042.2354286469247),(955.51923788646786,-24.999999999045123,1035.0000000000002),(960.28679656440454,-24.999999999045123,1028.7867965644036),(966.50000000000091,-24.999999999045123,1024.019237886467),(973.73542864692524,-24.999999999045123,1021.0222252113281),(981.50000000000091,-24.999999999045123,1020.0000000000001),(989.26457135307646,-24.999999999045123,1021.022225211328),(996.50000000000091,-24.999999999045123,1024.0192378864667),(1002.7132034355974,-24.999999999045123,1028.7867965644034),(1007.4807621135342,-24.999999999045123,1035.),(1010.4777747886732,-24.999999999045123,1042.2354286469242),(1011.5000000000011,-24.999999999045123,1050.),(1010.4777747886732,-24.999999999045123,1057.7645713530758),(1007.4807621135343,-24.999999999045123,1065.),(1002.7132034355975,-24.999999999045123,1071.2132034355966),(996.50000000000114,-24.999999999045123,1075.9807621135333),(989.2645713530768,-24.999999999045123,1078.9777747886721),(981.50000000000114,-24.999999999045123,1080.),(973.73542864692558,-24.999999999045123,1078.9777747886721),(966.50000000000102,-24.999999999045123,1075.9807621135333),(960.28679656440465,-24.999999999045123,1071.2132034355966),(955.51923788646786,-24.999999999045123,1065.0000000000002),(952.5222252113291,-24.999999999045123,1057.7645713530758)));
#1970=IFCPOLYGONALFACESET(#1969,.T.,(#1943,#1944,#1945,#1946,#1947,#1948,#1949,#1950,#1951,#1952,#1953,#1954,#1955,#1956,#1957,#1958,#1959,#1960,#1961,#1962,#1963,#1964,#1965,#1966,#1967,#1968),$);
#1971=IFCINDEXEDCOLOURMAP(#1970,1.,#1942,(1,1,1,1,1,1,1,1,1,1,1,1,1,1,1,1,1,1,1,1,1,1,1,1,1,1));
#1972=IFCSTYLEDITEM(#1970,(#951),$);
#1973=IFCCOLOURRGBLIST(((0.,0.,0.)));
#1974=IFCINDEXEDPOLYGONALFACE((3,4,5,6,1,2));
#1975=IFCINDEXEDPOLYGONALFACEWITHVOIDS((101,95,102,87,116,110,115,107,119,109,113,106,114,108,120,105,117,111,118,91,100,94,99,90,103,93,98,89,97,92,104,88),((121,122,123,124,125,126)));
#1976=IFCINDEXEDPOLYGONALFACE((33,24,38,8,36,22,27,9,29,21,35,10,30,23,37,11,55,46,60,12,58,44,49,13,51,43,57,14,52,45,59,7));
#1977=IFCINDEXEDPOLYGONALFACE((16,8,38));
#1978=IFCINDEXEDPOLYGONALFACE((30,10,19,23));
#1979=IFCINDEXEDPOLYGONALFACE((24,32,34));
#1980=IFCINDEXEDPOLYGONALFACE((25,10,35,21));
#1981=IFCINDEXEDPOLYGONALFACE((37,31,73,20));
#1982=IFCINDEXEDPOLYGONALFACE((28,27,17));
#1983=IFCINDEXEDPOLYGONALFACE((18,29,28));
#1984=IFCINDEXEDPOLYGONALFACE((28,29,9));
#1985=IFCINDEXEDPOLYGONALFACE((8,16,26));
#1986=IFCINDEXEDPOLYGONALFACE((18,21,29));
#1987=IFCINDEXEDPOLYGONALFACE((27,22,17));
#1988=IFCINDEXEDPOLYGONALFACE((15,33,7));
#1989=IFCINDEXEDPOLYGONALFACE((26,22,36,8));
#1990=IFCINDEXEDPOLYGONALFACE((15,32,33));
#1991=IFCINDEXEDPOLYGONALFACE((25,19,10));
#1992=IFCINDEXEDPOLYGONALFACE((21,18,25));
#1993=IFCINDEXEDPOLYGONALFACE((37,20,11));
#1994=IFCINDEXEDPOLYGONALFACE((27,28,9));
#1995=IFCINDEXEDPOLYGONALFACE((23,19,67,31));
#1996=IFCINDEXEDPOLYGONALFACE((24,33,32));
#1997=IFCINDEXEDPOLYGONALFACE((16,38,34));
#1998=IFCINDEXEDPOLYGONALFACE((38,24,34));
#1999=IFCINDEXEDPOLYGONALFACE((22,26,17));
#2000=IFCINDEXEDPOLYGONALFACE((37,23,31));
#2001=IFCINDEXEDPOLYGONALFACE((39,12,60));
#2002=IFCINDEXEDPOLYGONALFACE((52,14,42,45));
#2003=IFCINDEXEDPOLYGONALFACE((46,54,56));
#2004=IFCINDEXEDPOLYGONALFACE((47,14,57,43));
#2005=IFCINDEXEDPOLYGONALFACE((59,53,85,15));
#2006=IFCINDEXEDPOLYGONALFACE((50,49,40));
#2007=IFCINDEXEDPOLYGONALFACE((41,51,50));
#2008=IFCINDEXEDPOLYGONALFACE((50,51,13));
#2009=IFCINDEXEDPOLYGONALFACE((12,39,48));
#2010=IFCINDEXEDPOLYGONALFACE((41,43,51));
#2011=IFCINDEXEDPOLYGONALFACE((49,44,40));
#2012=IFCINDEXEDPOLYGONALFACE((20,55,11));
#2013=IFCINDEXEDPOLYGONALFACE((48,44,58,12));
#2014=IFCINDEXEDPOLYGONALFACE((20,54,55));
#2015=IFCINDEXEDPOLYGONALFACE((47,42,14));
#2016=IFCINDEXEDPOLYGONALFACE((43,41,47));
#2017=IFCINDEXEDPOLYGONALFACE((59,15,7));
#2018=IFCINDEXEDPOLYGONALFACE((49,50,13));
#2019=IFCINDEXEDPOLYGONALFACE((45,42,79,53));
#2020=IFCINDEXEDPOLYGONALFACE((46,55,54));
#2021=IFCINDEXEDPOLYGONALFACE((39,60,56));
#2022=IFCINDEXEDPOLYGONALFACE((60,46,56));
#2023=IFCINDEXEDPOLYGONALFACE((44,48,40));
#2024=IFCINDEXEDPOLYGONALFACE((59,45,53));
#2025=IFCINDEXEDPOLYGONALFACE((19,65,68,66,20,73,31,67));
#2026=IFCINDEXEDPOLYGONALFACE((18,64,69,65,19,25));
#2027=IFCINDEXEDPOLYGONALFACE((74,96,71,62,16,34,32,15,61));
#2028=IFCINDEXEDPOLYGONALFACE((70,64,18,28,17,63));
#2029=IFCINDEXEDPOLYGONALFACE((123,122,3,2));
#2030=IFCINDEXEDPOLYGONALFACE((16,62,72,63,17,26));
#2031=IFCINDEXEDPOLYGONALFACE((42,78,80,61,15,85,53,79));
#2032=IFCINDEXEDPOLYGONALFACE((41,77,81,78,42,47));
#2033=IFCINDEXEDPOLYGONALFACE((86,112,84,75,39,56,54,20,66));
#2034=IFCINDEXEDPOLYGONALFACE((82,77,41,50,40,76));
#2035=IFCINDEXEDPOLYGONALFACE((126,125,6,5));
#2036=IFCINDEXEDPOLYGONALFACE((39,75,83,76,40,48));
#2037=IFCINDEXEDPOLYGONALFACE((99,94,65,90));
#2038=IFCINDEXEDPOLYGONALFACE((90,65,69));
#2039=IFCINDEXEDPOLYGONALFACE((65,94,68));
#2040=IFCINDEXEDPOLYGONALFACE((72,88,104,92));
#2041=IFCINDEXEDPOLYGONALFACE((69,93,103,90));
#2042=IFCINDEXEDPOLYGONALFACE((62,95,101,88));
#2043=IFCINDEXEDPOLYGONALFACE((100,91,66));
#2044=IFCINDEXEDPOLYGONALFACE((98,70,89));
#2045=IFCINDEXEDPOLYGONALFACE((102,61,87));
#2046=IFCINDEXEDPOLYGONALFACE((93,69,64));
#2047=IFCINDEXEDPOLYGONALFACE((89,70,97));
#2048=IFCINDEXEDPOLYGONALFACE((102,96,74,61));
#2049=IFCINDEXEDPOLYGONALFACE((100,66,68));
#2050=IFCINDEXEDPOLYGONALFACE((70,98,64));
#2051=IFCINDEXEDPOLYGONALFACE((70,63,97));
#2052=IFCINDEXEDPOLYGONALFACE((72,62,88));
#2053=IFCINDEXEDPOLYGONALFACE((63,92,97));
#2054=IFCINDEXEDPOLYGONALFACE((92,63,72));
#2055=IFCINDEXEDPOLYGONALFACE((98,93,64));
#2056=IFCINDEXEDPOLYGONALFACE((68,94,100));
#2057=IFCINDEXEDPOLYGONALFACE((95,62,71,96));
#2058=IFCINDEXEDPOLYGONALFACE((102,95,96));
#2059=IFCINDEXEDPOLYGONALFACE((115,110,78,107));
#2060=IFCINDEXEDPOLYGONALFACE((107,78,81));
#2061=IFCINDEXEDPOLYGONALFACE((78,110,80));
#2062=IFCINDEXEDPOLYGONALFACE((83,105,120,108));
#2063=IFCINDEXEDPOLYGONALFACE((81,109,119,107));
#2064=IFCINDEXEDPOLYGONALFACE((75,111,117,105));
#2065=IFCINDEXEDPOLYGONALFACE((118,66,91));
#2066=IFCINDEXEDPOLYGONALFACE((76,108,114));
#2067=IFCINDEXEDPOLYGONALFACE((76,114,82));
#2068=IFCINDEXEDPOLYGONALFACE((82,113,77));
#2069=IFCINDEXEDPOLYGONALFACE((116,87,61));
#2070=IFCINDEXEDPOLYGONALFACE((109,81,77));
#2071=IFCINDEXEDPOLYGONALFACE((82,114,106));
#2072=IFCINDEXEDPOLYGONALFACE((118,112,86,66));
#2073=IFCINDEXEDPOLYGONALFACE((116,61,80));
#2074=IFCINDEXEDPOLYGONALFACE((83,75,105));
#2075=IFCINDEXEDPOLYGONALFACE((113,82,106));
#2076=IFCINDEXEDPOLYGONALFACE((113,109,77));
#2077=IFCINDEXEDPOLYGONALFACE((108,76,83));
#2078=IFCINDEXEDPOLYGONALFACE((80,110,116));
#2079=IFCINDEXEDPOLYGONALFACE((111,75,84,112));
#2080=IFCINDEXEDPOLYGONALFACE((118,111,112));
#2081=IFCINDEXEDPOLYGONALFACE((124,123,2,1));
#2082=IFCINDEXEDPOLYGONALFACE((122,121,4,3));
#2083=IFCINDEXEDPOLYGONALFACE((121,126,5,4));
#2084=IFCINDEXEDPOLYGONALFACE((125,124,1,6));
#2085=IFCCARTESIANPOINTLIST3D(((971.50000000000523,31.000000000954785,1050.0000000000027),(976.50000000000489,31.000000000954785,1041.3397459621588),(986.50000000000432,31.000000000954785,1041.3397459621588),(991.50000000000421,31.000000000954785,1050.0000000000027),(986.50000000000443,31.000000000954785,1058.6602540378467),(976.500000000005,31.000000000954785,1058.6602540378467),(1001.9758675823598,80.000000000954699,1050.0000000000027),(995.9786248181656,80.000000000954699,1035.5213751818414),(981.50000000000455,80.000000000954699,1029.5241324176477),(967.0213751818435,80.000000000954699,1035.5213751818417),(961.02413241764953,80.000000000954699,1050.0000000000027),(967.02137518184372,80.000000000954699,1064.478624818164),(981.50000000000477,80.000000000954699,1070.4758675823578),(995.97862481816594,80.000000000954699,1064.4786248181638),(1006.5000000000006,78.172131855076742,1050.0000000000027),(1001.725424859375,78.172131855076742,1035.3053686926933),(989.22542485937697,78.172131855076742,1026.2235870926277),(973.77457514063212,78.172131855076742,1026.2235870926279),(961.27457514063406,78.172131855076742,1035.3053686926933),(956.50000000000864,78.172131855076742,1050.000000000003),(974.26068759092402,80.000000000954699,1032.5227537997448),(988.73931240908507,80.000000000954699,1032.5227537997446),(964.02275379974651,80.000000000954699,1042.7606875909223),(998.97724620026281,80.000000000954699,1042.7606875909221),(967.52457514063303,78.172131855076742,1030.7644778926606),(995.47542485937595,78.172131855076742,1030.7644778926604),(985.11965620454487,80.000000000954699,1031.023443108696),(981.50000000000455,78.172131855076742,1026.2235870926279),(977.88034379546434,80.000000000954699,1031.023443108696),(965.52206449079506,80.000000000954699,1039.1410313863821),(958.8872875703214,78.172131855076742,1042.6526843463482),(1004.1127124296879,78.172131855076742,1042.652684346348),(1000.4765568913111,80.000000000954699,1046.3803437954623),(1002.9190686445315,78.172131855076742,1038.9790265195204),(970.64103138638382,80.000000000954699,1034.0220644907934),(992.35896861362539,80.000000000954699,1034.0220644907931),(962.52344310869807,80.000000000954699,1046.3803437954625),(997.47793550921415,80.000000000954699,1039.1410313863819),(961.2745751406344,78.172131855076742,1064.6946313073124),(973.77457514063235,78.172131855076742,1073.7764129073778),(989.22542485937731,78.172131855076742,1073.7764129073778),(1001.7254248593753,78.172131855076742,1064.6946313073122),(988.73931240908541,80.000000000954699,1067.4772462002607),(974.26068759092425,80.000000000954699,1067.4772462002611),(998.97724620026281,80.000000000954699,1057.2393124090831),(964.02275379974662,80.000000000954699,1057.2393124090834),(995.47542485937629,78.172131855076742,1069.2355221073449),(967.52457514063337,78.172131855076742,1069.2355221073451),(977.88034379546446,80.000000000954699,1068.9765568913094),(981.50000000000477,78.172131855076742,1073.7764129073778),(985.11965620454521,80.000000000954699,1068.9765568913092),(997.47793550921438,80.000000000954699,1060.8589686136236),(1004.112712429688,78.172131855076742,1057.3473156536572),(958.88728757032152,78.172131855076742,1057.3473156536579),(962.52344310869807,80.000000000954699,1053.6196562045432),(960.0809313554779,78.172131855076742,1061.0209734804851),(992.35896861362562,80.000000000954699,1065.9779355092123),(970.64103138638393,80.000000000954699,1065.9779355092123),(1000.4765568913114,80.000000000954699,1053.6196562045429),(965.52206449079517,80.000000000954699,1060.8589686136236),(1006.5000000000006,74.708453736319413,1050.0000000000027),(1001.725424859375,74.708453736319413,1035.3053686926933),(989.22542485937697,74.708453736319413,1026.2235870926277),(973.77457514063212,74.708453736319413,1026.2235870926279),(961.27457514063406,74.708453736319413,1035.3053686926933),(956.50000000000864,74.708453736319413,1050.000000000003),(959.81667076966846,78.172131855076742,1039.7923369739901),(958.8872875703214,74.708453736319413,1042.6526843463482),(967.52457514063303,74.708453736319413,1030.7644778926606),(981.50000000000455,74.708453736319413,1026.2235870926279),(1003.1833291321839,74.708453736319413,1039.792336671894),(995.47542485937595,74.708453736319413,1030.7644778926604),(958.15833538483867,78.172131855076742,1044.8961684869964),(1004.8416645660923,74.708453736319413,1044.8961683359482),(961.2745751406344,74.708453736319413,1064.6946313073124),(973.77457514063235,74.708453736319413,1073.7764129073778),(989.22542485937731,74.708453736319413,1073.7764129073778),(1001.7254248593753,74.708453736319413,1064.6946313073122),(1003.1833292919217,78.172131855076742,1060.2076628364885),(1004.112712429688,74.708453736319413,1057.3473156536572),(995.47542485937629,74.708453736319413,1069.2355221073449),(981.50000000000477,74.708453736319413,1073.7764129073778),(967.52457514063337,74.708453736319413,1069.2355221073451),(959.81667071247227,74.708453736319413,1060.2076628499833),(1004.8416646459613,78.172131855076742,1055.1038314182456),(958.15833535624051,74.708453736319413,1055.1038314249934),(1000.1362360325189,50.000000000954778,1050.0000000000027),(994.67780887438857,50.000000000954778,1036.8221911256187),(981.50000000000455,50.000000000954778,1031.3637639674885),(968.32219112562063,50.000000000954778,1036.8221911256189),(962.86376396749029,50.000000000954778,1050.0000000000027),(988.08890443719645,50.000000000954778,1034.0929775465536),(974.91109556281265,50.000000000954778,1034.0929775465538),(965.59297754655552,50.000000000954778,1043.4110955628109),(997.40702245345369,50.000000000954778,1043.4110955628107),(1004.1127124296879,74.708453736319413,1042.652684346348),(984.79445221860055,50.000000000954778,1032.7283707570209),(978.20554778140854,50.000000000954778,1032.7283707570209),(966.95758433608808,50.000000000954778,1040.1166433442149),(964.22837075702296,50.000000000954778,1046.7055477814067),(996.04241566392113,50.000000000954778,1040.1166433442147),(998.77162924298636,50.000000000954778,1046.7055477814067),(971.61664334421664,50.000000000954778,1035.4575843360863),(991.38335665579257,50.000000000954778,1035.4575843360863),(968.32219112562086,50.000000000954778,1063.1778088743868),(981.50000000000477,50.000000000954778,1068.6362360325172),(994.67780887438869,50.000000000954778,1063.1778088743865),(974.91109556281287,50.000000000954778,1065.9070224534519),(988.08890443719679,50.000000000954778,1065.9070224534519),(997.40702245345381,50.000000000954778,1056.5889044371947),(965.59297754655563,50.000000000954778,1056.5889044371947),(958.88728757032152,74.708453736319413,1057.3473156536579),(984.79445221860078,50.000000000954778,1067.2716292429843),(978.20554778140888,50.000000000954778,1067.2716292429845),(996.04241566392125,50.000000000954778,1059.8833566557907),(998.77162924298648,50.000000000954778,1053.2944522185985),(966.95758433608819,50.000000000954778,1059.8833566557907),(964.22837075702296,50.000000000954778,1053.294452218599),(991.38335665579268,50.000000000954778,1064.5424156639192),(971.61664334421675,50.000000000954778,1064.5424156639194),(991.50000000000421,50.000000000954778,1050.0000000000027),(986.50000000000432,50.000000000954778,1041.3397459621588),(976.50000000000489,50.000000000954778,1041.3397459621588),(971.50000000000523,50.000000000954778,1050.0000000000027),(976.500000000005,50.000000000954778,1058.6602540378467),(986.50000000000443,50.000000000954778,1058.6602540378467)));
#2086=IFCPOLYGONALFACESET(#2085,.T.,(#1974,#1975,#1976,#1977,#1978,#1979,#1980,#1981,#1982,#1983,#1984,#1985,#1986,#1987,#1988,#1989,#1990,#1991,#1992,#1993,#1994,#1995,#1996,#1997,#1998,#1999,#2000,#2001,#2002,#2003,#2004,#2005,#2006,#2007,#2008,#2009,#2010,#2011,#2012,#2013,#2014,#2015,#2016,#2017,#2018,#2019,#2020,#2021,#2022,#2023,#2024,#2025,#2026,#2027,#2028,#2029,#2030,#2031,#2032,#2033,#2034,#2035,#2036,#2037,#2038,#2039,#2040,#2041,#2042,#2043,#2044,#2045,#2046,#2047,#2048,#2049,#2050,#2051,#2052,#2053,#2054,#2055,#2056,#2057,#2058,#2059,#2060,#2061,#2062,#2063,#2064,#2065,#2066,#2067,#2068,#2069,#2070,#2071,#2072,#2073,#2074,#2075,#2076,#2077,#2078,#2079,#2080,#2081,#2082,#2083,#2084),$);
#2087=IFCINDEXEDCOLOURMAP(#2086,1.,#1973,(1,1,1,1,1,1,1,1,1,1,1,1,1,1,1,1,1,1,1,1,1,1,1,1,1,1,1,1,1,1,1,1,1,1,1,1,1,1,1,1,1,1,1,1,1,1,1,1,1,1,1,1,1,1,1,1,1,1,1,1,1,1,1,1,1,1,1,1,1,1,1,1,1,1,1,1,1,1,1,1,1,1,1,1,1,1,1,1,1,1,1,1,1,1,1,1,1,1,1,1,1,1,1,1,1,1,1,1,1,1,1));
#2088=IFCSTYLEDITEM(#2086,(#951),$);
#2089=IFCCOLOURRGBLIST(((0.,0.,0.)));
#2090=IFCINDEXEDPOLYGONALFACE((9,10,11,12,13,14,15,16,17,18,19,20,21,22,23,24,1,2,3,4,5,6,7,8));
#2091=IFCINDEXEDPOLYGONALFACE((31,32,33,34,35,36,37,38,39,40,41,42,43,44,45,46,47,48,25,26,27,28,29,30));
#2092=IFCINDEXEDPOLYGONALFACE((48,2,1,25));
#2093=IFCINDEXEDPOLYGONALFACE((47,3,2,48));
#2094=IFCINDEXEDPOLYGONALFACE((5,4,46,45));
#2095=IFCINDEXEDPOLYGONALFACE((47,46,4,3));
#2096=IFCINDEXEDPOLYGONALFACE((6,5,45,44));
#2097=IFCINDEXEDPOLYGONALFACE((7,6,44,43));
#2098=IFCINDEXEDPOLYGONALFACE((42,8,7,43));
#2099=IFCINDEXEDPOLYGONALFACE((41,9,8,42));
#2100=IFCINDEXEDPOLYGONALFACE((11,10,40,39));
#2101=IFCINDEXEDPOLYGONALFACE((41,40,10,9));
#2102=IFCINDEXEDPOLYGONALFACE((12,11,39,38));
#2103=IFCINDEXEDPOLYGONALFACE((13,12,38,37));
#2104=IFCINDEXEDPOLYGONALFACE((36,14,13,37));
#2105=IFCINDEXEDPOLYGONALFACE((35,15,14,36));
#2106=IFCINDEXEDPOLYGONALFACE((17,16,34,33));
#2107=IFCINDEXEDPOLYGONALFACE((35,34,16,15));
#2108=IFCINDEXEDPOLYGONALFACE((18,17,33,32));
#2109=IFCINDEXEDPOLYGONALFACE((19,18,32,31));
#2110=IFCINDEXEDPOLYGONALFACE((30,20,19,31));
#2111=IFCINDEXEDPOLYGONALFACE((29,21,20,30));
#2112=IFCINDEXEDPOLYGONALFACE((23,22,28,27));
#2113=IFCINDEXEDPOLYGONALFACE((29,28,22,21));
#2114=IFCINDEXEDPOLYGONALFACE((24,23,27,26));
#2115=IFCINDEXEDPOLYGONALFACE((1,24,26,25));
#2116=IFCCARTESIANPOINTLIST3D(((951.50000000000261,25.000000000954802,1050.0000000000032),(952.52222521133046,25.000000000954802,1042.2354286469276),(955.51923788646934,25.000000000954802,1035.0000000000032),(960.28679656440602,25.000000000954802,1028.7867965644068),(966.50000000000239,25.000000000954802,1024.0192378864699),(973.73542864692672,25.000000000954802,1021.022225211331),(981.50000000000239,25.000000000954802,1020.0000000000031),(989.26457135307794,25.000000000954802,1021.0222252113309),(996.5000000000025,25.000000000954802,1024.0192378864697),(1002.7132034355989,25.000000000954802,1028.7867965644064),(1007.4807621135357,25.000000000954802,1035.000000000003),(1010.4777747886747,25.000000000954802,1042.2354286469274),(1011.5000000000026,25.000000000954802,1050.000000000003),(1010.4777747886747,25.000000000954802,1057.7645713530787),(1007.4807621135357,25.000000000954802,1065.000000000003),(1002.713203435599,25.000000000954802,1071.2132034355996),(996.50000000000261,25.000000000954802,1075.9807621135362),(989.26457135307828,25.000000000954802,1078.9777747886751),(981.50000000000261,25.000000000954802,1080.000000000003),(973.73542864692706,25.000000000954802,1078.9777747886751),(966.5000000000025,25.000000000954802,1075.9807621135362),(960.28679656440613,25.000000000954802,1071.2132034355996),(955.51923788646934,25.000000000954802,1065.0000000000032),(952.52222521133058,25.000000000954802,1057.7645713530787),(951.50000000000261,31.000000000954802,1050.0000000000032),(952.52222521133058,31.000000000954802,1057.7645713530787),(955.51923788646934,31.000000000954802,1065.0000000000032),(960.28679656440613,31.000000000954802,1071.2132034355996),(966.5000000000025,31.000000000954802,1075.9807621135362),(973.73542864692706,31.000000000954802,1078.9777747886751),(981.50000000000261,31.000000000954802,1080.000000000003),(989.26457135307828,31.000000000954802,1078.9777747886751),(996.50000000000261,31.000000000954802,1075.9807621135362),(1002.713203435599,31.000000000954802,1071.2132034355996),(1007.4807621135357,31.000000000954802,1065.000000000003),(1010.4777747886747,31.000000000954802,1057.7645713530787),(1011.5000000000026,31.000000000954802,1050.000000000003),(1010.4777747886747,31.000000000954802,1042.2354286469274),(1007.4807621135357,31.000000000954802,1035.000000000003),(1002.7132034355989,31.000000000954802,1028.7867965644064),(996.5000000000025,31.000000000954802,1024.0192378864697),(989.26457135307794,31.000000000954802,1021.0222252113309),(981.50000000000239,31.000000000954802,1020.0000000000031),(973.73542864692672,31.000000000954802,1021.022225211331),(966.50000000000239,31.000000000954802,1024.0192378864699),(960.28679656440602,31.000000000954802,1028.7867965644068),(955.51923788646934,31.000000000954802,1035.0000000000032),(952.52222521133046,31.000000000954802,1042.2354286469276)));
#2117=IFCPOLYGONALFACESET(#2116,.T.,(#2090,#2091,#2092,#2093,#2094,#2095,#2096,#2097,#2098,#2099,#2100,#2101,#2102,#2103,#2104,#2105,#2106,#2107,#2108,#2109,#2110,#2111,#2112,#2113,#2114,#2115),$);
#2118=IFCINDEXEDCOLOURMAP(#2117,1.,#2089,(1,1,1,1,1,1,1,1,1,1,1,1,1,1,1,1,1,1,1,1,1,1,1,1,1,1));
#2119=IFCSTYLEDITEM(#2117,(#951),$);
#2120=IFCCOLOURRGBLIST(((0.83137254901960789,0.70196078431372544,0.44313725490196076)));
#2121=IFCINDEXEDPOLYGONALFACE((1,2,3,4,5,6));
#2122=IFCINDEXEDPOLYGONALFACE((2,1,7,8,9,10,11,12));
#2123=IFCINDEXEDPOLYGONALFACE((3,2,12,13));
#2124=IFCINDEXEDPOLYGONALFACE((4,3,13,14,15,16,17,18));
#2125=IFCINDEXEDPOLYGONALFACE((5,4,18,19));
#2126=IFCINDEXEDPOLYGONALFACE((6,5,19,20,21,22,23,24));
#2127=IFCINDEXEDPOLYGONALFACE((1,6,24,7));
#2128=IFCINDEXEDPOLYGONALFACE((13,12,11,14));
#2129=IFCINDEXEDPOLYGONALFACE((19,18,17,20));
#2130=IFCINDEXEDPOLYGONALFACE((7,24,23,8));
#2131=IFCINDEXEDPOLYGONALFACE((9,22,21,16,15,10));
#2132=IFCINDEXEDPOLYGONALFACE((14,11,10,15));
#2133=IFCINDEXEDPOLYGONALFACE((20,17,16,21));
#2134=IFCINDEXEDPOLYGONALFACE((8,23,22,9));
#2135=IFCCARTESIANPOINTLIST3D(((1739.4999999999977,70.000000000952326,54.500000000000966),(1809.9999999999973,70.000000000952099,54.500000000000966),(1809.9999999999968,-18.999999999047901,54.500000000000966),(1761.499999999997,-18.999999999047741,54.500000000000966),(1761.499999999997,28.000000000952522,54.500000000000966),(1739.4999999999977,28.000000000952589,54.500000000000966),(1739.4999999999977,70.000000000952326,2039.499999999998),(70.500000000001165,70.000000000957741,2039.4999999999984),(70.500000000001165,70.000000000957741,54.500000000000874),(1.2182255204606919E-012,70.000000000957954,54.500000000000874),(1.2182255204606919E-012,70.000000000957954,2109.9999999999977),(1809.9999999999968,70.000000000952099,2109.9999999999977),(1809.9999999999968,-18.999999999047901,2109.9999999999977),(1.0828671292983927E-012,-18.999999999041954,2109.9999999999977),(1.0828671292983927E-012,-18.999999999042004,54.500000000000874),(48.500000000001293,-18.999999999042206,54.500000000000874),(48.500000000001293,-18.999999999042217,2061.4999999999977),(1761.499999999997,-18.999999999047731,2061.4999999999977),(1761.499999999997,28.000000000952515,2061.4999999999977),(48.500000000001293,28.000000000958096,2061.4999999999977),(48.500000000001293,28.000000000958075,54.500000000000874),(70.500000000000895,28.000000000957986,54.500000000000874),(70.500000000000753,28.000000000958014,2039.499999999998),(1739.4999999999977,28.000000000952582,2039.4999999999984)));
#2136=IFCPOLYGONALFACESET(#2135,.T.,(#2121,#2122,#2123,#2124,#2125,#2126,#2127,#2128,#2129,#2130,#2131,#2132,#2133,#2134),$);
#2137=IFCINDEXEDCOLOURMAP(#2136,1.,#2120,(1,1,1,1,1,1,1,1,1,1,1,1,1,1));
#2138=IFCSTYLEDITEM(#2136,(#1445),$);
#2139=IFCCOLOURRGBLIST(((0.83137254901960789,0.70196078431372544,0.44313725490196076)));
#2140=IFCINDEXEDPOLYGONALFACE((1,2,3,4));
#2141=IFCINDEXEDPOLYGONALFACE((5,6,7,8));
#2142=IFCINDEXEDPOLYGONALFACE((6,1,4,9,10,11,12,7));
#2143=IFCINDEXEDPOLYGONALFACE((2,1,6,5));
#2144=IFCINDEXEDPOLYGONALFACE((2,5,8,13,14,15,16,3));
#2145=IFCINDEXEDPOLYGONALFACE((14,17,18,15));
#2146=IFCINDEXEDPOLYGONALFACE((17,11,10,18));
#2147=IFCINDEXEDPOLYGONALFACE((13,12,11,17,14));
#2148=IFCINDEXEDPOLYGONALFACE((12,13,8,7));
#2149=IFCINDEXEDPOLYGONALFACE((9,16,15,18,10));
#2150=IFCINDEXEDPOLYGONALFACE((16,9,4,3));
#2151=IFCCARTESIANPOINTLIST3D(((1834.9999999999975,125.00000000096291,0.),(1834.9999999999975,125.00000000096291,38.594722141495318),(1834.9999999999975,94.999999999972104,47.270328246419623),(1834.9999999999975,94.999999999972104,0.),(-24.999999999999865,125.0000000009628,38.594722141495318),(-24.999999999999865,125.0000000009628,0.),(-24.999999999999865,94.999999999978201,0.),(-24.999999999999865,94.999999999978201,47.270328246417833),(1809.9999999999973,94.999999999972104,0.),(1809.9999999999973,-18.99999999904351,0.),(-1.3535839116229909E-013,-18.999999999043602,0.),(-1.3535839116229909E-013,94.999999999978201,0.),(-1.3535839116229909E-013,94.999999999978201,47.270328246417833),(0.,70.000000000954984,54.500000000000171),(1809.9999999999973,70.000000000955083,54.500000000000171),(1809.9999999999973,94.999999999972104,47.270328246419631),(0.,-18.999999999043602,54.500000000000171),(1809.9999999999973,-18.99999999904351,54.500000000000171)));
#2152=IFCPOLYGONALFACESET(#2151,.T.,(#2140,#2141,#2142,#2143,#2144,#2145,#2146,#2147,#2148,#2149,#2150),$);
#2153=IFCINDEXEDCOLOURMAP(#2152,1.,#2139,(1,1,1,1,1,1,1,1,1,1,1));
#2154=IFCSTYLEDITEM(#2152,(#1445),$);
#2155=IFCCOLOURRGBLIST(((0.82352941176470584,0.62352941176470589,0.37254901960784315)));
#2156=IFCINDEXEDPOLYGONALFACE((1,2,3,4));
#2157=IFCINDEXEDPOLYGONALFACE((5,6,7,8));
#2158=IFCINDEXEDPOLYGONALFACE((2,1,5,8));
#2159=IFCINDEXEDPOLYGONALFACE((3,2,8,7));
#2160=IFCINDEXEDPOLYGONALFACE((4,3,7,6));
#2161=IFCINDEXEDPOLYGONALFACE((1,4,6,5));
#2162=IFCCARTESIANPOINTLIST3D(((1758.4999999999977,-18.999999999047741,58.500000000001343),(1758.4999999999977,-18.999999999047741,2058.4999999999977),(906.49999999999841,-18.999999999044981,2058.4999999999977),(906.49999999999841,-18.999999999044981,58.500000000001322),(1758.4999999999977,25.000000000952198,58.500000000001343),(906.49999999999864,25.000000000954955,58.500000000001322),(906.49999999999864,25.000000000954955,2058.4999999999977),(1758.4999999999977,25.000000000952198,2058.4999999999977)));
#2163=IFCPOLYGONALFACESET(#2162,.T.,(#2156,#2157,#2158,#2159,#2160,#2161),$);
#2164=IFCINDEXEDCOLOURMAP(#2163,1.,#2155,(1,1,1,1,1,1));
#2165=IFCSTYLEDITEM(#2163,(#1475),$);
#2166=IFCCOLOURRGBLIST(((0.82352941176470584,0.62352941176470589,0.37254901960784315)));
#2167=IFCINDEXEDPOLYGONALFACE((1,2,3,4));
#2168=IFCINDEXEDPOLYGONALFACE((5,1,4,6));
#2169=IFCINDEXEDPOLYGONALFACE((7,5,6,8));
#2170=IFCINDEXEDPOLYGONALFACE((2,7,8,3));
#2171=IFCINDEXEDPOLYGONALFACE((3,8,6,4));
#2172=IFCINDEXEDPOLYGONALFACE((2,1,5,7));
#2173=IFCCARTESIANPOINTLIST3D(((903.49999999999818,-18.999999999044981,58.500000000000782),(51.500000000002231,-18.999999999042217,58.500000000000711),(51.500000000002231,25.000000000957723,58.500000000000711),(903.49999999999829,25.000000000954962,58.500000000000782),(903.49999999999818,-18.999999999044981,2058.4999999999977),(903.49999999999829,25.000000000954962,2058.4999999999977),(51.500000000002231,-18.999999999042217,2058.4999999999977),(51.500000000002231,25.000000000957723,2058.4999999999977)));
#2174=IFCPOLYGONALFACESET(#2173,.T.,(#2167,#2168,#2169,#2170,#2171,#2172),$);
#2175=IFCINDEXEDCOLOURMAP(#2174,1.,#2166,(1,1,1,1,1,1));
#2176=IFCSTYLEDITEM(#2174,(#1475),$);
#2177=IFCSHAPEREPRESENTATION(#26,'Body','Tessellation',(#1645,#1676,#1792,#1823,#1939,#1970,#2086,#2117,#2136,#2152,#2163,#2174));
#2178=IFCAXIS2PLACEMENT3D(#3,$,$);
#2179=IFCREPRESENTATIONMAP(#2178,#2177);
#2180=IFCDOORLININGPROPERTIES('1$O13Gb95Bae30SuPfvUgo',#18,'Doors_ExtDbl_Flush:1810x2110mm:315230',$,$,$,$,$,$,$,$,$,$,$,$,$,$);
#2181=IFCDOORPANELPROPERTIES('1$O13Gb95Bae30SuLfvUgo',#18,'Doors_ExtDbl_Flush:1810x2110mm:315230:1',$,$,.SWINGING.,$,.NOTDEFINED.,$);
#2182=IFCDOORTYPE('3Iv19d4u44o0GLkX5R7ZR7',#18,'Doors_ExtDbl_Flush:1810x2110mm',$,$,(#2180,#2181),(#2179),'179379',$,.DOOR.,.DOUBLE_DOOR_SINGLE_SWING.,$,$);
#2183=IFCMATERIALCONSTITUENT('Ironmongery',$,#1494,0.0011717097508617334,'Miscellaneous');
#2184=IFCSHAPEREPRESENTATION(#26,'Body','Tessellation',(#1645,#1676,#1792,#1823,#1939,#1970,#2086,#2117));
#2185=IFCSHAPEASPECT((#2184),'Ironmongery',$,.U.,#2179);
#2186=IFCMATERIALCONSTITUENT('Frame/Mullion',$,#1495,0.18434497253123178,'Wood');
#2187=IFCSHAPEREPRESENTATION(#26,'Body','Tessellation',(#2136));
#2188=IFCSHAPEASPECT((#2187),'Frame/Mullion',$,.U.,#2179);
#2189=IFCMATERIALCONSTITUENT('Threshold',$,#1495,0.18434497253123178,'Wood');
#2190=IFCSHAPEREPRESENTATION(#26,'Body','Tessellation',(#2152));
#2191=IFCSHAPEASPECT((#2190),'Threshold',$,.U.,#2179);
#2192=IFCMATERIALCONSTITUENT('Panel',$,#1496,0.63013834518667466,'Wood');
#2193=IFCSHAPEREPRESENTATION(#26,'Body','Tessellation',(#2163,#2174));
#2194=IFCSHAPEASPECT((#2193),'Panel',$,.U.,#2179);
#2195=IFCMATERIALCONSTITUENTSET($,$,(#2183,#2186,#2189,#2192));
#2196=IFCMAPPEDITEM(#2179,#1510);
#2197=IFCSHAPEREPRESENTATION(#26,'Body','MappedRepresentation',(#2196));
#2198=IFCPRODUCTDEFINITIONSHAPE($,$,(#2197));
#2199=IFCCARTESIANPOINT((-2405.0566128537466,-3156.2169551899642,0.));
#2200=IFCAXIS2PLACEMENT3D(#2199,#9,#8);
#2202=IFCDOOR('1$O13Gb95Bae30SuTfvUgo',#18,'Doors_ExtDbl_Flush:1810x2110mm:315230',$,'Doors_ExtDbl_Flush:1810x2110mm',#3445,#2198,'315230',2110.,1809.9999999999973,.DOOR.,$,$);
#2203=IFCMATERIALCONSTITUENT('Door - Handle',$,#1494,0.001436526118766043,'Miscellaneous');
#2204=IFCMATERIALCONSTITUENT('Door - Frame/Mullion',$,#1495,0.22600850399134895,'Wood');
#2205=IFCMATERIALCONSTITUENT('Door - Panel',$,#1496,0.77255496988988503,'Wood');
#2206=IFCMATERIALCONSTITUENTSET($,$,(#2203,#2204,#2205));
#2207=IFCPROPERTYSET('2MG9KoFUzEo8tS5lyB31FT',#18,'Pset_DoorCommon',$,(#144,#1522));
#2208=IFCPROPERTYSET('3_HLZ8EWe7Sr4XphAoNTxb',#18,'Pset_EnvironmentalImpactIndicators',$,(#1522));
#2209=IFCRELDEFINESBYPROPERTIES('1MBTi0QINrOLVF0fRNF846',#18,$,$,(#2202),#2207);
#2210=IFCRELDEFINESBYPROPERTIES('2C1VIURRkn7uEV7q$4phIU',#18,$,$,(#2202),#2208);
#2211=IFCQUANTITYLENGTH('Width','',$,1810.,$);
#2212=IFCQUANTITYLENGTH('Height','',$,2110.,$);
#2213=IFCQUANTITYAREA('Area','',$,3.8190999999999997,$);
#2214=IFCELEMENTQUANTITY('3BZ_Vq2AOIuqF$bNWbtAKD',#18,'Qto_DoorBaseQuantities',$,$,(#2211,#2212,#2213));
#2215=IFCRELDEFINESBYPROPERTIES('0Jkz2bjTS3Fu_uVgE5uHKc',#18,$,$,(#2202),#2214);
#2216=IFCCOLOURRGBLIST(((0.97647058823529409,0.97647058823529409,0.97647058823529409)));
#2217=IFCINDEXEDPOLYGONALFACE((1,2,3,4,5,6,7,8));
#2218=IFCINDEXEDPOLYGONALFACE((9,10,11,12,13,14,15,16));
#2219=IFCINDEXEDPOLYGONALFACE((2,1,9,16));
#2220=IFCINDEXEDPOLYGONALFACE((3,2,16,15));
#2221=IFCINDEXEDPOLYGONALFACE((4,3,15,14));
#2222=IFCINDEXEDPOLYGONALFACE((5,4,14,13));
#2223=IFCINDEXEDPOLYGONALFACE((6,5,13,12));
#2224=IFCINDEXEDPOLYGONALFACE((7,6,12,11));
#2225=IFCINDEXEDPOLYGONALFACE((8,7,11,10));
#2226=IFCINDEXEDPOLYGONALFACE((1,8,10,9));
#2227=IFCCARTESIANPOINTLIST3D(((-24.999999999997566,-24.999999999997108,0.),(-24.999999999997566,-1.6919798895287386E-014,0.),(1.3535839116229909E-013,-1.6919798895287386E-014,0.),(4.060751734868973E-013,157.00000000098518,0.),(1810.0000000000043,157.00000000098518,-2.7071678232459818E-013),(1810.0000000000043,-1.6919798895287386E-014,-2.7071678232459818E-013),(1835.0000000000002,-1.6919798895287386E-014,-2.7071678232459818E-013),(1835.0000000000002,-24.999999999997108,-2.7071678232459818E-013),(-24.999999999997566,-24.999999999997108,25.),(1835.0000000000002,-24.999999999997108,24.99999999999973),(1835.0000000000002,-1.6919798895287386E-014,24.99999999999973),(1810.0000000000043,-1.6919798895287386E-014,24.99999999999973),(1810.0000000000043,157.00000000098518,24.99999999999973),(4.060751734868973E-013,157.00000000098518,25.),(1.3535839116229909E-013,-1.6919798895287386E-014,25.),(-24.999999999997566,-1.6919798895287386E-014,25.)));
#2228=IFCPOLYGONALFACESET(#2227,.T.,(#2217,#2218,#2219,#2220,#2221,#2222,#2223,#2224,#2225,#2226),$);
#2229=IFCINDEXEDCOLOURMAP(#2228,1.,#2216,(1,1,1,1,1,1,1,1,1,1));
#2230=IFCCOLOURRGB($,0.97647058823529409,0.97647058823529409,0.97647058823529409);
#2231=IFCSURFACESTYLERENDERING(#2230,0.,$,$,$,$,IFCNORMALISEDRATIOMEASURE(0.5),IFCSPECULAREXPONENT(128.),.NOTDEFINED.);
#2232=IFCSURFACESTYLE('Window Frame',.BOTH.,(#2231));
#2233=IFCSTYLEDITEM(#2228,(#2232),$);
#2234=IFCCOLOURRGBLIST(((0.97647058823529409,0.97647058823529409,0.97647058823529409)));
#2235=IFCINDEXEDPOLYGONALFACEWITHVOIDS((1,2,3,4),((5,6,7,8)));
#2236=IFCINDEXEDPOLYGONALFACE((1,4,9,10,11,12,13,14));
#2237=IFCINDEXEDPOLYGONALFACEWITHVOIDS((10,9,15,16),((17,18,19,20)));
#2238=IFCINDEXEDPOLYGONALFACE((18,17,21,22));
#2239=IFCINDEXEDPOLYGONALFACEWITHVOIDS((21,27,28,22),((23,24,25,26)));
#2240=IFCINDEXEDPOLYGONALFACE((23,5,8,24));
#2241=IFCINDEXEDPOLYGONALFACE((4,3,15,9));
#2242=IFCINDEXEDPOLYGONALFACE((17,20,27,21));
#2243=IFCINDEXEDPOLYGONALFACE((6,5,23,26));
#2244=IFCINDEXEDPOLYGONALFACE((16,15,3,2,29,30,31,32));
#2245=IFCINDEXEDPOLYGONALFACE((20,19,28,27));
#2246=IFCINDEXEDPOLYGONALFACE((6,26,25,7));
#2247=IFCINDEXEDPOLYGONALFACE((29,2,1,14));
#2248=IFCINDEXEDPOLYGONALFACE((30,29,14,13));
#2249=IFCINDEXEDPOLYGONALFACE((31,30,13,12));
#2250=IFCINDEXEDPOLYGONALFACE((32,31,12,11));
#2251=IFCINDEXEDPOLYGONALFACE((16,32,11,10));
#2252=IFCINDEXEDPOLYGONALFACE((22,28,19,18));
#2253=IFCINDEXEDPOLYGONALFACE((8,7,25,24));
#2254=IFCCARTESIANPOINTLIST3D(((5.4143356464919636E-013,157.00000000095986,-1.3535839116229909E-013),(1810.0000000000011,157.0000000009598,-1.3535839116229909E-013),(1810.0000000000016,157.00000000095577,1210.0000000000134),(9.4750873813609356E-013,157.00000000096162,1210.0000000000134),(60.000000000002736,157.00000000096142,1150.0000000000111),(1749.9999999999995,157.00000000095594,1150.0000000000116),(1749.9999999999995,157.00000000095594,75.000000000001222),(60.000000000002601,157.00000000096142,75.000000000001222),(1.0828671292983927E-012,240.00000000096279,1210.0000000000134),(5.4143356464919636E-013,240.00000000096185,51.000000000001265),(6.7679195581149543E-013,255.00000000337735,49.687670047114281),(6.7679195581149543E-013,255.00000000337735,44.744967610263494),(9.4750873813609356E-013,327.50000000095997,33.808884669518932),(9.4750873813609356E-013,327.50000000095997,-1.3535839116229909E-013),(1810.0000000000016,240.00000000095676,1210.0000000000134),(1810.0000000000011,240.00000000095773,51.000000000001265),(40.000000000005663,240.00000000096267,1170.0000000000086),(40.000000000005663,240.00000000096173,63.000000000000163),(1769.9999999999973,240.00000000095798,63.000000000002466),(1769.9999999999973,240.00000000095707,1170.0000000000086),(40.000000000005528,175.00000000096338,1170.0000000000086),(40.000000000005528,175.00000000096338,63.000000000000163),(60.000000000002736,175.00000000096333,1150.0000000000111),(60.000000000002736,175.00000000096333,75.000000000001222),(1749.9999999999995,175.00000000095787,75.000000000001222),(1750.0000000000002,175.00000000095787,1150.0000000000116),(1769.9999999999973,175.00000000095764,1170.0000000000086),(1769.9999999999973,175.00000000095764,63.000000000002466),(1810.0000000000016,327.50000000095991,-1.3535839116229909E-013),(1810.0000000000016,327.50000000095997,33.808884669518932),(1810.0000000000016,255.00000000337729,44.744967610263494),(1810.0000000000016,255.00000000337729,49.687670047114281)));
#2255=IFCPOLYGONALFACESET(#2254,.T.,(#2235,#2236,#2237,#2238,#2239,#2240,#2241,#2242,#2243,#2244,#2245,#2246,#2247,#2248,#2249,#2250,#2251,#2252,#2253),$);
#2256=IFCINDEXEDCOLOURMAP(#2255,1.,#2234,(1,1,1,1,1,1,1,1,1,1,1,1,1,1,1,1,1,1,1));
#2257=IFCSTYLEDITEM(#2255,(#2232),$);
#2258=IFCCOLOURRGBLIST(((0.,0.50196078431372548,0.75294117647058822)));
#2259=IFCINDEXEDPOLYGONALFACE((1,2,3,4));
#2260=IFCINDEXEDPOLYGONALFACE((5,6,7,8));
#2261=IFCINDEXEDPOLYGONALFACE((2,1,5,8));
#2262=IFCINDEXEDPOLYGONALFACE((3,2,8,7));
#2263=IFCINDEXEDPOLYGONALFACE((4,3,7,6));
#2264=IFCINDEXEDPOLYGONALFACE((1,4,6,5));
#2265=IFCCARTESIANPOINTLIST3D(((69.999999999999247,204.00000000095872,93.00000000001026),(1739.9999999999932,204.00000000095324,93.000000000010132),(1739.9999999999936,204.00000000095338,1140.000000000013),(69.999999999999389,204.00000000095881,1140.0000000000134),(69.999999999999389,228.00000000095869,93.00000000001026),(69.999999999999659,228.00000000095883,1140.0000000000134),(1739.9999999999936,228.00000000095335,1140.000000000013),(1739.9999999999936,228.00000000095326,93.000000000010132)));
#2266=IFCPOLYGONALFACESET(#2265,.T.,(#2259,#2260,#2261,#2262,#2263,#2264),$);
#2267=IFCINDEXEDCOLOURMAP(#2266,0.10000000000000001,#2258,(1,1,1,1,1,1));
#2268=IFCCOLOURRGB($,0.,0.50196078431372548,0.75294117647058822);
#2269=IFCSURFACESTYLERENDERING(#2268,0.90000000000000002,$,$,$,$,IFCNORMALISEDRATIOMEASURE(0.5),IFCSPECULAREXPONENT(12.),.NOTDEFINED.);
#2270=IFCSURFACESTYLE('Glass',.BOTH.,(#2269));
#2271=IFCSTYLEDITEM(#2266,(#2270),$);
#2272=IFCCOLOURRGBLIST(((0.97647058823529409,0.97647058823529409,0.97647058823529409)));
#2273=IFCINDEXEDPOLYGONALFACE((1,2,3,4));
#2274=IFCINDEXEDPOLYGONALFACE((5,6,7,8));
#2275=IFCINDEXEDPOLYGONALFACE((9,10,11,12));
#2276=IFCINDEXEDPOLYGONALFACE((13,9,12,14));
#2277=IFCINDEXEDPOLYGONALFACE((15,16,17,18));
#2278=IFCINDEXEDPOLYGONALFACE((19,20,21,22));
#2279=IFCINDEXEDPOLYGONALFACE((23,19,22,24));
#2280=IFCINDEXEDPOLYGONALFACE((2,25,26,3));
#2281=IFCINDEXEDPOLYGONALFACE((4,3,27,28));
#2282=IFCINDEXEDPOLYGONALFACE((8,7,29,30));
#2283=IFCINDEXEDPOLYGONALFACE((12,11,31,32));
#2284=IFCINDEXEDPOLYGONALFACE((14,12,32,33));
#2285=IFCINDEXEDPOLYGONALFACE((18,17,34,35));
#2286=IFCINDEXEDPOLYGONALFACE((22,21,36,37));
#2287=IFCINDEXEDPOLYGONALFACE((24,22,37,38));
#2288=IFCINDEXEDPOLYGONALFACE((3,26,39,27));
#2289=IFCINDEXEDPOLYGONALFACE((28,27,40,41));
#2290=IFCINDEXEDPOLYGONALFACE((30,29,42,43));
#2291=IFCINDEXEDPOLYGONALFACE((32,31,44,45));
#2292=IFCINDEXEDPOLYGONALFACE((33,32,45,46));
#2293=IFCINDEXEDPOLYGONALFACE((35,34,47,48));
#2294=IFCINDEXEDPOLYGONALFACE((37,36,49,50));
#2295=IFCINDEXEDPOLYGONALFACE((38,37,50,51));
#2296=IFCINDEXEDPOLYGONALFACE((27,39,52,40));
#2297=IFCINDEXEDPOLYGONALFACE((41,40,2,1));
#2298=IFCINDEXEDPOLYGONALFACEWITHVOIDS((4,28,41,1),((6,42,29,7)));
#2299=IFCINDEXEDPOLYGONALFACE((43,42,6,5));
#2300=IFCINDEXEDPOLYGONALFACEWITHVOIDS((8,30,43,5),((10,44,31,11)));
#2301=IFCINDEXEDPOLYGONALFACE((45,44,10,9));
#2302=IFCINDEXEDPOLYGONALFACE((46,45,9,13));
#2303=IFCINDEXEDPOLYGONALFACEWITHVOIDS((16,47,34,17),((14,33,46,13)));
#2304=IFCINDEXEDPOLYGONALFACE((48,47,16,15));
#2305=IFCINDEXEDPOLYGONALFACEWITHVOIDS((18,35,48,15),((20,49,36,21)));
#2306=IFCINDEXEDPOLYGONALFACE((50,49,20,19));
#2307=IFCINDEXEDPOLYGONALFACE((51,50,19,23));
#2308=IFCINDEXEDPOLYGONALFACEWITHVOIDS((25,52,39,26),((24,38,51,23)));
#2309=IFCINDEXEDPOLYGONALFACE((40,52,25,2));
#2310=IFCCARTESIANPOINTLIST3D(((30.000000000000625,240.00000000096347,1180.0000000000086),(30.00000000000076,245.77350269285472,1180.0000000000086),(30.00000000000076,245.77350269285472,53.000000000006764),(30.00000000000076,240.00000000096341,53.000000000006764),(40.000000000002821,175.0000000009627,1170.0000000000061),(40.000000000003226,240.00000000096347,1170.0000000000066),(40.000000000003226,240.00000000096347,63.00000000000923),(40.000000000002956,175.00000000096284,63.00000000000923),(79.999999999991417,189.49289985000593,1130.000000000018),(69.851962275172141,175.00000000096261,1140.1480377248372),(69.851962275172141,175.00000000096264,92.85196227517855),(79.999999999991417,189.49289985000598,102.99999999999784),(79.999999999991559,204.00000000095881,1130.0000000000177),(79.999999999991559,204.00000000095872,102.99999999999797),(70.000000000003709,228.00000000095883,1140.0000000000057),(70.000000000003709,204.00000000095881,1140.0000000000057),(70.000000000003709,204.00000000095881,93.00000000000999),(70.000000000003709,228.00000000095875,93.00000000000999),(79.999999999991701,245.77350269285463,1130.0000000000177),(79.999999999991559,228.00000000095878,1130.0000000000177),(79.999999999991559,228.00000000095878,102.9999999999977),(79.999999999991701,245.77350269285463,102.99999999999784),(62.554245195483084,251.5470053847468,1147.4457548045266),(62.554245195483084,251.54700538474691,85.554245195489088),(40.784609690827274,251.54700538474688,1169.2153903091826),(40.784609690827274,251.54700538474691,63.784609690833278),(1779.999999999995,245.77350269284901,53.000000000007169),(1779.999999999995,240.00000000095764,53.000000000007169),(1769.999999999993,240.00000000095778,63.0000000000095),(1769.9999999999923,175.00000000095716,63.000000000009365),(1740.1480377248231,175.00000000095719,92.851962275178693),(1730.0000000000041,189.49289985000053,102.99999999999784),(1730.0000000000041,204.00000000095332,102.99999999999797),(1739.999999999992,204.00000000095338,93.000000000010132),(1739.999999999992,228.00000000095326,93.000000000010132),(1730.0000000000041,228.00000000095338,102.99999999999797),(1730.0000000000041,245.77350269284921,102.99999999999797),(1747.4457548045132,251.54700538474137,85.55424519548923),(1769.2153903091689,251.54700538474123,63.784609690833413),(1779.9999999999952,245.77350269284895,1180.0000000000082),(1779.999999999995,240.00000000095775,1180.0000000000086),(1769.999999999993,240.00000000095778,1170.0000000000061),(1769.9999999999923,175.00000000095702,1170.0000000000061),(1740.1480377248231,175.00000000095716,1140.1480377248367),(1730.0000000000041,189.4928998500005,1130.0000000000177),(1730.0000000000041,204.00000000095338,1130.0000000000177),(1739.999999999992,204.00000000095338,1140.0000000000055),(1739.999999999992,228.00000000095335,1140.0000000000055),(1730.0000000000041,228.00000000095338,1130.0000000000175),(1730.0000000000041,245.77350269284923,1130.0000000000175),(1747.4457548045132,251.54700538474128,1147.4457548045266),(1769.2153903091689,251.54700538474117,1169.2153903091826)));
#2311=IFCPOLYGONALFACESET(#2310,.T.,(#2273,#2274,#2275,#2276,#2277,#2278,#2279,#2280,#2281,#2282,#2283,#2284,#2285,#2286,#2287,#2288,#2289,#2290,#2291,#2292,#2293,#2294,#2295,#2296,#2297,#2298,#2299,#2300,#2301,#2302,#2303,#2304,#2305,#2306,#2307,#2308,#2309),$);
#2312=IFCINDEXEDCOLOURMAP(#2311,1.,#2272,(1,1,1,1,1,1,1,1,1,1,1,1,1,1,1,1,1,1,1,1,1,1,1,1,1,1,1,1,1,1,1,1,1,1,1,1,1));
#2313=IFCSTYLEDITEM(#2311,(#2232),$);
#2314=IFCSHAPEREPRESENTATION(#26,'Body','Tessellation',(#2228,#2255,#2266,#2311));
#2315=IFCAXIS2PLACEMENT3D(#3,$,$);
#2316=IFCREPRESENTATIONMAP(#2315,#2314);
#2317=IFCWINDOWLININGPROPERTIES('1$O13Gb95Bae30SuPfvVMi',#18,'Windows_Sgl_Plain:1810x1210mm:315456',$,$,$,$,$,$,$,$,$,$,$,$,$);
#2318=IFCWINDOWTYPE('0c32QKfOa4auFRJKqLCNdd',#18,'Windows_Sgl_Plain:1810x1210mm',$,$,(#2317,#2352,#2354),(#2316),'248058',$,.WINDOW.,.NOTDEFINED.,$,$);
#2319=IFCMATERIAL('Window Frame',$,'Miscellaneous');
#2320=IFCMATERIAL('Glass',$,'Glass');
#2321=IFCMATERIALCONSTITUENT('Trim',$,#2319,0.36235838472242543,'Miscellaneous');
#2322=IFCSHAPEREPRESENTATION(#26,'Body','Tessellation',(#2228));
#2323=IFCSHAPEASPECT((#2322),'Trim',$,.U.,#2316);
#2324=IFCMATERIALCONSTITUENT('Frame/Mullion',$,#2319,0.36235838472242543,'Miscellaneous');
#2325=IFCSHAPEREPRESENTATION(#26,'Body','Tessellation',(#2255,#2311));
#2326=IFCSHAPEASPECT((#2325),'Frame/Mullion',$,.U.,#2316);
#2327=IFCMATERIALCONSTITUENT('Glass',$,#2320,0.27528323055514919,'Glass');
#2328=IFCSHAPEREPRESENTATION(#26,'Body','Tessellation',(#2266));
#2329=IFCSHAPEASPECT((#2328),'Glass',$,.U.,#2316);
#2330=IFCMATERIALCONSTITUENTSET($,$,(#2321,#2324,#2327));
#2331=IFCMAPPEDITEM(#2316,#1510);
#2332=IFCSHAPEREPRESENTATION(#26,'Body','MappedRepresentation',(#2331));
#2333=IFCPRODUCTDEFINITIONSHAPE($,$,(#2332));
#2334=IFCCARTESIANPOINT((-8357.5566128537394,657.53304481005853,1764.4846705194173));
#2335=IFCAXIS2PLACEMENT3D(#2334,#9,#7);
#2337=IFCWINDOW('1$O13Gb95Bae30SuTfvVMi',#18,'Windows_Sgl_Plain:1810x1210mm:315456',$,'Windows_Sgl_Plain:1810x1210mm',#3424,#2333,'315456',1210.0000000000016,1810.0000000000018,.WINDOW.,.NOTDEFINED.,$);
#2338=IFCMATERIALCONSTITUENT('Window Frame',$,#2319,0.56625988234308811,'Miscellaneous');
#2339=IFCMATERIALCONSTITUENT('Glass',$,#2320,0.43374011765691189,'Glass');
#2340=IFCMATERIALCONSTITUENTSET($,$,(#2338,#2339));
#2341=IFCPROPERTYSINGLEVALUE('Reference',$,IFCIDENTIFIER('1810x1210mm'),$);
#2342=IFCPROPERTYSET('3Y3PyeeHpZlFzLzy$QnAwA',#18,'Pset_EnvironmentalImpactIndicators',$,(#2341));
#2343=IFCPROPERTYSET('3tdi19AbxOATzALpc2mc4B',#18,'Pset_WindowCommon',$,(#144,#2341));
#2344=IFCRELDEFINESBYPROPERTIES('1o37VMzjnPDgpwr3U33hq1',#18,$,$,(#2337),#2342);
#2345=IFCRELDEFINESBYPROPERTIES('294ISROcvIJKte5e50zGJP',#18,$,$,(#2337),#2343);
#2346=IFCQUANTITYLENGTH('Width','',$,1810.,$);
#2347=IFCQUANTITYLENGTH('Height','',$,1210.,$);
#2348=IFCQUANTITYAREA('Area','',$,2.1900999999999997,$);
#2349=IFCELEMENTQUANTITY('3gRZe99j0jjbi4OlviIYUo',#18,'Qto_WindowBaseQuantities',$,$,(#2346,#2347,#2348));
#2350=IFCRELDEFINESBYPROPERTIES('1C02F74XAudoB67xPTWT5j',#18,$,$,(#2337),#2349);
#2351=IFCPROPERTYSINGLEVALUE('Manufacturer',$,IFCLABEL('Revit'),$);
#2352=IFCPROPERTYSET('0CvfB5N0wpUfftDCjynV5J',#18,'Pset_ManufacturerTypeInformation',$,(#2351));
#2353=IFCPROPERTYSINGLEVALUE('ThermalTransmittance',$,IFCTHERMALTRANSMITTANCEMEASURE(5.5617000000000001),$);
#2354=IFCPROPERTYSET('1yBtYXMaQOcYAXIacEACDw',#18,'Pset_WindowCommon',$,(#2353));
#2355=IFCCOLOURRGBLIST(((0.97647058823529409,0.97647058823529409,0.97647058823529409)));
#2356=IFCINDEXEDPOLYGONALFACEWITHVOIDS((1,2,3,4),((5,6,7,8)));
#2357=IFCINDEXEDPOLYGONALFACE((1,4,9,10,11,12,13,14));
#2358=IFCINDEXEDPOLYGONALFACEWITHVOIDS((10,9,15,16),((17,18,19,20)));
#2359=IFCINDEXEDPOLYGONALFACE((18,17,21,22));
#2360=IFCINDEXEDPOLYGONALFACEWITHVOIDS((21,27,28,22),((23,24,25,26)));
#2361=IFCINDEXEDPOLYGONALFACE((23,5,8,24));
#2362=IFCINDEXEDPOLYGONALFACE((4,3,15,9));
#2363=IFCINDEXEDPOLYGONALFACE((17,20,27,21));
#2364=IFCINDEXEDPOLYGONALFACE((6,5,23,26));
#2365=IFCINDEXEDPOLYGONALFACE((16,15,3,2,29,30,31,32));
#2366=IFCINDEXEDPOLYGONALFACE((20,19,28,27));
#2367=IFCINDEXEDPOLYGONALFACE((6,26,25,7));
#2368=IFCINDEXEDPOLYGONALFACE((29,2,1,14));
#2369=IFCINDEXEDPOLYGONALFACE((30,29,14,13));
#2370=IFCINDEXEDPOLYGONALFACE((31,30,13,12));
#2371=IFCINDEXEDPOLYGONALFACE((32,31,12,11));
#2372=IFCINDEXEDPOLYGONALFACE((16,32,11,10));
#2373=IFCINDEXEDPOLYGONALFACE((22,28,19,18));
#2374=IFCINDEXEDPOLYGONALFACE((8,7,25,24));
#2375=IFCCARTESIANPOINTLIST3D(((4.060751734868973E-013,-37.999999999040043,-1.3535839116229909E-013),(1810.0000000000011,-37.999999999040099,-1.3535839116229909E-013),(1810.0000000000016,-37.999999999044171,1210.0000000000134),(5.4143356464919636E-013,-37.999999999038323,1210.0000000000134),(60.000000000002466,-37.999999999038508,1150.0000000000116),(1750.0000000000002,-37.999999999044157,1150.0000000000118),(1749.9999999999995,-37.999999999044157,75.000000000001222),(60.000000000002466,-37.999999999038522,75.000000000001222),(9.4750873813609356E-013,45.000000000962842,1210.0000000000134),(5.4143356464919636E-013,45.000000000961869,51.000000000001265),(5.4143356464919636E-013,60.000000003377373,49.687670047114281),(5.4143356464919636E-013,60.000000003377373,44.744967610263494),(6.7679195581149543E-013,132.50000000095997,33.808884669518932),(6.7679195581149543E-013,132.50000000095997,-1.3535839116229909E-013),(1810.0000000000016,45.000000000956973,1210.0000000000134),(1810.0000000000005,45.00000000095794,51.000000000001265),(40.000000000005528,45.000000000962707,1170.0000000000086),(40.000000000005393,45.000000000961784,63.000000000000163),(1769.9999999999973,45.000000000958046,63.000000000002466),(1769.9999999999973,45.000000000957122,1170.0000000000086),(40.000000000005116,-19.999999999036532,1170.0000000000086),(40.000000000005116,-19.999999999036532,63.000000000000163),(60.000000000002466,-19.9999999990366,1150.0000000000116),(60.000000000002466,-19.9999999990366,75.000000000001222),(1749.9999999999995,-19.999999999042075,75.000000000001222),(1749.9999999999995,-19.999999999042075,1150.0000000000118),(1769.9999999999966,-19.999999999042309,1170.0000000000086),(1769.9999999999973,-19.999999999042309,63.000000000002466),(1810.0000000000016,132.50000000095991,-1.3535839116229909E-013),(1810.0000000000016,132.50000000095991,33.808884669518932),(1810.0000000000011,60.000000003377323,44.744967610263494),(1810.0000000000011,60.000000003377323,49.687670047114281)));
#2376=IFCPOLYGONALFACESET(#2375,.T.,(#2356,#2357,#2358,#2359,#2360,#2361,#2362,#2363,#2364,#2365,#2366,#2367,#2368,#2369,#2370,#2371,#2372,#2373,#2374),$);
#2377=IFCINDEXEDCOLOURMAP(#2376,1.,#2355,(1,1,1,1,1,1,1,1,1,1,1,1,1,1,1,1,1,1,1));
#2378=IFCSTYLEDITEM(#2376,(#2232),$);
#2379=IFCCOLOURRGBLIST(((0.,0.50196078431372548,0.75294117647058822)));
#2380=IFCINDEXEDPOLYGONALFACE((1,2,3,4));
#2381=IFCINDEXEDPOLYGONALFACE((5,6,7,8));
#2382=IFCINDEXEDPOLYGONALFACE((2,1,5,8));
#2383=IFCINDEXEDPOLYGONALFACE((3,2,8,7));
#2384=IFCINDEXEDPOLYGONALFACE((4,3,7,6));
#2385=IFCINDEXEDPOLYGONALFACE((1,4,6,5));
#2386=IFCCARTESIANPOINTLIST3D(((69.999999999998835,9.0000000009588934,93.00000000001026),(1739.9999999999932,9.0000000009534276,93.000000000010132),(1739.9999999999932,9.0000000009534151,1140.000000000013),(69.999999999999105,9.000000000958881,1140.0000000000134),(69.999999999999105,33.000000000958885,93.00000000001026),(69.999999999999247,33.00000000095887,1140.0000000000134),(1739.9999999999932,33.000000000953406,1140.000000000013),(1739.9999999999932,33.00000000095342,93.000000000010132)));
#2387=IFCPOLYGONALFACESET(#2386,.T.,(#2380,#2381,#2382,#2383,#2384,#2385),$);
#2388=IFCINDEXEDCOLOURMAP(#2387,0.10000000000000001,#2379,(1,1,1,1,1,1));
#2389=IFCSTYLEDITEM(#2387,(#2270),$);
#2390=IFCCOLOURRGBLIST(((0.97647058823529409,0.97647058823529409,0.97647058823529409)));
#2391=IFCINDEXEDPOLYGONALFACE((1,2,3,4));
#2392=IFCINDEXEDPOLYGONALFACE((5,6,7,8));
#2393=IFCINDEXEDPOLYGONALFACE((9,10,11,12));
#2394=IFCINDEXEDPOLYGONALFACE((13,9,12,14));
#2395=IFCINDEXEDPOLYGONALFACE((15,16,17,18));
#2396=IFCINDEXEDPOLYGONALFACE((19,20,21,22));
#2397=IFCINDEXEDPOLYGONALFACE((23,19,22,24));
#2398=IFCINDEXEDPOLYGONALFACE((2,25,26,3));
#2399=IFCINDEXEDPOLYGONALFACE((4,3,27,28));
#2400=IFCINDEXEDPOLYGONALFACE((8,7,29,30));
#2401=IFCINDEXEDPOLYGONALFACE((12,11,31,32));
#2402=IFCINDEXEDPOLYGONALFACE((14,12,32,33));
#2403=IFCINDEXEDPOLYGONALFACE((18,17,34,35));
#2404=IFCINDEXEDPOLYGONALFACE((22,21,36,37));
#2405=IFCINDEXEDPOLYGONALFACE((24,22,37,38));
#2406=IFCINDEXEDPOLYGONALFACE((3,26,39,27));
#2407=IFCINDEXEDPOLYGONALFACE((28,27,40,41));
#2408=IFCINDEXEDPOLYGONALFACE((30,29,42,43));
#2409=IFCINDEXEDPOLYGONALFACE((32,31,44,45));
#2410=IFCINDEXEDPOLYGONALFACE((33,32,45,46));
#2411=IFCINDEXEDPOLYGONALFACE((35,34,47,48));
#2412=IFCINDEXEDPOLYGONALFACE((37,36,49,50));
#2413=IFCINDEXEDPOLYGONALFACE((38,37,50,51));
#2414=IFCINDEXEDPOLYGONALFACE((27,39,52,40));
#2415=IFCINDEXEDPOLYGONALFACE((41,40,2,1));
#2416=IFCINDEXEDPOLYGONALFACEWITHVOIDS((4,28,41,1),((6,42,29,7)));
#2417=IFCINDEXEDPOLYGONALFACE((43,42,6,5));
#2418=IFCINDEXEDPOLYGONALFACEWITHVOIDS((8,30,43,5),((10,44,31,11)));
#2419=IFCINDEXEDPOLYGONALFACE((45,44,10,9));
#2420=IFCINDEXEDPOLYGONALFACE((46,45,9,13));
#2421=IFCINDEXEDPOLYGONALFACEWITHVOIDS((16,47,34,17),((14,33,46,13)));
#2422=IFCINDEXEDPOLYGONALFACE((48,47,16,15));
#2423=IFCINDEXEDPOLYGONALFACEWITHVOIDS((18,35,48,15),((20,49,36,21)));
#2424=IFCINDEXEDPOLYGONALFACE((50,49,20,19));
#2425=IFCINDEXEDPOLYGONALFACE((51,50,19,23));
#2426=IFCINDEXEDPOLYGONALFACEWITHVOIDS((25,52,39,26),((24,38,51,23)));
#2427=IFCINDEXEDPOLYGONALFACE((40,52,25,2));
#2428=IFCCARTESIANPOINTLIST3D(((30.000000000000355,45.000000000963539,1180.0000000000086),(30.000000000000355,50.773502692854905,1180.0000000000089),(30.00000000000049,50.773502692854905,53.000000000006764),(30.000000000000355,45.000000000963546,53.000000000006764),(40.000000000002409,-19.999999999037236,1170.0000000000066),(40.000000000002686,45.000000000963503,1170.0000000000066),(40.000000000002686,45.000000000963503,63.00000000000923),(40.000000000002409,-19.999999999037097,63.00000000000923),(79.999999999991147,-5.5071001499940282,1130.0000000000177),(69.851962275172014,-19.999999999037378,1140.1480377248367),(69.851962275171743,-19.999999999037335,92.85196227517855),(79.999999999991147,-5.5071001499940113,102.99999999999784),(79.999999999991417,9.0000000009588454,1130.0000000000175),(79.999999999991147,9.000000000959071,102.99999999999797),(70.000000000003581,33.00000000095887,1140.0000000000055),(70.000000000003439,9.0000000009588632,1140.0000000000055),(70.000000000003439,9.0000000009588632,93.00000000000999),(70.000000000003581,33.000000000958877,93.00000000000999),(79.999999999991289,50.773502692854699,1130.0000000000177),(79.999999999991417,33.000000000958856,1130.0000000000177),(79.999999999991417,33.000000000958856,102.99999999999797),(79.999999999991289,50.773502692854692,102.99999999999784),(62.554245195482544,56.547005384746839,1147.4457548045266),(62.554245195482679,56.547005384746896,85.554245195489088),(40.784609690826734,56.547005384746953,1169.2153903091826),(40.784609690826734,56.547005384746946,63.784609690833278),(1779.999999999995,50.773502692849142,53.000000000007034),(1779.999999999995,45.000000000957797,53.000000000007169),(1769.9999999999923,45.000000000957812,63.00000000000923),(1769.9999999999923,-19.999999999042785,63.000000000009365),(1740.1480377248231,-19.99999999904276,92.851962275178693),(1730.0000000000036,-5.5071001499994088,102.99999999999784),(1730.0000000000036,9.0000000009536389,102.99999999999797),(1739.9999999999916,9.0000000009533974,93.00000000000999),(1739.9999999999916,33.000000000953413,93.000000000010132),(1730.0000000000036,33.000000000953428,102.99999999999797),(1730.0000000000039,50.773502692849284,102.99999999999797),(1747.4457548045125,56.547005384741354,85.554245195489088),(1769.2153903091685,56.547005384741247,63.784609690833278),(1779.999999999995,50.7735026928491,1180.0000000000089),(1779.999999999995,45.000000000957783,1180.0000000000086),(1769.9999999999923,45.000000000957805,1170.0000000000061),(1769.9999999999923,-19.99999999904292,1170.0000000000061),(1740.1480377248231,-19.999999999042828,1140.1480377248367),(1730.0000000000036,-5.5071001499994505,1130.0000000000177),(1730.0000000000036,9.0000000009534151,1130.0000000000175),(1739.9999999999916,9.0000000009533974,1140.0000000000055),(1739.9999999999916,33.000000000953406,1140.0000000000055),(1730.0000000000036,33.000000000953428,1130.0000000000175),(1730.0000000000039,50.773502692849291,1130.0000000000177),(1747.4457548045125,56.547005384741318,1147.4457548045266),(1769.2153903091685,56.547005384741176,1169.2153903091826)));
#2429=IFCPOLYGONALFACESET(#2428,.T.,(#2391,#2392,#2393,#2394,#2395,#2396,#2397,#2398,#2399,#2400,#2401,#2402,#2403,#2404,#2405,#2406,#2407,#2408,#2409,#2410,#2411,#2412,#2413,#2414,#2415,#2416,#2417,#2418,#2419,#2420,#2421,#2422,#2423,#2424,#2425,#2426,#2427),$);
#2430=IFCINDEXEDCOLOURMAP(#2429,1.,#2390,(1,1,1,1,1,1,1,1,1,1,1,1,1,1,1,1,1,1,1,1,1,1,1,1,1,1,1,1,1,1,1,1,1,1,1,1,1));
#2431=IFCSTYLEDITEM(#2429,(#2232),$);
#2432=IFCSHAPEREPRESENTATION(#26,'Body','Tessellation',(#2376,#2387,#2429));
#2433=IFCAXIS2PLACEMENT3D(#3,$,$);
#2434=IFCREPRESENTATIONMAP(#2433,#2432);
#2435=IFCWINDOWLININGPROPERTIES('1$O13Gb95Bae30SuPfvVLl',#18,'Windows_Sgl_Plain:1810x1210mm:315523',$,$,$,$,$,$,$,$,$,$,$,$,$);
#2436=IFCWINDOWTYPE('04iADZWnVsZ4Tpa$9VmwmO',#18,'Windows_Sgl_Plain:1810x1210mm',$,$,(#2435,#2464,#2466),(#2434),'248058',$,.WINDOW.,.NOTDEFINED.,$,$);
#2437=IFCMATERIALCONSTITUENT('Frame/Mullion',$,#2319,0.56827907093969332,'Miscellaneous');
#2438=IFCSHAPEREPRESENTATION(#26,'Body','Tessellation',(#2376,#2429));
#2439=IFCSHAPEASPECT((#2438),'Frame/Mullion',$,.U.,#2434);
#2440=IFCMATERIALCONSTITUENT('Glass',$,#2320,0.43172092906030679,'Glass');
#2441=IFCSHAPEREPRESENTATION(#26,'Body','Tessellation',(#2387));
#2442=IFCSHAPEASPECT((#2441),'Glass',$,.U.,#2434);
#2443=IFCMATERIALCONSTITUENTSET($,$,(#2437,#2440));
#2444=IFCMAPPEDITEM(#2434,#1510);
#2445=IFCSHAPEREPRESENTATION(#26,'Body','MappedRepresentation',(#2444));
#2446=IFCPRODUCTDEFINITIONSHAPE($,$,(#2445));
#2447=IFCCARTESIANPOINT((-2310.0566128537494,-5242.4669551899551,900.));
#2448=IFCAXIS2PLACEMENT3D(#2447,#9,#7);
#2450=IFCWINDOW('1$O13Gb95Bae30SuTfvVLl',#18,'Windows_Sgl_Plain:1810x1210mm:315523',$,'Windows_Sgl_Plain:1810x1210mm',#3465,#2446,'315523',1210.0000000000011,1810.0000000000023,.WINDOW.,.NOTDEFINED.,$);
#2451=IFCMATERIALCONSTITUENT('Window Frame',$,#2319,0.52573609013381062,'Miscellaneous');
#2452=IFCMATERIALCONSTITUENT('Glass',$,#2320,0.47426390986618933,'Glass');
#2453=IFCMATERIALCONSTITUENTSET($,$,(#2451,#2452));
#2454=IFCPROPERTYSET('3MA$7ltwwC5URjhOp$_yRp',#18,'Pset_EnvironmentalImpactIndicators',$,(#2341));
#2455=IFCPROPERTYSET('2X0AdU4VzZEhNtr7_idzw9',#18,'Pset_WindowCommon',$,(#638,#2341));
#2456=IFCRELDEFINESBYPROPERTIES('1EOr_WM_NPl57Vpx3fOZd1',#18,$,$,(#2450),#2454);
#2457=IFCRELDEFINESBYPROPERTIES('3GYPsevL1qVl66XDiEFTLS',#18,$,$,(#2450),#2455);
#2458=IFCQUANTITYLENGTH('Width','',$,1810.,$);
#2459=IFCQUANTITYLENGTH('Height','',$,1210.,$);
#2460=IFCQUANTITYAREA('Area','',$,2.1900999999999997,$);
#2461=IFCELEMENTQUANTITY('3XuQ8ELPerNVZaURtmlZzV',#18,'Qto_WindowBaseQuantities',$,$,(#2458,#2459,#2460));
#2462=IFCRELDEFINESBYPROPERTIES('0dtPKEsuvEIM$0vNhxVArr',#18,$,$,(#2450),#2461);
#2463=IFCPROPERTYSINGLEVALUE('Manufacturer',$,IFCLABEL('Revit'),$);
#2464=IFCPROPERTYSET('3qwVGCeFlp2nmG_HJPe9Cx',#18,'Pset_ManufacturerTypeInformation',$,(#2463));
#2465=IFCPROPERTYSINGLEVALUE('ThermalTransmittance',$,IFCTHERMALTRANSMITTANCEMEASURE(5.5617000000000001),$);
#2466=IFCPROPERTYSET('2CNC9HmRD4nbClCoT0AEmn',#18,'Pset_WindowCommon',$,(#2465));
#2467=IFCAXIS2PLACEMENT3D(#3,$,$);
#2469=IFCCARTESIANPOINTLIST2D(((-152.64999999999998,-153.94999999999999),(152.64999999999998,-153.94999999999999),(152.64999999999998,-138.54999999999998),(20.15000000000019,-138.54999999999998),(9.4019769259646075,-134.09802307403564),(4.9499999999999913,-123.35000000000002),(4.9499999999999833,123.34999999999982),(9.4019769259643322,134.09802307403541),(20.149999999999952,138.54999999999998),(152.64999999999998,138.54999999999998),(152.64999999999998,153.94999999999999),(-152.64999999999998,153.94999999999999),(-152.64999999999998,138.54999999999998),(-20.150000000000059,138.55000000000001),(-9.4019769259645258,134.09802307403555),(-4.950000000000025,123.35000000000005),(-4.9500000000000171,-123.34999999999985),(-9.4019769259643873,-134.09802307403538),(-20.150000000000055,-138.54999999999998),(-152.64999999999998,-138.54999999999998)));
#2470=IFCINDEXEDPOLYCURVE(#2469,(IFCLINEINDEX((1,2,3,4)),IFCARCINDEX((4,5,6)),IFCLINEINDEX((6,7)),IFCARCINDEX((7,8,9)),IFCLINEINDEX((9,10,11,12,13,14)),IFCARCINDEX((14,15,16)),IFCLINEINDEX((16,17)),IFCARCINDEX((17,18,19)),IFCLINEINDEX((19,20,1))),.F.);
#2471=IFCARBITRARYCLOSEDPROFILEDEF(.AREA.,'UC305x305x97',#2470);
#2472=IFCAXIS2PLACEMENT3D(#3,#9,#6);
#2473=IFCEXTRUDEDAREASOLID(#2471,#2472,#9,3999.9999999999991);
#2474=IFCCOLOURRGB($,0.96862745098039216,0.96862745098039216,0.96862745098039216);
#2475=IFCSURFACESTYLERENDERING(#2474,0.,$,$,$,$,IFCNORMALISEDRATIOMEASURE(0.5),IFCSPECULAREXPONENT(128.),.NOTDEFINED.);
#2476=IFCSURFACESTYLE('Metal - Steel 43-275',.BOTH.,(#2475));
#2477=IFCSTYLEDITEM(#2473,(#2476),$);
#2478=IFCSHAPEREPRESENTATION(#26,'Body','SweptSolid',(#2473));
#2479=IFCAXIS2PLACEMENT3D(#3,$,$);
#2480=IFCREPRESENTATIONMAP(#2479,#2478);
#2481=IFCCOLUMNTYPE('1$O13Gb95Bae30SuTfvVmD',#18,'UC-Universal Columns-Column:UC305x305x97',$,$,(#2505),(#2480),'12190',$,.COLUMN.);
#2482=IFCMATERIAL('Metal - Steel 43-275',$,'Metal');
#2483=IFCMAPPEDITEM(#2480,#1510);
#2484=IFCSHAPEREPRESENTATION(#26,'Body','MappedRepresentation',(#2483));
#2485=IFCPRODUCTDEFINITIONSHAPE($,$,(#2484));
#2486=IFCCARTESIANPOINT((-8193.2136268886516,4506.9162705878089,0.));
#2487=IFCAXIS2PLACEMENT3D(#2486,#9,#8);
#2488=IFCLOCALPLACEMENT(#36,#2487);
#2489=IFCCOLUMN('1$O13Gb95Bae30SuTfvVmp',#18,'UC-Universal Columns-Column:UC305x305x97:317919',$,'UC-Universal Columns-Column:UC305x305x97',#2488,#2485,'317919',.COLUMN.);
#2490=IFCQUANTITYLENGTH('Length',$,$,3999.9999999999991,$);
#2491=IFCQUANTITYAREA('CrossSectionArea',$,$,0.012345028043415611,$);
#2492=IFCQUANTITYAREA('OuterSurfaceArea',$,$,7.1644176666765178,$);
#2493=IFCQUANTITYVOLUME('GrossVolume',$,$,0.049380112173662435,$);
#2494=IFCQUANTITYVOLUME('NetVolume',$,$,0.049381343309014426,$);
#2495=IFCELEMENTQUANTITY('3en0YNSMsojmMeLVqla3rn',#18,'Qto_ColumnBaseQuantities',$,$,(#2490,#2491,#2492,#2493,#2494));
#2496=IFCRELDEFINESBYPROPERTIES('05sKgWgXlWHmqeqFBD6Ppr',#18,$,$,(#2489),#2495);
#2497=IFCPROPERTYSINGLEVALUE('Reference',$,IFCIDENTIFIER('UC305x305x97'),$);
#2498=IFCPROPERTYSET('0aQDOAKpvMEwRyDYpwzJPW',#18,'Pset_ColumnCommon',$,(#638,#639,#2497));
#2499=IFCPROPERTYSET('3n7koplP7mj4hOS_WeJ39S',#18,'Pset_EnvironmentalImpactIndicators',$,(#2497));
#2500=IFCPROPERTYSINGLEVALUE('Reference',$,IFCLABEL('UC305x305x97'),$);
#2501=IFCPROPERTYSET('1Z1svr753FghR_HJiyu2ff',#18,'Pset_ReinforcementBarPitchOfColumn',$,(#2500));
#2502=IFCRELDEFINESBYPROPERTIES('0hOYZyXmEkGNjFUhcsVjEo',#18,$,$,(#2489),#2498);
#2503=IFCRELDEFINESBYPROPERTIES('0AOWfZvI7kSy37lsUL4Vqr',#18,$,$,(#2489),#2499);
#2504=IFCRELDEFINESBYPROPERTIES('0qQoPabita_S0O$3KqGkLX',#18,$,$,(#2489),#2501);
#2505=IFCPROPERTYSET('2HZ2CcFve4l8oOZ8XlIkLz',#18,'Pset_ColumnCommon',$,(#639));
#2506=IFCAXIS2PLACEMENT3D(#3,$,$);
#2508=IFCCARTESIANPOINTLIST2D(((-152.64999999999998,-153.94999999999999),(152.64999999999998,-153.94999999999999),(152.64999999999998,-138.54999999999998),(20.15000000000019,-138.54999999999998),(9.4019769259646075,-134.09802307403564),(4.9499999999999913,-123.35000000000002),(4.9499999999999833,123.34999999999982),(9.4019769259643322,134.09802307403541),(20.149999999999952,138.54999999999998),(152.64999999999998,138.54999999999998),(152.64999999999998,153.94999999999999),(-152.64999999999998,153.94999999999999),(-152.64999999999998,138.54999999999998),(-20.150000000000059,138.55000000000001),(-9.4019769259645258,134.09802307403555),(-4.950000000000025,123.35000000000005),(-4.9500000000000171,-123.34999999999985),(-9.4019769259643873,-134.09802307403538),(-20.150000000000055,-138.54999999999998),(-152.64999999999998,-138.54999999999998)));
#2509=IFCINDEXEDPOLYCURVE(#2508,(IFCLINEINDEX((1,2,3,4)),IFCARCINDEX((4,5,6)),IFCLINEINDEX((6,7)),IFCARCINDEX((7,8,9)),IFCLINEINDEX((9,10,11,12,13,14)),IFCARCINDEX((14,15,16)),IFCLINEINDEX((16,17)),IFCARCINDEX((17,18,19)),IFCLINEINDEX((19,20,1))),.F.);
#2510=IFCARBITRARYCLOSEDPROFILEDEF(.AREA.,'UC305x305x97',#2509);
#2511=IFCAXIS2PLACEMENT3D(#3,#9,#6);
#2512=IFCEXTRUDEDAREASOLID(#2510,#2511,#9,8000.0000000000009);
#2513=IFCSTYLEDITEM(#2512,(#2476),$);
#2514=IFCSHAPEREPRESENTATION(#26,'Body','SweptSolid',(#2512));
#2515=IFCAXIS2PLACEMENT3D(#3,$,$);
#2516=IFCREPRESENTATIONMAP(#2515,#2514);
#2517=IFCCOLUMNTYPE('1$O13Gb95Bae30SuTfvV_y',#18,'UC-Universal Columns-Column:UC305x305x97',$,$,(#2539),(#2516),'12190',$,.COLUMN.);
#2518=IFCMAPPEDITEM(#2516,#1510);
#2519=IFCSHAPEREPRESENTATION(#26,'Body','MappedRepresentation',(#2518));
#2520=IFCPRODUCTDEFINITIONSHAPE($,$,(#2519));
#2521=IFCCARTESIANPOINT((-8193.2136268886516,-8184.3125283173704,0.));
#2522=IFCAXIS2PLACEMENT3D(#2521,#9,#8);
#2523=IFCLOCALPLACEMENT(#36,#2522);
#2524=IFCCOLUMN('1$O13Gb95Bae30SuTfvVmK',#18,'UC-Universal Columns-Column:UC305x305x97:317944',$,'UC-Universal Columns-Column:UC305x305x97',#2523,#2520,'317944',.COLUMN.);
#2525=IFCQUANTITYLENGTH('Length',$,$,8000.0000000000009,$);
#2526=IFCQUANTITYAREA('CrossSectionArea',$,$,0.012345028043415611,$);
#2527=IFCQUANTITYAREA('OuterSurfaceArea',$,$,14.328835333353041,$);
#2528=IFCQUANTITYVOLUME('GrossVolume',$,$,0.098760224347324899,$);
#2529=IFCQUANTITYVOLUME('NetVolume',$,$,0.098762686618028811,$);
#2530=IFCELEMENTQUANTITY('1WLfZ4a3fhEC5U964Phw0F',#18,'Qto_ColumnBaseQuantities',$,$,(#2525,#2526,#2527,#2528,#2529));
#2531=IFCRELDEFINESBYPROPERTIES('3tga_BmGoVwBN1wB7RwlMO',#18,$,$,(#2524),#2530);
#2532=IFCPROPERTYSET('3w9NxgZkMB3bpiPELx5YMs',#18,'Pset_ColumnCommon',$,(#638,#639,#2497));
#2533=IFCPROPERTYSET('33M$xs3JPjv4j5$q72x3Qf',#18,'Pset_EnvironmentalImpactIndicators',$,(#2497));
#2534=IFCPROPERTYSINGLEVALUE('Reference',$,IFCLABEL('UC305x305x97'),$);
#2535=IFCPROPERTYSET('0PdUxidecaKAOZBV0lt8QY',#18,'Pset_ReinforcementBarPitchOfColumn',$,(#2534));
#2536=IFCRELDEFINESBYPROPERTIES('1mTh1o0MQyyZZGVSQzQYYc',#18,$,$,(#2524),#2532);
#2537=IFCRELDEFINESBYPROPERTIES('2uCFV$MM02241wR4u8Sy_f',#18,$,$,(#2524),#2533);
#2538=IFCRELDEFINESBYPROPERTIES('0$xaZTbeBqCclDVdDahKc3',#18,$,$,(#2524),#2535);
#2539=IFCPROPERTYSET('1xxzBc5yrFZjPrjioq5GcA',#18,'Pset_ColumnCommon',$,(#639));
#2540=IFCAXIS2PLACEMENT3D(#3,$,$);
#2542=IFCCARTESIANPOINTLIST2D(((-152.64999999999998,-153.94999999999999),(152.64999999999998,-153.94999999999999),(152.64999999999998,-138.54999999999998),(20.15000000000019,-138.54999999999998),(9.4019769259646075,-134.09802307403564),(4.9499999999999913,-123.35000000000002),(4.9499999999999833,123.34999999999982),(9.4019769259643322,134.09802307403541),(20.149999999999952,138.54999999999998),(152.64999999999998,138.54999999999998),(152.64999999999998,153.94999999999999),(-152.64999999999998,153.94999999999999),(-152.64999999999998,138.54999999999998),(-20.150000000000059,138.55000000000001),(-9.4019769259645258,134.09802307403555),(-4.950000000000025,123.35000000000005),(-4.9500000000000171,-123.34999999999985),(-9.4019769259643873,-134.09802307403538),(-20.150000000000055,-138.54999999999998),(-152.64999999999998,-138.54999999999998)));
#2543=IFCINDEXEDPOLYCURVE(#2542,(IFCLINEINDEX((1,2,3,4)),IFCARCINDEX((4,5,6)),IFCLINEINDEX((6,7)),IFCARCINDEX((7,8,9)),IFCLINEINDEX((9,10,11,12,13,14)),IFCARCINDEX((14,15,16)),IFCLINEINDEX((16,17)),IFCARCINDEX((17,18,19)),IFCLINEINDEX((19,20,1))),.F.);
#2544=IFCARBITRARYCLOSEDPROFILEDEF(.AREA.,'UC305x305x97',#2543);
#2545=IFCCARTESIANPOINT((-0.,0.,4000.));
#2546=IFCAXIS2PLACEMENT3D(#2545,#9,#6);
#2547=IFCEXTRUDEDAREASOLID(#2544,#2546,#9,4000.0000000000014);
#2548=IFCSTYLEDITEM(#2547,(#2476),$);
#2549=IFCSHAPEREPRESENTATION(#26,'Body','SweptSolid',(#2547));
#2550=IFCAXIS2PLACEMENT3D(#3,$,$);
#2551=IFCREPRESENTATIONMAP(#2550,#2549);
#2552=IFCCOLUMNTYPE('1$O13Gb95Bae30SuTfvV$V',#18,'UC-Universal Columns-Column:UC305x305x97',$,$,(#2574),(#2551),'12190',$,.COLUMN.);
#2553=IFCMAPPEDITEM(#2551,#1510);
#2554=IFCSHAPEREPRESENTATION(#26,'Body','MappedRepresentation',(#2553));
#2555=IFCPRODUCTDEFINITIONSHAPE($,$,(#2554));
#2556=IFCCARTESIANPOINT((-8193.2136268886516,4506.9162705878089,-4000.));
#2557=IFCAXIS2PLACEMENT3D(#2556,#9,#8);
#2558=IFCLOCALPLACEMENT(#40,#2557);
#2559=IFCCOLUMN('1$O13Gb95Bae30SuTfvV$m',#18,'UC-Universal Columns-Column:UC305x305x97:317980',$,'UC-Universal Columns-Column:UC305x305x97',#2558,#2555,'317980',.COLUMN.);
#2560=IFCQUANTITYLENGTH('Length',$,$,4000.0000000000014,$);
#2561=IFCQUANTITYAREA('CrossSectionArea',$,$,0.012345028043415611,$);
#2562=IFCQUANTITYAREA('OuterSurfaceArea',$,$,7.1644176666765214,$);
#2563=IFCQUANTITYVOLUME('GrossVolume',$,$,0.049380112173662463,$);
#2564=IFCQUANTITYVOLUME('NetVolume',$,$,0.049381343309014426,$);
#2565=IFCELEMENTQUANTITY('0noJNu2QBPoart9mcRXJJr',#18,'Qto_ColumnBaseQuantities',$,$,(#2560,#2561,#2562,#2563,#2564));
#2566=IFCRELDEFINESBYPROPERTIES('0OF1LrwnnAd9XgWv_dAR0F',#18,$,$,(#2559),#2565);
#2567=IFCPROPERTYSET('0EKVYIhHt6DtcQ1nPlTsEx',#18,'Pset_ColumnCommon',$,(#638,#639,#2497));
#2568=IFCPROPERTYSET('2PBsnSeC1JzEKrgeOk83EP',#18,'Pset_EnvironmentalImpactIndicators',$,(#2497));
#2569=IFCPROPERTYSINGLEVALUE('Reference',$,IFCLABEL('UC305x305x97'),$);
#2570=IFCPROPERTYSET('3wFOkigtLb0Yq7rdbLxcZe',#18,'Pset_ReinforcementBarPitchOfColumn',$,(#2569));
#2571=IFCRELDEFINESBYPROPERTIES('2d0Pn8S4vN0jdQP6oqNRfC',#18,$,$,(#2559),#2567);
#2572=IFCRELDEFINESBYPROPERTIES('2JQ9MUkhQ_vC8HPiE$wsov',#18,$,$,(#2559),#2568);
#2573=IFCRELDEFINESBYPROPERTIES('3y6pbwBFTVHMLCCtBiR1Z3',#18,$,$,(#2559),#2570);
#2574=IFCPROPERTYSET('1UQv$$xENjOhF6oVRbibjt',#18,'Pset_ColumnCommon',$,(#639));
#2575=IFCMAPPEDITEM(#2516,#1510);
#2576=IFCSHAPEREPRESENTATION(#26,'Body','MappedRepresentation',(#2575));
#2577=IFCPRODUCTDEFINITIONSHAPE($,$,(#2576));
#2578=IFCCARTESIANPOINT((-8193.2136268886497,-6658.092589469873,0.));
#2579=IFCAXIS2PLACEMENT3D(#2578,#9,#8);
#2580=IFCLOCALPLACEMENT(#36,#2579);
#2581=IFCCOLUMN('1$O13Gb95Bae30SuTfvV_T',#18,'UC-Universal Columns-Column:UC305x305x97:318065',$,'UC-Universal Columns-Column:UC305x305x97',#2580,#2577,'318065',.COLUMN.);
#2582=IFCQUANTITYLENGTH('Length',$,$,8000.0000000000009,$);
#2583=IFCQUANTITYAREA('CrossSectionArea',$,$,0.012345028043415611,$);
#2584=IFCQUANTITYAREA('OuterSurfaceArea',$,$,14.328835333353041,$);
#2585=IFCQUANTITYVOLUME('GrossVolume',$,$,0.098760224347324899,$);
#2586=IFCQUANTITYVOLUME('NetVolume',$,$,0.098762686618028811,$);
#2587=IFCELEMENTQUANTITY('0YfRycd3a7PYxWsZCux78T',#18,'Qto_ColumnBaseQuantities',$,$,(#2582,#2583,#2584,#2585,#2586));
#2588=IFCRELDEFINESBYPROPERTIES('2Q49_9eIA6WILJKHsgxk3o',#18,$,$,(#2581),#2587);
#2589=IFCPROPERTYSET('13RZrOYNeQp8Kx4A_EzHIh',#18,'Pset_ColumnCommon',$,(#638,#639,#2497));
#2590=IFCPROPERTYSET('1Qqth2dgmmjf4VjQOtpIP_',#18,'Pset_EnvironmentalImpactIndicators',$,(#2497));
#2591=IFCPROPERTYSINGLEVALUE('Reference',$,IFCLABEL('UC305x305x97'),$);
#2592=IFCPROPERTYSET('0ZtegpvOFX086_8z0ym8IC',#18,'Pset_ReinforcementBarPitchOfColumn',$,(#2591));
#2593=IFCRELDEFINESBYPROPERTIES('3qCvGlpyv26_8tNucLe6o3',#18,$,$,(#2581),#2589);
#2594=IFCRELDEFINESBYPROPERTIES('1Oxas_Lhn7O8XtKc9XSDvb',#18,$,$,(#2581),#2590);
#2595=IFCRELDEFINESBYPROPERTIES('2WKnlUjMgpQa_TH8I_WZvF',#18,$,$,(#2581),#2592);
#2596=IFCAXIS2PLACEMENT3D(#3,$,$);
#2598=IFCCARTESIANPOINTLIST2D(((-300.00000000000028,-224.99999999999866),(300.,-224.99999999999866),(300.,224.99999999999974),(-300.00000000000028,224.99999999999974),(-300.00000000000028,-224.99999999999866)));
#2599=IFCINDEXEDPOLYCURVE(#2598,$,.F.);
#2600=IFCARBITRARYCLOSEDPROFILEDEF(.AREA.,'450x600mm',#2599);
#2601=IFCCARTESIANPOINT((-2705.0566128537557,-8117.4669551899569,0.));
#2602=IFCAXIS2PLACEMENT3D(#2601,#9,#6);
#2603=IFCEXTRUDEDAREASOLID(#2600,#2602,#9,8000.0000000000009);
#2604=IFCSTYLEDITEM(#2603,(#89),$);
#2605=IFCSHAPEREPRESENTATION(#26,'Body','SweptSolid',(#2603));
#2606=IFCAXIS2PLACEMENT3D(#3,$,$);
#2607=IFCREPRESENTATIONMAP(#2606,#2605);
#2608=IFCCOLUMNTYPE('1$O13Gb95Bae30UuTfvVzc',#18,'Columns_Rectangular:450x600mm',$,$,$,(#2607),'140623',$,.COLUMN.);
#2609=IFCMAPPEDITEM(#2607,#1510);
#2610=IFCSHAPEREPRESENTATION(#26,'Body','MappedRepresentation',(#2609));
#2611=IFCPRODUCTDEFINITIONSHAPE($,$,(#2610));
#2612=IFCAXIS2PLACEMENT3D(#3,$,$);
#2613=IFCLOCALPLACEMENT(#36,#2612);
#2614=IFCCOLUMN('1$O13Gb95Bae30SuTfvVzc',#18,'Columns_Rectangular:450x600mm:318090',$,'Columns_Rectangular:450x600mm',#2613,#2611,'318090',.COLUMN.);
#2615=IFCQUANTITYLENGTH('Length',$,$,8000.0000000000009,$);
#2616=IFCQUANTITYAREA('CrossSectionArea',$,$,0.26999999999999919,$);
#2617=IFCQUANTITYAREA('OuterSurfaceArea',$,$,16.799999999999979,$);
#2618=IFCQUANTITYVOLUME('GrossVolume',$,$,2.1599999999999935,$);
#2619=IFCQUANTITYVOLUME('NetVolume',$,$,2.1599999999999953,$);
#2620=IFCELEMENTQUANTITY('0fIrdswmjQ8nJFqRAKdo4Y',#18,'Qto_ColumnBaseQuantities',$,$,(#2615,#2616,#2617,#2618,#2619));
#2621=IFCRELDEFINESBYPROPERTIES('2tLjsEZ_81nzhqXnOACraJ',#18,$,$,(#2614),#2620);
#2622=IFCPROPERTYSINGLEVALUE('Reference',$,IFCIDENTIFIER('450x600mm'),$);
#2623=IFCPROPERTYSET('3FAeF50NKQtXk6Y0PrJXc0',#18,'Pset_ColumnCommon',$,(#638,#2622));
#2624=IFCPROPERTYSET('2oMjQ_$6dG$Z8KaeHZyG1M',#18,'Pset_EnvironmentalImpactIndicators',$,(#2622));
#2625=IFCPROPERTYSINGLEVALUE('Reference',$,IFCLABEL('450x600mm'),$);
#2626=IFCPROPERTYSET('2b17LySBMKaF3I0lK9rtQE',#18,'Pset_ReinforcementBarPitchOfColumn',$,(#2625));
#2627=IFCRELDEFINESBYPROPERTIES('1rz$NG_2DJphPJ3HEqE87k',#18,$,$,(#2614),#2623);
#2628=IFCRELDEFINESBYPROPERTIES('1PqRXde0yWShcXzZj6EG3I',#18,$,$,(#2614),#2624);
#2629=IFCRELDEFINESBYPROPERTIES('0D5gupfsxLH1PA42TRSmSm',#18,$,$,(#2614),#2626);
#2630=IFCAXIS2PLACEMENT3D(#3,$,$);
#2632=IFCCARTESIANPOINTLIST2D(((-300.00000000000028,-224.9999999999992),(300.,-224.9999999999992),(300.,224.99999999999974),(-300.00000000000028,224.99999999999974),(-300.00000000000028,-224.9999999999992)));
#2633=IFCINDEXEDPOLYCURVE(#2632,$,.F.);
#2634=IFCARBITRARYCLOSEDPROFILEDEF(.AREA.,'450x600mm',#2633);
#2635=IFCCARTESIANPOINT((-2705.0566128537357,4442.533044810044,0.));
#2636=IFCAXIS2PLACEMENT3D(#2635,#9,#6);
#2637=IFCEXTRUDEDAREASOLID(#2634,#2636,#9,3999.9999999999995);
#2638=IFCSTYLEDITEM(#2637,(#89),$);
#2639=IFCSHAPEREPRESENTATION(#26,'Body','SweptSolid',(#2637));
#2640=IFCAXIS2PLACEMENT3D(#3,$,$);
#2641=IFCREPRESENTATIONMAP(#2640,#2639);
#2642=IFCCOLUMNTYPE('1$O13Gb95Bae30UuTfvVzM',#18,'Columns_Rectangular:450x600mm',$,$,$,(#2641),'140623',$,.COLUMN.);
#2643=IFCMAPPEDITEM(#2641,#1510);
#2644=IFCSHAPEREPRESENTATION(#26,'Body','MappedRepresentation',(#2643));
#2645=IFCPRODUCTDEFINITIONSHAPE($,$,(#2644));
#2646=IFCAXIS2PLACEMENT3D(#3,$,$);
#2647=IFCLOCALPLACEMENT(#36,#2646);
#2648=IFCCOLUMN('1$O13Gb95Bae30SuTfvVzM',#18,'Columns_Rectangular:450x600mm:318138',$,'Columns_Rectangular:450x600mm',#2647,#2645,'318138',.COLUMN.);
#2649=IFCQUANTITYLENGTH('Length',$,$,3999.9999999999995,$);
#2650=IFCQUANTITYAREA('CrossSectionArea',$,$,0.26999999999999952,$);
#2651=IFCQUANTITYAREA('OuterSurfaceArea',$,$,8.3999999999999932,$);
#2652=IFCQUANTITYVOLUME('GrossVolume',$,$,1.0799999999999981,$);
#2653=IFCQUANTITYVOLUME('NetVolume',$,$,1.0799999999999981,$);
#2654=IFCELEMENTQUANTITY('01xTruKxgsC0ql24OhBQKQ',#18,'Qto_ColumnBaseQuantities',$,$,(#2649,#2650,#2651,#2652,#2653));
#2655=IFCRELDEFINESBYPROPERTIES('1$f30HESSqaB$WWRBXbzeB',#18,$,$,(#2648),#2654);
#2656=IFCPROPERTYSET('0Euh$9lRiZQry27i54QjuX',#18,'Pset_ColumnCommon',$,(#638,#2622));
#2657=IFCPROPERTYSET('0BUAGT38RPEZtBDhpi0Leo',#18,'Pset_EnvironmentalImpactIndicators',$,(#2622));
#2658=IFCPROPERTYSINGLEVALUE('Reference',$,IFCLABEL('450x600mm'),$);
#2659=IFCPROPERTYSET('2x$5pleAJc3NjDF94bdYY3',#18,'Pset_ReinforcementBarPitchOfColumn',$,(#2658));
#2660=IFCRELDEFINESBYPROPERTIES('1HGBz4X2vbxmWMFqRZ$cWI',#18,$,$,(#2648),#2656);
#2661=IFCRELDEFINESBYPROPERTIES('0oMmmG2JsyGgbduG4Zj3NM',#18,$,$,(#2648),#2657);
#2662=IFCRELDEFINESBYPROPERTIES('0aZn20ZTgDTisih4KN8jRf',#18,$,$,(#2648),#2659);
#2663=IFCAXIS2PLACEMENT3D(#3,$,$);
#2665=IFCCARTESIANPOINTLIST2D(((-300.00000000000028,-224.9999999999992),(300.,-224.9999999999992),(300.,224.99999999999974),(-300.00000000000028,224.99999999999974),(-300.00000000000028,-224.9999999999992)));
#2666=IFCINDEXEDPOLYCURVE(#2665,$,.F.);
#2667=IFCARBITRARYCLOSEDPROFILEDEF(.AREA.,'450x600mm',#2666);
#2668=IFCCARTESIANPOINT((-2705.0566128537357,4442.533044810044,4000.));
#2669=IFCAXIS2PLACEMENT3D(#2668,#9,#6);
#2670=IFCEXTRUDEDAREASOLID(#2667,#2669,#9,3999.9999999999991);
#2671=IFCSTYLEDITEM(#2670,(#89),$);
#2672=IFCSHAPEREPRESENTATION(#26,'Body','SweptSolid',(#2670));
#2673=IFCAXIS2PLACEMENT3D(#3,$,$);
#2674=IFCREPRESENTATIONMAP(#2673,#2672);
#2675=IFCCOLUMNTYPE('1$O13Gb95Bae30UuTfvVys',#18,'Columns_Rectangular:450x600mm',$,$,$,(#2674),'140623',$,.COLUMN.);
#2676=IFCMAPPEDITEM(#2674,#1510);
#2677=IFCSHAPEREPRESENTATION(#26,'Body','MappedRepresentation',(#2676));
#2678=IFCPRODUCTDEFINITIONSHAPE($,$,(#2677));
#2679=IFCCARTESIANPOINT((0.,0.,-4000.));
#2680=IFCAXIS2PLACEMENT3D(#2679,$,$);
#2681=IFCLOCALPLACEMENT(#40,#2680);
#2682=IFCCOLUMN('1$O13Gb95Bae30SuTfvVys',#18,'Columns_Rectangular:450x600mm:318170',$,'Columns_Rectangular:450x600mm',#2681,#2678,'318170',.COLUMN.);
#2683=IFCQUANTITYLENGTH('Length',$,$,3999.9999999999991,$);
#2684=IFCQUANTITYAREA('CrossSectionArea',$,$,0.26999999999999952,$);
#2685=IFCQUANTITYAREA('OuterSurfaceArea',$,$,8.3999999999999932,$);
#2686=IFCQUANTITYVOLUME('GrossVolume',$,$,1.0799999999999981,$);
#2687=IFCQUANTITYVOLUME('NetVolume',$,$,1.0799999999999979,$);
#2688=IFCELEMENTQUANTITY('0UDRU2H6qK4rBbl98xPGhr',#18,'Qto_ColumnBaseQuantities',$,$,(#2683,#2684,#2685,#2686,#2687));
#2689=IFCRELDEFINESBYPROPERTIES('3o7HxbQ1_aKhIgRy9W3Ape',#18,$,$,(#2682),#2688);
#2690=IFCPROPERTYSET('2wm9hutFZbOp70SofziLcU',#18,'Pset_ColumnCommon',$,(#638,#2622));
#2691=IFCPROPERTYSET('1Qw6QzmL$_WqgmP06kdmZr',#18,'Pset_EnvironmentalImpactIndicators',$,(#2622));
#2692=IFCPROPERTYSINGLEVALUE('Reference',$,IFCLABEL('450x600mm'),$);
#2693=IFCPROPERTYSET('2H3MwJICxq1ODCZkVhbOmP',#18,'Pset_ReinforcementBarPitchOfColumn',$,(#2692));
#2694=IFCRELDEFINESBYPROPERTIES('1lMywP6jtA3h3z$sh$1yiR',#18,$,$,(#2682),#2690);
#2695=IFCRELDEFINESBYPROPERTIES('0jvoTADwfUB42cTkr7pksz',#18,$,$,(#2682),#2691);
#2696=IFCRELDEFINESBYPROPERTIES('1lZStZATX_WjPKPmPhpXFd',#18,$,$,(#2682),#2693);
#2697=IFCAXIS2PLACEMENT3D(#3,$,$);
#2699=IFCCARTESIANPOINTLIST2D(((-82.500000000000142,-141.49999999999972),(-82.500000000000142,-151.70000000000053),(82.500000000000071,-151.70000000000053),(82.500000000000071,-141.49999999999972),(11.899999999999933,-141.49999999999972),(5.6067496474396874,-138.89325035255999),(2.9999999999999618,-132.59999999999974),(2.9999999999999631,132.60000000000014),(5.6067496474396892,138.89325035256039),(11.899999999999981,141.50000000000014),(82.500000000000071,141.50000000000014),(82.500000000000071,151.69999999999936),(-82.499999999999631,151.69999999999936),(-82.499999999999631,141.50000000000014),(-11.900000000000039,141.50000000000011),(-5.606749647439802,138.89325035256033),(-3.0000000000001208,132.60000000000011),(-3.0000000000001195,-132.59999999999974),(-5.6067496474398721,-138.89325035256002),(-11.9000000000001,-141.49999999999972)));
#2700=IFCINDEXEDPOLYCURVE(#2699,(IFCLINEINDEX((1,2,3,4,5)),IFCARCINDEX((5,6,7)),IFCLINEINDEX((7,8)),IFCARCINDEX((8,9,10)),IFCLINEINDEX((10,11,12,13,14,15)),IFCARCINDEX((15,16,17)),IFCLINEINDEX((17,18)),IFCARCINDEX((18,19,20)),IFCLINEINDEX((20,1))),.F.);
#2701=IFCARBITRARYCLOSEDPROFILEDEF(.AREA.,'UB305x165x40',#2700);
#2702=IFCCARTESIANPOINT((-2506.2000000000016,-0.,-0.));
#2703=IFCAXIS2PLACEMENT3D(#2702,#6,#8);
#2704=IFCEXTRUDEDAREASOLID(#2701,#2703,#10,5025.1000000000013);
#2705=IFCSTYLEDITEM(#2704,(#2476),$);
#2706=IFCSHAPEREPRESENTATION(#26,'Body','SweptSolid',(#2704));
#2707=IFCCARTESIANPOINTLIST3D(((-2518.9055707494181,0.,151.70000000000397),(2518.9055707494199,0.,151.70000000000397)));
#2708=IFCINDEXEDPOLYCURVE(#2707,$,.F.);
#2709=IFCSHAPEREPRESENTATION(#25,'Axis','Curve3D',(#2708));
#2710=IFCAXIS2PLACEMENT3D(#3,$,$);
#2711=IFCREPRESENTATIONMAP(#2710,#2706);
#2712=IFCAXIS2PLACEMENT3D(#3,$,$);
#2713=IFCREPRESENTATIONMAP(#2712,#2709);
#2714=IFCBEAMTYPE('1$O13Gb95Bae30SuTfvVxL',#18,'UB-Universal Beams:UB305x165x40',$,$,(#2744),(#2711,#2713),'250723',$,.BEAM.);
#2715=IFCMAPPEDITEM(#2711,#1510);
#2716=IFCSHAPEREPRESENTATION(#26,'Body','MappedRepresentation',(#2715));
#2717=IFCMAPPEDITEM(#2713,#1510);
#2718=IFCSHAPEREPRESENTATION(#25,'Axis','MappedRepresentation',(#2717));
#2719=IFCPRODUCTDEFINITIONSHAPE($,$,(#2716,#2718));
#2720=IFCCARTESIANPOINT((-5520.3580561392318,4506.9162705878016,-151.70000000000397));
#2721=IFCAXIS2PLACEMENT3D(#2720,$,$);
#2722=IFCLOCALPLACEMENT(#40,#2721);
#2723=IFCBEAM('1$O13Gb95Bae30SuTfvVxQ',#18,'UB-Universal Beams:UB305x165x40:318262',$,'UB-Universal Beams:UB305x165x40',#2722,#2719,'318262',.BEAM.);
#2724=IFCPROPERTYSINGLEVALUE('Reference',$,IFCIDENTIFIER('UB305x165x40'),$);
#2725=IFCPROPERTYSINGLEVALUE('Span',$,IFCPOSITIVELENGTHMEASURE(5037.8000000000002),$);
#2726=IFCPROPERTYSINGLEVALUE('Slope',$,IFCPLANEANGLEMEASURE(0.),$);
#2727=IFCPROPERTYSINGLEVALUE('Roll',$,IFCPLANEANGLEMEASURE(0.),$);
#2728=IFCPROPERTYSET('21zhOqZb1WcJeUIo3poUaQ',#18,'Pset_BeamCommon',$,(#638,#639,#2724,#2725,#2726,#2727));
#2729=IFCPROPERTYSET('2JcQSaGCHU5OFFpFkLz9iY',#18,'Pset_EnvironmentalImpactIndicators',$,(#2724));
#2730=IFCPROPERTYSINGLEVALUE('Reference',$,IFCLABEL('UB305x165x40'),$);
#2731=IFCPROPERTYSET('0$W8ANmIhDJqCYwVRl1KZc',#18,'Pset_ReinforcementBarPitchOfBeam',$,(#2730));
#2732=IFCRELDEFINESBYPROPERTIES('3ZU97UTc0raJ5DO0wadsmv',#18,$,$,(#2723),#2728);
#2733=IFCRELDEFINESBYPROPERTIES('26xrA0wOfa0bVeh27s9jeE',#18,$,$,(#2723),#2729);
#2734=IFCRELDEFINESBYPROPERTIES('304F8KrLungRMUHeqhgVoV',#18,$,$,(#2723),#2731);
#2735=IFCQUANTITYLENGTH('Length','',$,5037.8000000000002,$);
#2736=IFCQUANTITYAREA('CrossSectionArea','',$,0.005132074646967081,$);
#2737=IFCQUANTITYAREA('OuterSurfaceArea','',$,6.2287137069352605,$);
#2738=IFCQUANTITYAREA('GrossSurfaceArea','',$,6.2389778562291944,$);
#2739=IFCQUANTITYAREA('NetSurfaceArea','',$,6.2389778562291953,$);
#2740=IFCQUANTITYVOLUME('GrossVolume','',$,0.025789188308474285,$);
#2741=IFCQUANTITYVOLUME('NetVolume','',$,0.025788833829424439,$);
#2742=IFCELEMENTQUANTITY('02zq5rv1tqSciraq0v6Em0',#18,'Qto_BeamBaseQuantities',$,$,(#2735,#2736,#2737,#2738,#2739,#2740,#2741));
#2743=IFCRELDEFINESBYPROPERTIES('1YcoJARukXTV1NOGBcSSBa',#18,$,$,(#2723),#2742);
#2744=IFCPROPERTYSET('1tSgfLSyjM8jkdmcZBiUak',#18,'Pset_BeamCommon',$,(#639));
#2745=IFCAXIS2PLACEMENT3D(#3,$,$);
#2746=IFCLOCALPLACEMENT(#36,#2745);
#2747=IFCPRODUCTDEFINITIONSHAPE($,$,(#2765));
#2748=IFCCARTESIANPOINTLIST2D(((-4281.2500000000091,-6481.2499999999873),(4281.2499999999891,-6481.2499999999873),(4281.2500000000091,6481.2499999999636),(-4281.2499999999882,6481.2500000000136),(-4281.2500000000091,-6481.2499999999873)));
#2749=IFCINDEXEDPOLYCURVE(#2748,$,.F.);
#2750=IFCARBITRARYCLOSEDPROFILEDEF(.AREA.,'Plain',#2749);
#2751=IFCCARTESIANPOINT((4171.1933871462397,-4061.2169551899815,2612.));
#2752=IFCAXIS2PLACEMENT3D(#2751,#9,#8);
#2753=IFCEXTRUDEDAREASOLID(#2750,#2752,#9,45.000000000000057);
#2754=IFCCARTESIANPOINTLIST2D(((-6481.2500000000073,-4281.25),(6481.2499999999945,-4281.2499999999982),(6481.2499999999809,4281.2499999999982),(-6481.24999999997,4281.2499999999982),(-6481.2500000000073,-4281.25)));
#2755=IFCINDEXEDPOLYCURVE(#2754,$,.F.);
#2756=IFCARBITRARYCLOSEDPROFILEDEF(.AREA.,'Plain',#2755);
#2757=IFCCARTESIANPOINT((4171.1933871462397,-4061.2169551899824,2600.));
#2758=IFCAXIS2PLACEMENT3D(#2757,#9,#6);
#2759=IFCEXTRUDEDAREASOLID(#2756,#2758,#9,11.999999999999979);
#2760=IFCSTYLEDITEM(#2753,(#690),$);
#2761=IFCCOLOURRGB($,0.97647058823529409,0.97647058823529409,0.97647058823529409);
#2762=IFCSURFACESTYLERENDERING(#2761,0.,$,$,$,$,IFCNORMALISEDRATIOMEASURE(0.5),IFCSPECULAREXPONENT(128.),.NOTDEFINED.);
#2763=IFCSURFACESTYLE('Gypsum Wall Board',.BOTH.,(#2762));
#2764=IFCSTYLEDITEM(#2759,(#2763),$);
#2765=IFCSHAPEREPRESENTATION(#26,'Body','SweptSolid',(#2753,#2759));
#2766=IFCSHAPEREPRESENTATION(#26,'Body','SweptSolid',(#2753));
#2767=IFCSHAPEASPECT((#2766),'Metal Stud Layer',$,.U.,#2747);
#2768=IFCSHAPEREPRESENTATION(#26,'Body','SweptSolid',(#2759));
#2769=IFCSHAPEASPECT((#2768),'Gypsum Wall Board',$,.U.,#2747);
#2770=IFCCOVERING('1$O13Gb95Bae30SuTfvVw4',#18,'Compound Ceiling:Plain:318312',$,'Compound Ceiling:Plain',#2746,#2747,'318312',.CEILING.);
#2771=IFCMATERIAL('Gypsum Wall Board',$,'Generic');
#2772=IFCMATERIALCONSTITUENT('Metal Stud Layer',$,#701,0.78947368421052644,'Metal');
#2773=IFCQUANTITYLENGTH('Width',$,$,45.,$);
#2774=IFCMATERIALCONSTITUENT('Gypsum Wall Board',$,#2771,0.21052631578947367,'Generic');
#2775=IFCQUANTITYLENGTH('Width',$,$,11.999999999999998,$);
#2776=IFCMATERIALCONSTITUENTSET('Compound Ceiling:Plain',$,(#2772,#2774));
#2777=IFCPHYSICALCOMPLEXQUANTITY('Metal Stud Layer',$,(#2773),'Layer',$,$);
#2778=IFCPHYSICALCOMPLEXQUANTITY('Gypsum Wall Board',$,(#2775),'Layer',$,$);
#2779=IFCQUANTITYLENGTH('Width',$,$,57.,$);
#2780=IFCCOVERINGTYPE('11BHxV0UD3kux7rc2nWrkt',#18,'Compound Ceiling:Plain',$,$,(#2792),$,'19849',$,.CEILING.);
#2781=IFCPROPERTYSINGLEVALUE('Reference',$,IFCIDENTIFIER('Plain'),$);
#2782=IFCPROPERTYSET('0ah8CH89z$485WKSN4mN8x',#18,'Pset_CoveringCommon',$,(#638,#2781));
#2783=IFCPROPERTYSET('1aCQEQh$0XebBwgl5Pr_lr',#18,'Pset_EnvironmentalImpactIndicators',$,(#2781));
#2784=IFCRELDEFINESBYPROPERTIES('2tQmy$uDRFCXxVpVjReVJS',#18,$,$,(#2770),#2782);
#2785=IFCRELDEFINESBYPROPERTIES('0h0gni0wD85riq9gFjecNR',#18,$,$,(#2770),#2783);
#2786=IFCQUANTITYLENGTH('Width','',$,8562.4999999999982,$);
#2787=IFCQUANTITYAREA('GrossArea','',$,110.99140624999976,$);
#2788=IFCQUANTITYAREA('NetArea','',$,110.99140624999976,$);
#2789=IFCELEMENTQUANTITY('14Fpu$goIGA_4fjbUfHb8M',#18,'Qto_CoveringBaseQuantities',$,$,(#2777,#2778,#2779,#2787,#2788));
#2790=IFCRELDEFINESBYPROPERTIES('0DoCLhc2Q3I56iw_7ppkwM',#18,$,$,(#2770),#2789);
#2791=IFCPROPERTYSINGLEVALUE('ThermalTransmittance',$,IFCTHERMALTRANSMITTANCEMEASURE(0.54991539763113373),$);
#2792=IFCPROPERTYSET('1yz_z1rJn5PKGaiKAVTdWp',#18,'Pset_CoveringCommon',$,(#2791));
#2793=IFCAXIS2PLACEMENT3D(#3,$,$);
#2794=IFCLOCALPLACEMENT(#36,#2793);
#2795=IFCPRODUCTDEFINITIONSHAPE($,$,(#2810));
#2796=IFCCARTESIANPOINTLIST2D(((-4281.2500000000091,-6481.2499999999873),(4281.2499999999891,-6481.2499999999873),(4281.2500000000091,6481.2499999999636),(-4281.2499999999882,6481.2500000000136),(-4281.2500000000091,-6481.2499999999873)));
#2797=IFCINDEXEDPOLYCURVE(#2796,$,.F.);
#2798=IFCARBITRARYCLOSEDPROFILEDEF(.AREA.,'Plain',#2797);
#2799=IFCCARTESIANPOINT((4171.1933871462397,-4061.2169551899815,2612.));
#2800=IFCAXIS2PLACEMENT3D(#2799,#9,#8);
#2801=IFCEXTRUDEDAREASOLID(#2798,#2800,#9,45.000000000000057);
#2802=IFCCARTESIANPOINTLIST2D(((-6481.2500000000073,-4281.25),(6481.2499999999945,-4281.2499999999982),(6481.2499999999809,4281.2499999999982),(-6481.24999999997,4281.2499999999982),(-6481.2500000000073,-4281.25)));
#2803=IFCINDEXEDPOLYCURVE(#2802,$,.F.);
#2804=IFCARBITRARYCLOSEDPROFILEDEF(.AREA.,'Plain',#2803);
#2805=IFCCARTESIANPOINT((4171.1933871462397,-4061.2169551899824,2600.));
#2806=IFCAXIS2PLACEMENT3D(#2805,#9,#6);
#2807=IFCEXTRUDEDAREASOLID(#2804,#2806,#9,11.999999999999979);
#2808=IFCSTYLEDITEM(#2801,(#690),$);
#2809=IFCSTYLEDITEM(#2807,(#2763),$);
#2810=IFCSHAPEREPRESENTATION(#26,'Body','SweptSolid',(#2801,#2807));
#2811=IFCSHAPEREPRESENTATION(#26,'Body','SweptSolid',(#2801));
#2812=IFCSHAPEASPECT((#2811),'Metal Stud Layer',$,.U.,#2795);
#2813=IFCSHAPEREPRESENTATION(#26,'Body','SweptSolid',(#2807));
#2814=IFCSHAPEASPECT((#2813),'Gypsum Wall Board',$,.U.,#2795);
#2815=IFCCOVERING('1$O13Gb95Bae30SuTfvVwS',#18,'Compound Ceiling:Plain:318320',$,'Compound Ceiling:Plain',#2794,#2795,'318320',.CEILING.);
#2816=IFCPROPERTYSET('0AiH8rmaf6uPlqqeYW76S2',#18,'Pset_CoveringCommon',$,(#638,#2781));
#2817=IFCPROPERTYSET('0Di2NExaWFt$NAdsYwRx5z',#18,'Pset_EnvironmentalImpactIndicators',$,(#2781));
#2818=IFCRELDEFINESBYPROPERTIES('0KZRD09KqYjG3yPpWmQfwa',#18,$,$,(#2815),#2816);
#2819=IFCRELDEFINESBYPROPERTIES('2W2OrQK7jVe5Oq4X4dj7Ic',#18,$,$,(#2815),#2817);
#2820=IFCQUANTITYLENGTH('Width','',$,8562.4999999999982,$);
#2821=IFCQUANTITYAREA('GrossArea','',$,110.99140624999976,$);
#2822=IFCQUANTITYAREA('NetArea','',$,110.99140624999976,$);
#2823=IFCELEMENTQUANTITY('1_f$luurpR2PCUUZ$R4aKp',#18,'Qto_CoveringBaseQuantities',$,$,(#2777,#2778,#2779,#2821,#2822));
#2824=IFCRELDEFINESBYPROPERTIES('0iE5_Cx5sE_fiaYVmP7P2S',#18,$,$,(#2815),#2823);
#2825=IFCAXIS2PLACEMENT3D(#3,$,$);
#2826=IFCLOCALPLACEMENT(#36,#2825);
#2827=IFCPRODUCTDEFINITIONSHAPE($,$,(#2842));
#2828=IFCCARTESIANPOINTLIST2D(((-2176.2499999999741,-6481.2500000000073),(2176.2500000000291,-6481.2500000000073),(2176.2499999999741,6481.25000000002),(-2176.2500000000291,6481.2499999999936),(-2176.2499999999741,-6481.2500000000073)));
#2829=IFCINDEXEDPOLYCURVE(#2828,$,.F.);
#2830=IFCARBITRARYCLOSEDPROFILEDEF(.AREA.,'Plain',#2829);
#2831=IFCCARTESIANPOINT((4171.1933871462707,2491.2830448100185,2612.));
#2832=IFCAXIS2PLACEMENT3D(#2831,#9,#7);
#2833=IFCEXTRUDEDAREASOLID(#2830,#2832,#9,45.000000000000057);
#2834=IFCCARTESIANPOINTLIST2D(((-6481.2500000000036,-2176.2500000000014),(6481.2499999999982,-2176.2500000000014),(6481.2500000000155,2176.2500000000023),(-6481.2500000000109,2176.2500000000018),(-6481.2500000000036,-2176.2500000000014)));
#2835=IFCINDEXEDPOLYCURVE(#2834,$,.F.);
#2836=IFCARBITRARYCLOSEDPROFILEDEF(.AREA.,'Plain',#2835);
#2837=IFCCARTESIANPOINT((4171.1933871462697,2491.2830448100181,2600.));
#2838=IFCAXIS2PLACEMENT3D(#2837,$,$);
#2839=IFCEXTRUDEDAREASOLID(#2836,#2838,#9,11.999999999999979);
#2840=IFCSTYLEDITEM(#2833,(#690),$);
#2841=IFCSTYLEDITEM(#2839,(#2763),$);
#2842=IFCSHAPEREPRESENTATION(#26,'Body','SweptSolid',(#2833,#2839));
#2843=IFCSHAPEREPRESENTATION(#26,'Body','SweptSolid',(#2833));
#2844=IFCSHAPEASPECT((#2843),'Metal Stud Layer',$,.U.,#2827);
#2845=IFCSHAPEREPRESENTATION(#26,'Body','SweptSolid',(#2839));
#2846=IFCSHAPEASPECT((#2845),'Gypsum Wall Board',$,.U.,#2827);
#2847=IFCCOVERING('1$O13Gb95Bae30SuTfvVwL',#18,'Compound Ceiling:Plain:318329',$,'Compound Ceiling:Plain',#2826,#2827,'318329',.CEILING.);
#2848=IFCPROPERTYSET('0IOrWXqUwbOKArHMysLZ$9',#18,'Pset_CoveringCommon',$,(#638,#2781));
#2849=IFCPROPERTYSET('2gDX9cqAwUH6p8wwIDiDq8',#18,'Pset_EnvironmentalImpactIndicators',$,(#2781));
#2850=IFCRELDEFINESBYPROPERTIES('3QO1ZiS2HX3i9OXKT7jJZi',#18,$,$,(#2847),#2848);
#2851=IFCRELDEFINESBYPROPERTIES('3qOD0wxyRqjRHYOcvYN7hX',#18,$,$,(#2847),#2849);
#2852=IFCQUANTITYLENGTH('Width','',$,4352.5000000000027,$);
#2853=IFCQUANTITYAREA('GrossArea','',$,56.419281250000104,$);
#2854=IFCQUANTITYAREA('NetArea','',$,56.419281250000104,$);
#2855=IFCELEMENTQUANTITY('0Bi09QmetTdJU_xPxKuLaj',#18,'Qto_CoveringBaseQuantities',$,$,(#2777,#2778,#2779,#2853,#2854));
#2856=IFCRELDEFINESBYPROPERTIES('1JlFXVEwNg9uTkC97fQIGP',#18,$,$,(#2847),#2855);
#2857=IFCAXIS2PLACEMENT3D(#3,$,$);
#2858=IFCLOCALPLACEMENT(#40,#2857);
#2865=IFCCARTESIANPOINTLIST2D(((-2310.0566128537334,-8342.4669551900024),(-2310.0566128537334,4667.5330448100422),(10652.443387146199,4667.5330448100422),(10652.443387146199,-8342.4669551900024),(-2310.0566128537334,-8342.4669551900024)));
#2866=IFCINDEXEDPOLYCURVE(#2865,$,.F.);
#2867=IFCSHAPEREPRESENTATION(#28,'FootPrint','Curve2D',(#2866));
#2868=IFCPRODUCTDEFINITIONSHAPE($,$,(#2867,#2905));
#2869=IFCSLAB('1$O13Gb95Bae30SuTfvVvf',#18,'Floor:Floor-Grnd-Susp_65Scr-80Ins-100Blk-75PC:318341',$,'Floor:Floor-Grnd-Susp_65Scr-80Ins-100Blk-75PC',#2858,#2868,'318341',.FLOOR.);
#2870=IFCCARTESIANPOINTLIST2D(((-6481.2499999999654,-6505.0000000000218),(6481.2499999999654,-6505.0000000000218),(6481.2499999999654,6505.0000000000218),(-6481.2499999999654,6505.0000000000218),(-6481.2499999999654,-6505.0000000000218)));
#2871=IFCINDEXEDPOLYCURVE(#2870,$,.F.);
#2872=IFCARBITRARYCLOSEDPROFILEDEF(.AREA.,'Floor-Grnd-Susp_65Scr-80Ins-100Blk-75PC',#2871);
#2873=IFCCARTESIANPOINT((4171.1933871462325,-1837.4669551899799,-65.));
#2874=IFCAXIS2PLACEMENT3D(#2873,#9,#6);
#2875=IFCEXTRUDEDAREASOLID(#2872,#2874,#9,64.999999999999844);
#2876=IFCCARTESIANPOINTLIST2D(((-6481.2499999999654,-6505.0000000000218),(6481.2499999999654,-6505.0000000000218),(6481.2499999999654,6505.0000000000218),(-6481.2499999999654,6505.0000000000218),(-6481.2499999999654,-6505.0000000000218)));
#2877=IFCINDEXEDPOLYCURVE(#2876,$,.F.);
#2878=IFCARBITRARYCLOSEDPROFILEDEF(.AREA.,'Floor-Grnd-Susp_65Scr-80Ins-100Blk-75PC',#2877);
#2879=IFCCARTESIANPOINT((4171.1933871462325,-1837.4669551899799,-145.));
#2880=IFCAXIS2PLACEMENT3D(#2879,#9,#6);
#2881=IFCEXTRUDEDAREASOLID(#2878,#2880,#9,80.000000000000227);
#2882=IFCCARTESIANPOINTLIST2D(((-6481.2499999999654,-6505.0000000000218),(6481.2499999999654,-6505.0000000000218),(6481.2499999999654,6505.0000000000218),(-6481.2499999999654,6505.0000000000218),(-6481.2499999999654,-6505.0000000000218)));
#2883=IFCINDEXEDPOLYCURVE(#2882,$,.F.);
#2884=IFCARBITRARYCLOSEDPROFILEDEF(.AREA.,'Floor-Grnd-Susp_65Scr-80Ins-100Blk-75PC',#2883);
#2885=IFCCARTESIANPOINT((4171.1933871462325,-1837.4669551899799,-295.));
#2886=IFCAXIS2PLACEMENT3D(#2885,#9,#6);
#2887=IFCEXTRUDEDAREASOLID(#2884,#2886,#9,150.);
#2888=IFCCARTESIANPOINTLIST2D(((-6481.2499999999654,-6505.0000000000218),(6481.2499999999654,-6505.0000000000218),(6481.2499999999654,6505.0000000000218),(-6481.2499999999654,6505.0000000000218),(-6481.2499999999654,-6505.0000000000218)));
#2889=IFCINDEXEDPOLYCURVE(#2888,$,.F.);
#2890=IFCARBITRARYCLOSEDPROFILEDEF(.AREA.,'Floor-Grnd-Susp_65Scr-80Ins-100Blk-75PC',#2889);
#2891=IFCCARTESIANPOINT((4171.1933871462325,-1837.4669551899799,-395.));
#2892=IFCAXIS2PLACEMENT3D(#2891,#9,#6);
#2893=IFCEXTRUDEDAREASOLID(#2890,#2892,#9,100.);
#2894=IFCCARTESIANPOINTLIST2D(((-6481.2499999999654,-6505.0000000000218),(6481.2499999999654,-6505.0000000000218),(6481.2499999999654,6505.0000000000218),(-6481.2499999999654,6505.0000000000218),(-6481.2499999999654,-6505.0000000000218)));
#2895=IFCINDEXEDPOLYCURVE(#2894,$,.F.);
#2896=IFCARBITRARYCLOSEDPROFILEDEF(.AREA.,'Floor-Grnd-Susp_65Scr-80Ins-100Blk-75PC',#2895);
#2897=IFCCARTESIANPOINT((4171.1933871462325,-1837.4669551899799,-470.));
#2898=IFCAXIS2PLACEMENT3D(#2897,#9,#6);
#2899=IFCEXTRUDEDAREASOLID(#2896,#2898,#9,74.99999999999973);
#2900=IFCSTYLEDITEM(#2875,(#573),$);
#2901=IFCSTYLEDITEM(#2881,(#577),$);
#2902=IFCSTYLEDITEM(#2887,(#581),$);
#2903=IFCSTYLEDITEM(#2893,(#585),$);
#2904=IFCSTYLEDITEM(#2899,(#589),$);
#2905=IFCSHAPEREPRESENTATION(#26,'Body','SweptSolid',(#2875,#2881,#2887,#2893,#2899));
#2906=IFCSHAPEREPRESENTATION(#26,'Body','SweptSolid',(#2875));
#2907=IFCSHAPEASPECT((#2906),'Concrete, Sand/Cement Screed',$,.U.,#2868);
#2908=IFCSHAPEREPRESENTATION(#26,'Body','SweptSolid',(#2881));
#2909=IFCSHAPEASPECT((#2908),'Rigid insulation',$,.U.,#2868);
#2910=IFCSHAPEREPRESENTATION(#26,'Body','SweptSolid',(#2887));
#2911=IFCSHAPEASPECT((#2910),'Air',$,.U.,#2868);
#2912=IFCSHAPEREPRESENTATION(#26,'Body','SweptSolid',(#2893));
#2913=IFCSHAPEASPECT((#2912),'Concrete Masonry, Floor Block',$,.U.,#2868);
#2914=IFCSHAPEREPRESENTATION(#26,'Body','SweptSolid',(#2899));
#2915=IFCSHAPEASPECT((#2914),'Concrete, Precast',$,.U.,#2868);
#2916=IFCPROPERTYSET('3EFSETu8pGZQ1FXpeXHPWR',#18,'Pset_EnvironmentalImpactIndicators',$,(#633));
#2917=IFCPROPERTYSINGLEVALUE('Reference',$,IFCLABEL('Floor-Grnd-Susp_65Scr-80Ins-100Blk-75PC'),$);
#2918=IFCPROPERTYSET('2U1t315IxfNUjvaNP7XCsq',#18,'Pset_ReinforcementBarPitchOfSlab',$,(#2917));
#2919=IFCPROPERTYSET('3sbVJUPAosfXLt4jScz2GN',#18,'Pset_SlabCommon',$,(#633,#637,#638,#639));
#2920=IFCRELDEFINESBYPROPERTIES('3C7bmrSU7LIOb5wbSp_3s6',#18,$,$,(#2869),#2916);
#2921=IFCRELDEFINESBYPROPERTIES('0jpj2riB2ALigSEl5NGPID',#18,$,$,(#2869),#2918);
#2922=IFCRELDEFINESBYPROPERTIES('30CminIs89z9Uodr6HPPiz',#18,$,$,(#2869),#2919);
#2923=IFCQUANTITYLENGTH('Width','',$,13010.000000000044,$);
#2924=IFCQUANTITYLENGTH('Length','',$,12962.499999999931,$);
#2925=IFCQUANTITYLENGTH('Depth','',$,74.99999999999973,$);
#2926=IFCQUANTITYLENGTH('Perimeter','',$,170.42322834645654,$);
#2927=IFCQUANTITYAREA('GrossArea','',$,168.64212499999971,$);
#2928=IFCQUANTITYAREA('NetArea','',$,168.64212499999971,$);
#2929=IFCQUANTITYVOLUME('GrossVolume','',$,12.648159374999933,$);
#2930=IFCQUANTITYVOLUME('NetVolume','',$,79.261798749999798,$);
#2931=IFCELEMENTQUANTITY('1cArtSZ7F9ANUe6ZqVniyH',#18,'Qto_SlabBaseQuantities',$,$,(#627,#628,#629,#630,#631,#632,#2924,#2925,#2926,#2927,#2928,#2929,#2930));
#2932=IFCRELDEFINESBYPROPERTIES('12ZTIza84Jp_ZDvHNPGKiN',#18,$,$,(#2869),#2931);
#2933=IFCAXIS2PLACEMENT3D(#3,$,$);
#2934=IFCLOCALPLACEMENT(#40,#2933);
#2935=IFCPRODUCTDEFINITIONSHAPE($,$,(#2950));
#2936=IFCCARTESIANPOINTLIST2D(((-6505.0000000000036,-2976.25),(6504.9999999999973,-2976.25),(6505.0000000000036,2976.25),(-6504.9999999999945,2976.25),(-6505.0000000000036,-2976.25)));
#2937=IFCINDEXEDPOLYCURVE(#2936,$,.F.);
#2938=IFCARBITRARYCLOSEDPROFILEDEF(.AREA.,'Plain',#2937);
#2939=IFCCARTESIANPOINT((-5381.3066128537448,-1837.466955189949,2612.));
#2940=IFCAXIS2PLACEMENT3D(#2939,#9,#7);
#2941=IFCEXTRUDEDAREASOLID(#2938,#2940,#9,44.999999999999517);
#2942=IFCCARTESIANPOINTLIST2D(((-2976.24999999999,-6504.9999999999991),(2976.2500000000105,-6504.9999999999991),(2976.24999999999,6505.0000000000018),(-2976.2500000000105,6504.9999999999991),(-2976.24999999999,-6504.9999999999991)));
#2943=IFCINDEXEDPOLYCURVE(#2942,$,.F.);
#2944=IFCARBITRARYCLOSEDPROFILEDEF(.AREA.,'Plain',#2943);
#2945=IFCCARTESIANPOINT((-5381.3066128537448,-1837.466955189949,2600.));
#2946=IFCAXIS2PLACEMENT3D(#2945,$,$);
#2947=IFCEXTRUDEDAREASOLID(#2944,#2946,#9,12.00000000000052);
#2948=IFCSTYLEDITEM(#2941,(#690),$);
#2949=IFCSTYLEDITEM(#2947,(#2763),$);
#2950=IFCSHAPEREPRESENTATION(#26,'Body','SweptSolid',(#2941,#2947));
#2951=IFCSHAPEREPRESENTATION(#26,'Body','SweptSolid',(#2941));
#2952=IFCSHAPEASPECT((#2951),'Metal Stud Layer',$,.U.,#2935);
#2953=IFCSHAPEREPRESENTATION(#26,'Body','SweptSolid',(#2947));
#2954=IFCSHAPEASPECT((#2953),'Gypsum Wall Board',$,.U.,#2935);
#2955=IFCCOVERING('1$O13Gb95Bae30SuTfvVv4',#18,'Compound Ceiling:Plain:318376',$,'Compound Ceiling:Plain',#2934,#2935,'318376',.CEILING.);
#2956=IFCPROPERTYSET('3JeAVDkoWNqoYcMUOaSwt0',#18,'Pset_CoveringCommon',$,(#638,#2781));
#2957=IFCPROPERTYSET('1IIEy5ppeKoqiAUL8NMoAD',#18,'Pset_EnvironmentalImpactIndicators',$,(#2781));
#2958=IFCRELDEFINESBYPROPERTIES('3wFGRYrURsFufThY4RM2vP',#18,$,$,(#2955),#2956);
#2959=IFCRELDEFINESBYPROPERTIES('2EXp8suCv7AfjHxlAhWMXU',#18,$,$,(#2955),#2957);
#2960=IFCQUANTITYLENGTH('Width','',$,13009.999999999998,$);
#2961=IFCQUANTITYAREA('GrossArea','',$,77.442025000000001,$);
#2962=IFCQUANTITYAREA('NetArea','',$,77.442025000000015,$);
#2963=IFCELEMENTQUANTITY('1NXkkTIBgXpfj_thdA5S8V',#18,'Qto_CoveringBaseQuantities',$,$,(#2777,#2778,#2779,#2961,#2962));
#2964=IFCRELDEFINESBYPROPERTIES('22Ufp3tJH_6CL2poOJJDxQ',#18,$,$,(#2955),#2963);
#2965=IFCMAPPEDITEM(#2179,#1510);
#2966=IFCSHAPEREPRESENTATION(#26,'Body','MappedRepresentation',(#2965));
#2967=IFCPRODUCTDEFINITIONSHAPE($,$,(#2966));
#2968=IFCCARTESIANPOINT((1274.3274689459854,220.03304481002635,0.));
#2969=IFCAXIS2PLACEMENT3D(#2968,$,$);
#2971=IFCDOOR('1$O13Gb95Bae30SuTfvVvR',#18,'Doors_ExtDbl_Flush:1810x2110mm:318391',$,'Doors_ExtDbl_Flush:1810x2110mm',#3486,#2967,'318391',2110.,1809.9999999999973,.DOOR.,$,$);
#2972=IFCMATERIALCONSTITUENT('Door - Handle',$,#1494,0.001436526118766043,'Miscellaneous');
#2973=IFCMATERIALCONSTITUENT('Door - Frame/Mullion',$,#1495,0.22600850399134895,'Wood');
#2974=IFCMATERIALCONSTITUENT('Door - Panel',$,#1496,0.77255496988988503,'Wood');
#2975=IFCMATERIALCONSTITUENTSET($,$,(#2972,#2973,#2974));
#2976=IFCPROPERTYSET('17IHTooiRwXrbicjUk2387',#18,'Pset_DoorCommon',$,(#144,#1522));
#2977=IFCPROPERTYSET('0UY5WSH8i4D4hBUclm_Xq9',#18,'Pset_EnvironmentalImpactIndicators',$,(#1522));
#2978=IFCRELDEFINESBYPROPERTIES('3fZVbi7xfMBEJbMTFxgmix',#18,$,$,(#2971),#2976);
#2979=IFCRELDEFINESBYPROPERTIES('0WaoUk$Aotq9A2JVDpH4T4',#18,$,$,(#2971),#2977);
#2980=IFCQUANTITYLENGTH('Width','',$,1810.,$);
#2981=IFCQUANTITYLENGTH('Height','',$,2110.,$);
#2982=IFCQUANTITYAREA('Area','',$,3.8190999999999997,$);
#2983=IFCELEMENTQUANTITY('2ThEi2jhdXMOf8IhH6CNfu',#18,'Qto_DoorBaseQuantities',$,$,(#2980,#2981,#2982));
#2984=IFCRELDEFINESBYPROPERTIES('2_fy3FOMpznRVtPvXYXXDE',#18,$,$,(#2971),#2983);
#2985=IFCAXIS2PLACEMENT3D(#2987,$,$);
#2986=IFCLOCALPLACEMENT(#44,#2985);
#2987=IFCCARTESIANPOINT((-8647.5566128537321,-8632.4669551900024,0.));
#2988=IFCAXIS2PLACEMENT3D(#3,$,$);
#2990=IFCCARTESIANPOINTLIST2D(((9794.9999999999636,3923.0950791435298),(-9794.9999999999636,3923.0950791435298),(-2999.9999999999372,-3923.0950791435307),(2999.9999999999113,-3923.0950791435307),(9794.9999999999636,3923.0950791435298)));
#2991=IFCINDEXEDPOLYCURVE(#2990,$,.F.);
#2992=IFCARBITRARYCLOSEDPROFILEDEF(.AREA.,$,#2991);
#2993=IFCCARTESIANPOINT((9795.,10192.500000000044,1961.5475395717644));
#2994=IFCDIRECTION((0.,0.49999999999999978,0.86602540378443893));
#2995=IFCAXIS2PLACEMENT3D(#2993,#2994,#5);
#2996=IFCDIRECTION((0.,-0.49999999999999978,0.86602540378443893));
#2997=IFCEXTRUDEDAREASOLID(#2992,#2995,#2996,225.00000000000003);
#2998=IFCCOLOURRGB($,0.96862745098039216,0.96862745098039216,0.96862745098039216);
#2999=IFCSURFACESTYLERENDERING(#2998,0.,$,$,$,$,IFCNORMALISEDRATIOMEASURE(0.5),IFCSPECULAREXPONENT(128.),.NOTDEFINED.);
#3000=IFCSURFACESTYLE('Steel Purlins',.BOTH.,(#2999));
#3001=IFCSTYLEDITEM(#2997,(#3000),$);
#3002=IFCCARTESIANPOINTLIST2D(((9794.9999999999636,3923.0950791435298),(-9794.9999999999636,3923.0950791435298),(-2999.9999999999372,-3923.0950791435307),(2999.9999999999113,-3923.0950791435307),(9794.9999999999636,3923.0950791435298)));
#3003=IFCINDEXEDPOLYCURVE(#3002,$,.F.);
#3004=IFCARBITRARYCLOSEDPROFILEDEF(.AREA.,$,#3003);
#3005=IFCCARTESIANPOINT((9795.,10192.500000000044,2186.5475395717654));
#3006=IFCDIRECTION((0.,0.49999999999999978,0.86602540378443893));
#3007=IFCAXIS2PLACEMENT3D(#3005,#3006,#5);
#3008=IFCDIRECTION((0.,-0.49999999999999978,0.86602540378443893));
#3009=IFCEXTRUDEDAREASOLID(#3004,#3007,#3008,20.);
#3010=IFCCOLOURRGB($,0.96862745098039216,0.96862745098039216,0.96862745098039216);
#3011=IFCSURFACESTYLERENDERING(#3010,0.,$,$,$,$,IFCNORMALISEDRATIOMEASURE(0.5),IFCSPECULAREXPONENT(128.),.NOTDEFINED.);
#3012=IFCSURFACESTYLE('Metal Panel',.BOTH.,(#3011));
#3013=IFCSTYLEDITEM(#3009,(#3012),$);
#3014=IFCCARTESIANPOINTLIST2D(((9794.9999999999636,3923.0950791435298),(-9794.9999999999636,3923.0950791435298),(-2999.9999999999372,-3923.0950791435307),(2999.9999999999113,-3923.0950791435307),(9794.9999999999636,3923.0950791435298)));
#3015=IFCINDEXEDPOLYCURVE(#3014,$,.F.);
#3016=IFCARBITRARYCLOSEDPROFILEDEF(.AREA.,$,#3015);
#3017=IFCCARTESIANPOINT((9795.,10192.500000000044,2206.5475395717649));
#3018=IFCDIRECTION((0.,0.49999999999999978,0.86602540378443893));
#3019=IFCAXIS2PLACEMENT3D(#3017,#3018,#5);
#3020=IFCDIRECTION((0.,-0.49999999999999978,0.86602540378443893));
#3021=IFCEXTRUDEDAREASOLID(#3016,#3019,#3020,220.);
#3022=IFCSTYLEDITEM(#3021,(#577),$);
#3023=IFCCARTESIANPOINTLIST2D(((9794.9999999999636,3923.0950791435298),(-9794.9999999999636,3923.0950791435298),(-2999.9999999999372,-3923.0950791435307),(2999.9999999999113,-3923.0950791435307),(9794.9999999999636,3923.0950791435298)));
#3024=IFCINDEXEDPOLYCURVE(#3023,$,.F.);
#3025=IFCARBITRARYCLOSEDPROFILEDEF(.AREA.,$,#3024);
#3026=IFCCARTESIANPOINT((9795.,10192.500000000044,2426.5475395717649));
#3027=IFCDIRECTION((0.,0.49999999999999978,0.86602540378443893));
#3028=IFCAXIS2PLACEMENT3D(#3026,#3027,#5);
#3029=IFCDIRECTION((0.,-0.49999999999999978,0.86602540378443893));
#3030=IFCEXTRUDEDAREASOLID(#3025,#3028,#3029,50.);
#3031=IFCCOLOURRGB($,0.96862745098039216,0.96862745098039216,0.96862745098039216);
#3032=IFCSURFACESTYLERENDERING(#3031,0.,$,$,$,$,IFCNORMALISEDRATIOMEASURE(0.5),IFCSPECULAREXPONENT(128.),.NOTDEFINED.);
#3033=IFCSURFACESTYLE('Roofing, Standing Seam',.BOTH.,(#3032));
#3034=IFCSTYLEDITEM(#3030,(#3033),$);
#3035=IFCSHAPEREPRESENTATION(#26,'Body','SweptSolid',(#2997,#3009,#3021,#3030));
#3036=IFCPRODUCTDEFINITIONSHAPE($,$,(#3035));
#3037=IFCSHAPEREPRESENTATION(#26,'Body','SweptSolid',(#2997));
#3038=IFCSHAPEASPECT((#3037),'Steel Purlins',$,.U.,#3036);
#3039=IFCSHAPEREPRESENTATION(#26,'Body','SweptSolid',(#3009));
#3040=IFCSHAPEASPECT((#3039),'Metal Panel',$,.U.,#3036);
#3041=IFCSHAPEREPRESENTATION(#26,'Body','SweptSolid',(#3021));
#3042=IFCSHAPEASPECT((#3041),'Rigid insulation',$,.U.,#3036);
#3043=IFCSHAPEREPRESENTATION(#26,'Body','SweptSolid',(#3030));
#3044=IFCSHAPEASPECT((#3043),'Roofing, Standing Seam',$,.U.,#3036);
#3045=IFCAXIS2PLACEMENT3D(#3,$,$);
#3046=IFCLOCALPLACEMENT(#2986,#3488);
#3047=IFCSLAB('1$O13Gb95Bae30SuLfvVuq',#18,'Basic Roof:Roof_Pitched-50SS-220Ins-20MPan-225Purl:318424',$,'Basic Roof:Roof_Pitched-50SS-220Ins-20MPan-225Purl',#3046,#3036,'318424',.ROOF.);
#3048=IFCQUANTITYAREA('NetArea',$,$,9.3267222773830536,$);
#3049=IFCQUANTITYVOLUME('NetVolume',$,$,4.8032619728522779,$);
#3050=IFCQUANTITYAREA('GrossArea',$,$,100.39200307528206,$);
#3051=IFCQUANTITYVOLUME('GrossVolume',$,$,4.8032619728522779,$);
#3052=IFCSLABTYPE('2ru7YPT4T9MuTpOS4FRzxt',#18,'Basic Roof:Roof_Pitched-50SS-220Ins-20MPan-225Purl',$,$,(#3317),$,'45437',$,.ROOF.);
#3053=IFCMATERIAL('Roofing, Standing Seam',$,'Metal');
#3054=IFCMATERIAL('Metal Panel',$,'Metal');
#3055=IFCMATERIAL('Steel Purlins',$,'Metal');
#3056=IFCMATERIALCONSTITUENT('Roofing, Standing Seam',$,#3053,0.097087378640776698,'Metal');
#3057=IFCQUANTITYLENGTH('Width',$,$,50.,$);
#3058=IFCMATERIALCONSTITUENT('Rigid insulation',$,#608,0.42718446601941745,'Generic');
#3059=IFCQUANTITYLENGTH('Width',$,$,220.,$);
#3060=IFCMATERIALCONSTITUENT('Metal Panel',$,#3054,0.038834951456310676,'Metal');
#3061=IFCQUANTITYLENGTH('Width',$,$,20.,$);
#3062=IFCMATERIALCONSTITUENT('Steel Purlins',$,#3055,0.43689320388349517,'Metal');
#3063=IFCQUANTITYLENGTH('Width',$,$,225.00000000000003,$);
#3064=IFCMATERIALCONSTITUENTSET('Basic Roof:Roof_Pitched-50SS-220Ins-20MPan-225Purl',$,(#3056,#3058,#3060,#3062));
#3065=IFCPHYSICALCOMPLEXQUANTITY('Roofing, Standing Seam',$,(#3057),'Layer',$,$);
#3066=IFCPHYSICALCOMPLEXQUANTITY('Rigid insulation',$,(#3059),'Layer',$,$);
#3067=IFCPHYSICALCOMPLEXQUANTITY('Metal Panel',$,(#3061),'Layer',$,$);
#3068=IFCPHYSICALCOMPLEXQUANTITY('Steel Purlins',$,(#3063),'Layer',$,$);
#3069=IFCQUANTITYLENGTH('Width',$,$,515.,$);
#3070=IFCAXIS2PLACEMENT3D(#3,$,$);
#3072=IFCCARTESIANPOINTLIST2D(((-3923.0950791435225,6795.0000000000318),(-3923.0950791435225,-6795.0000000000318),(3923.0950791435248,-8.6629370343871418E-012),(-3923.0950791435225,6795.0000000000318)));
#3073=IFCINDEXEDPOLYCURVE(#3072,$,.F.);
#3074=IFCARBITRARYCLOSEDPROFILEDEF(.AREA.,$,#3073);
#3075=IFCCARTESIANPOINT((3397.5000000000118,6795.,1961.5475395717644));
#3076=IFCDIRECTION((-0.50000000000000067,0.,0.86602540378443837));
#3077=IFCDIRECTION((0.86602540378443837,0.,0.50000000000000067));
#3078=IFCAXIS2PLACEMENT3D(#3075,#3076,#3077);
#3079=IFCDIRECTION((0.50000000000000067,0.,0.86602540378443837));
#3080=IFCEXTRUDEDAREASOLID(#3074,#3078,#3079,225.00000000000006);
#3081=IFCSTYLEDITEM(#3080,(#3000),$);
#3082=IFCCARTESIANPOINTLIST2D(((-3923.0950791435225,6795.0000000000318),(-3923.0950791435225,-6795.0000000000318),(3923.0950791435248,-8.6629370343871418E-012),(-3923.0950791435225,6795.0000000000318)));
#3083=IFCINDEXEDPOLYCURVE(#3082,$,.F.);
#3084=IFCARBITRARYCLOSEDPROFILEDEF(.AREA.,$,#3083);
#3085=IFCCARTESIANPOINT((3397.5000000000118,6795.,2186.5475395717654));
#3086=IFCDIRECTION((-0.50000000000000067,0.,0.86602540378443837));
#3087=IFCDIRECTION((0.86602540378443837,0.,0.50000000000000067));
#3088=IFCAXIS2PLACEMENT3D(#3085,#3086,#3087);
#3089=IFCDIRECTION((0.50000000000000067,0.,0.86602540378443837));
#3090=IFCEXTRUDEDAREASOLID(#3084,#3088,#3089,20.);
#3091=IFCSTYLEDITEM(#3090,(#3012),$);
#3092=IFCCARTESIANPOINTLIST2D(((-3923.0950791435225,6795.0000000000318),(-3923.0950791435225,-6795.0000000000318),(3923.0950791435248,-8.6629370343871418E-012),(-3923.0950791435225,6795.0000000000318)));
#3093=IFCINDEXEDPOLYCURVE(#3092,$,.F.);
#3094=IFCARBITRARYCLOSEDPROFILEDEF(.AREA.,$,#3093);
#3095=IFCCARTESIANPOINT((3397.5000000000118,6795.,2206.5475395717649));
#3096=IFCDIRECTION((-0.50000000000000067,0.,0.86602540378443837));
#3097=IFCDIRECTION((0.86602540378443837,0.,0.50000000000000067));
#3098=IFCAXIS2PLACEMENT3D(#3095,#3096,#3097);
#3099=IFCDIRECTION((0.50000000000000067,0.,0.86602540378443837));
#3100=IFCEXTRUDEDAREASOLID(#3094,#3098,#3099,220.);
#3101=IFCSTYLEDITEM(#3100,(#577),$);
#3102=IFCCARTESIANPOINTLIST2D(((-3923.0950791435225,6795.0000000000318),(-3923.0950791435225,-6795.0000000000318),(3923.0950791435248,-8.6629370343871418E-012),(-3923.0950791435225,6795.0000000000318)));
#3103=IFCINDEXEDPOLYCURVE(#3102,$,.F.);
#3104=IFCARBITRARYCLOSEDPROFILEDEF(.AREA.,$,#3103);
#3105=IFCCARTESIANPOINT((3397.5000000000118,6795.,2426.5475395717649));
#3106=IFCDIRECTION((-0.50000000000000067,0.,0.86602540378443837));
#3107=IFCDIRECTION((0.86602540378443837,0.,0.50000000000000067));
#3108=IFCAXIS2PLACEMENT3D(#3105,#3106,#3107);
#3109=IFCDIRECTION((0.50000000000000067,0.,0.86602540378443837));
#3110=IFCEXTRUDEDAREASOLID(#3104,#3108,#3109,50.);
#3111=IFCSTYLEDITEM(#3110,(#3033),$);
#3112=IFCSHAPEREPRESENTATION(#26,'Body','SweptSolid',(#3080,#3090,#3100,#3110));
#3113=IFCPRODUCTDEFINITIONSHAPE($,$,(#3112));
#3114=IFCSHAPEREPRESENTATION(#26,'Body','SweptSolid',(#3080));
#3115=IFCSHAPEASPECT((#3114),'Steel Purlins',$,.U.,#3113);
#3116=IFCSHAPEREPRESENTATION(#26,'Body','SweptSolid',(#3090));
#3117=IFCSHAPEASPECT((#3116),'Metal Panel',$,.U.,#3113);
#3118=IFCSHAPEREPRESENTATION(#26,'Body','SweptSolid',(#3100));
#3119=IFCSHAPEASPECT((#3118),'Rigid insulation',$,.U.,#3113);
#3120=IFCSHAPEREPRESENTATION(#26,'Body','SweptSolid',(#3110));
#3121=IFCSHAPEASPECT((#3120),'Roofing, Standing Seam',$,.U.,#3113);
#3122=IFCAXIS2PLACEMENT3D(#3,$,$);
#3123=IFCLOCALPLACEMENT(#2986,#3489);
#3124=IFCSLAB('1$O13Gb95Bae30SuHfvVuq',#18,'Basic Roof:Roof_Pitched-50SS-220Ins-20MPan-225Purl:318424',$,'Basic Roof:Roof_Pitched-50SS-220Ins-20MPan-225Purl',#3123,#3113,'318424',.ROOF.);
#3125=IFCQUANTITYAREA('NetArea',$,$,4.953112768645453,$);
#3126=IFCQUANTITYVOLUME('NetVolume',$,$,2.5508530758524093,$);
#3127=IFCQUANTITYAREA('GrossArea',$,$,53.314862125560722,$);
#3128=IFCQUANTITYVOLUME('GrossVolume',$,$,2.5508530758524093,$);
#3129=IFCAXIS2PLACEMENT3D(#3,$,$);
#3131=IFCCARTESIANPOINTLIST2D(((-9794.9999999999636,-3923.0950791435225),(9794.9999999999636,-3923.0950791435225),(2999.9999999999113,3923.0950791435221),(-2999.9999999999386,3923.0950791435234),(-9794.9999999999636,-3923.0950791435225)));
#3132=IFCINDEXEDPOLYCURVE(#3131,$,.F.);
#3133=IFCARBITRARYCLOSEDPROFILEDEF(.AREA.,$,#3132);
#3134=IFCCARTESIANPOINT((9795.,3397.5000000000118,1961.5475395717644));
#3135=IFCDIRECTION((0.,-0.50000000000000056,0.86602540378443837));
#3136=IFCAXIS2PLACEMENT3D(#3134,#3135,#5);
#3137=IFCDIRECTION((0.,0.50000000000000056,0.86602540378443837));
#3138=IFCEXTRUDEDAREASOLID(#3133,#3136,#3137,225.00000000000006);
#3139=IFCSTYLEDITEM(#3138,(#3000),$);
#3140=IFCCARTESIANPOINTLIST2D(((-9794.9999999999636,-3923.0950791435225),(9794.9999999999636,-3923.0950791435225),(2999.9999999999113,3923.0950791435221),(-2999.9999999999386,3923.0950791435234),(-9794.9999999999636,-3923.0950791435225)));
#3141=IFCINDEXEDPOLYCURVE(#3140,$,.F.);
#3142=IFCARBITRARYCLOSEDPROFILEDEF(.AREA.,$,#3141);
#3143=IFCCARTESIANPOINT((9795.,3397.5000000000118,2186.5475395717654));
#3144=IFCDIRECTION((0.,-0.50000000000000056,0.86602540378443837));
#3145=IFCAXIS2PLACEMENT3D(#3143,#3144,#5);
#3146=IFCDIRECTION((0.,0.50000000000000056,0.86602540378443837));
#3147=IFCEXTRUDEDAREASOLID(#3142,#3145,#3146,20.);
#3148=IFCSTYLEDITEM(#3147,(#3012),$);
#3149=IFCCARTESIANPOINTLIST2D(((-9794.9999999999636,-3923.0950791435225),(9794.9999999999636,-3923.0950791435225),(2999.9999999999113,3923.0950791435221),(-2999.9999999999386,3923.0950791435234),(-9794.9999999999636,-3923.0950791435225)));
#3150=IFCINDEXEDPOLYCURVE(#3149,$,.F.);
#3151=IFCARBITRARYCLOSEDPROFILEDEF(.AREA.,$,#3150);
#3152=IFCCARTESIANPOINT((9795.,3397.5000000000118,2206.5475395717649));
#3153=IFCDIRECTION((0.,-0.50000000000000056,0.86602540378443837));
#3154=IFCAXIS2PLACEMENT3D(#3152,#3153,#5);
#3155=IFCDIRECTION((0.,0.50000000000000056,0.86602540378443837));
#3156=IFCEXTRUDEDAREASOLID(#3151,#3154,#3155,220.);
#3157=IFCSTYLEDITEM(#3156,(#577),$);
#3158=IFCCARTESIANPOINTLIST2D(((-9794.9999999999636,-3923.0950791435225),(9794.9999999999636,-3923.0950791435225),(2999.9999999999113,3923.0950791435221),(-2999.9999999999386,3923.0950791435234),(-9794.9999999999636,-3923.0950791435225)));
#3159=IFCINDEXEDPOLYCURVE(#3158,$,.F.);
#3160=IFCARBITRARYCLOSEDPROFILEDEF(.AREA.,$,#3159);
#3161=IFCCARTESIANPOINT((9795.,3397.5000000000118,2426.5475395717649));
#3162=IFCDIRECTION((0.,-0.50000000000000056,0.86602540378443837));
#3163=IFCAXIS2PLACEMENT3D(#3161,#3162,#5);
#3164=IFCDIRECTION((0.,0.50000000000000056,0.86602540378443837));
#3165=IFCEXTRUDEDAREASOLID(#3160,#3163,#3164,50.);
#3166=IFCSTYLEDITEM(#3165,(#3033),$);
#3167=IFCSHAPEREPRESENTATION(#26,'Body','SweptSolid',(#3138,#3147,#3156,#3165));
#3168=IFCPRODUCTDEFINITIONSHAPE($,$,(#3167));
#3169=IFCSHAPEREPRESENTATION(#26,'Body','SweptSolid',(#3138));
#3170=IFCSHAPEASPECT((#3169),'Steel Purlins',$,.U.,#3168);
#3171=IFCSHAPEREPRESENTATION(#26,'Body','SweptSolid',(#3147));
#3172=IFCSHAPEASPECT((#3171),'Metal Panel',$,.U.,#3168);
#3173=IFCSHAPEREPRESENTATION(#26,'Body','SweptSolid',(#3156));
#3174=IFCSHAPEASPECT((#3173),'Rigid insulation',$,.U.,#3168);
#3175=IFCSHAPEREPRESENTATION(#26,'Body','SweptSolid',(#3165));
#3176=IFCSHAPEASPECT((#3175),'Roofing, Standing Seam',$,.U.,#3168);
#3177=IFCAXIS2PLACEMENT3D(#3,$,$);
#3178=IFCLOCALPLACEMENT(#2986,#3490);
#3179=IFCSLAB('1$O13Gb95Bae30SuDfvVuq',#18,'Basic Roof:Roof_Pitched-50SS-220Ins-20MPan-225Purl:318424',$,'Basic Roof:Roof_Pitched-50SS-220Ins-20MPan-225Purl',#3178,#3168,'318424',.ROOF.);
#3180=IFCQUANTITYAREA('NetArea',$,$,9.3267222773830358,$);
#3181=IFCQUANTITYVOLUME('NetVolume',$,$,4.8032619728522654,$);
#3182=IFCQUANTITYAREA('GrossArea',$,$,100.39200307528188,$);
#3183=IFCQUANTITYVOLUME('GrossVolume',$,$,4.8032619728522654,$);
#3184=IFCAXIS2PLACEMENT3D(#3,$,$);
#3186=IFCCARTESIANPOINTLIST2D(((-3923.0950791435334,-8.6629370343871418E-012),(3923.0950791435353,-6795.0000000000318),(3923.0950791435353,6795.0000000000318),(-3923.0950791435334,-8.6629370343871418E-012)));
#3187=IFCINDEXEDPOLYCURVE(#3186,$,.F.);
#3188=IFCARBITRARYCLOSEDPROFILEDEF(.AREA.,$,#3187);
#3189=IFCCARTESIANPOINT((16192.499999999898,6795.,1961.5475395717644));
#3190=IFCDIRECTION((0.499999999999999,0.,0.86602540378443926));
#3191=IFCDIRECTION((0.86602540378443926,0.,-0.499999999999999));
#3192=IFCAXIS2PLACEMENT3D(#3189,#3190,#3191);
#3193=IFCDIRECTION((-0.499999999999999,0.,0.86602540378443926));
#3194=IFCEXTRUDEDAREASOLID(#3188,#3192,#3193,225.00000000000006);
#3195=IFCSTYLEDITEM(#3194,(#3000),$);
#3196=IFCCARTESIANPOINTLIST2D(((-3923.0950791435334,-8.6629370343871418E-012),(3923.0950791435353,-6795.0000000000318),(3923.0950791435353,6795.0000000000318),(-3923.0950791435334,-8.6629370343871418E-012)));
#3197=IFCINDEXEDPOLYCURVE(#3196,$,.F.);
#3198=IFCARBITRARYCLOSEDPROFILEDEF(.AREA.,$,#3197);
#3199=IFCCARTESIANPOINT((16192.499999999898,6795.,2186.5475395717654));
#3200=IFCDIRECTION((0.499999999999999,0.,0.86602540378443926));
#3201=IFCDIRECTION((0.86602540378443926,0.,-0.499999999999999));
#3202=IFCAXIS2PLACEMENT3D(#3199,#3200,#3201);
#3203=IFCDIRECTION((-0.499999999999999,0.,0.86602540378443926));
#3204=IFCEXTRUDEDAREASOLID(#3198,#3202,#3203,20.);
#3205=IFCSTYLEDITEM(#3204,(#3012),$);
#3206=IFCCARTESIANPOINTLIST2D(((-3923.0950791435334,-8.6629370343871418E-012),(3923.0950791435353,-6795.0000000000318),(3923.0950791435353,6795.0000000000318),(-3923.0950791435334,-8.6629370343871418E-012)));
#3207=IFCINDEXEDPOLYCURVE(#3206,$,.F.);
#3208=IFCARBITRARYCLOSEDPROFILEDEF(.AREA.,$,#3207);
#3209=IFCCARTESIANPOINT((16192.499999999898,6795.,2206.5475395717649));
#3210=IFCDIRECTION((0.499999999999999,0.,0.86602540378443926));
#3211=IFCDIRECTION((0.86602540378443926,0.,-0.499999999999999));
#3212=IFCAXIS2PLACEMENT3D(#3209,#3210,#3211);
#3213=IFCDIRECTION((-0.499999999999999,0.,0.86602540378443926));
#3214=IFCEXTRUDEDAREASOLID(#3208,#3212,#3213,220.);
#3215=IFCSTYLEDITEM(#3214,(#577),$);
#3216=IFCCARTESIANPOINTLIST2D(((-3923.0950791435334,-8.6629370343871418E-012),(3923.0950791435353,-6795.0000000000318),(3923.0950791435353,6795.0000000000318),(-3923.0950791435334,-8.6629370343871418E-012)));
#3217=IFCINDEXEDPOLYCURVE(#3216,$,.F.);
#3218=IFCARBITRARYCLOSEDPROFILEDEF(.AREA.,$,#3217);
#3219=IFCCARTESIANPOINT((16192.499999999898,6795.,2426.5475395717649));
#3220=IFCDIRECTION((0.499999999999999,0.,0.86602540378443926));
#3221=IFCDIRECTION((0.86602540378443926,0.,-0.499999999999999));
#3222=IFCAXIS2PLACEMENT3D(#3219,#3220,#3221);
#3223=IFCDIRECTION((-0.499999999999999,0.,0.86602540378443926));
#3224=IFCEXTRUDEDAREASOLID(#3218,#3222,#3223,50.000000000000007);
#3225=IFCSTYLEDITEM(#3224,(#3033),$);
#3226=IFCSHAPEREPRESENTATION(#26,'Body','SweptSolid',(#3194,#3204,#3214,#3224));
#3227=IFCPRODUCTDEFINITIONSHAPE($,$,(#3226));
#3228=IFCSHAPEREPRESENTATION(#26,'Body','SweptSolid',(#3194));
#3229=IFCSHAPEASPECT((#3228),'Steel Purlins',$,.U.,#3227);
#3230=IFCSHAPEREPRESENTATION(#26,'Body','SweptSolid',(#3204));
#3231=IFCSHAPEASPECT((#3230),'Metal Panel',$,.U.,#3227);
#3232=IFCSHAPEREPRESENTATION(#26,'Body','SweptSolid',(#3214));
#3233=IFCSHAPEASPECT((#3232),'Rigid insulation',$,.U.,#3227);
#3234=IFCSHAPEREPRESENTATION(#26,'Body','SweptSolid',(#3224));
#3235=IFCSHAPEASPECT((#3234),'Roofing, Standing Seam',$,.U.,#3227);
#3236=IFCAXIS2PLACEMENT3D(#3,$,$);
#3237=IFCLOCALPLACEMENT(#2986,#3491);
#3238=IFCSLAB('1$O13Gb95Bae30Su9fvVuq',#18,'Basic Roof:Roof_Pitched-50SS-220Ins-20MPan-225Purl:318424',$,'Basic Roof:Roof_Pitched-50SS-220Ins-20MPan-225Purl',#3237,#3227,'318424',.ROOF.);
#3239=IFCQUANTITYAREA('NetArea',$,$,4.9531127686454699,$);
#3240=IFCQUANTITYVOLUME('NetVolume',$,$,2.5508530758524213,$);
#3241=IFCQUANTITYAREA('GrossArea',$,$,53.3148621255609,$);
#3242=IFCQUANTITYVOLUME('GrossVolume',$,$,2.5508530758524213,$);
#3243=IFCROOF('1$O13Gb95Bae30SuTfvVuq',#18,'Basic Roof:Roof_Pitched-50SS-220Ins-20MPan-225Purl:318424',$,'Basic Roof:Roof_Pitched-50SS-220Ins-20MPan-225Purl',#2986,$,'318424',.NOTDEFINED.);
#3244=IFCRELAGGREGATES('2yF$7xdxgDy2wA9rgLCfcU',#18,$,$,#3243,(#3047,#3124,#3179,#3238));
#3245=IFCPROPERTYSINGLEVALUE('Reference',$,IFCIDENTIFIER('Roof_Pitched-50SS-220Ins-20MPan-225Purl'),$);
#3246=IFCPROPERTYSET('2l1nMPGNocCWn_BzCSGjTn',#18,'Pset_EnvironmentalImpactIndicators',$,(#3245));
#3247=IFCPROPERTYSINGLEVALUE('Reference',$,IFCLABEL('Roof_Pitched-50SS-220Ins-20MPan-225Purl'),$);
#3248=IFCPROPERTYSET('0CuMrvQPTv1QC1xkqfWkRx',#18,'Pset_ReinforcementBarPitchOfSlab',$,(#3247));
#3249=IFCPROPERTYSINGLEVALUE('PitchAngle',$,IFCPLANEANGLEMEASURE(30.),$);
#3250=IFCPROPERTYSET('1MCHYOwoR3Gn2w5y6ZjAtG',#18,'Pset_SlabCommon',$,(#144,#3245,#3249));
#3251=IFCPROPERTYSET('2$XciAzr0LaUi5$6KEBPjL',#18,'Pset_EnvironmentalImpactIndicators',$,(#3245));
#3252=IFCPROPERTYSINGLEVALUE('Reference',$,IFCLABEL('Roof_Pitched-50SS-220Ins-20MPan-225Purl'),$);
#3253=IFCPROPERTYSET('2e39dj3yarsqITi1Z9ZzER',#18,'Pset_ReinforcementBarPitchOfSlab',$,(#3252));
#3254=IFCPROPERTYSET('3rqpwx6cYXtc6kxjTihDtk',#18,'Pset_SlabCommon',$,(#144,#3245,#3249));
#3255=IFCPROPERTYSET('2ZkUEvaAed2MdseuMppVvH',#18,'Pset_EnvironmentalImpactIndicators',$,(#3245));
#3256=IFCPROPERTYSINGLEVALUE('Reference',$,IFCLABEL('Roof_Pitched-50SS-220Ins-20MPan-225Purl'),$);
#3257=IFCPROPERTYSET('3tSiS$B8rfFNE0gG0Fii93',#18,'Pset_ReinforcementBarPitchOfSlab',$,(#3256));
#3258=IFCPROPERTYSET('24vz9swm_2p_JDSjKZCkU8',#18,'Pset_SlabCommon',$,(#144,#3245,#3249));
#3259=IFCPROPERTYSET('0ZWiZbcu9XfZ0lwVFh30ql',#18,'Pset_EnvironmentalImpactIndicators',$,(#3245));
#3260=IFCPROPERTYSINGLEVALUE('Reference',$,IFCLABEL('Roof_Pitched-50SS-220Ins-20MPan-225Purl'),$);
#3261=IFCPROPERTYSET('2y4ocZo9VdQzKRo6UiG6Zb',#18,'Pset_ReinforcementBarPitchOfSlab',$,(#3260));
#3262=IFCPROPERTYSET('3KwcBqIiXRWA_irNlb7Lkd',#18,'Pset_SlabCommon',$,(#144,#3245,#3249));
#3263=IFCPROPERTYSET('2E6PYKRTa62Xhp424GLiTy',#18,'Pset_EnvironmentalImpactIndicators',$,(#3245));
#3264=IFCPROPERTYSET('11TeJeUtMqepmgCadoPR8O',#18,'Pset_RoofCommon',$,(#144,#3245));
#3265=IFCRELDEFINESBYPROPERTIES('2lddb46OKyVxhkLP8S_n8M',#18,$,$,(#3047),#3246);
#3266=IFCRELDEFINESBYPROPERTIES('1_T4f6CMmmjNLvehEerXPH',#18,$,$,(#3047),#3248);
#3267=IFCRELDEFINESBYPROPERTIES('3iyZTD5V8kOteppuVvK$xZ',#18,$,$,(#3047),#3250);
#3268=IFCRELDEFINESBYPROPERTIES('08og$gDw9Qko_sQnbHpwgK',#18,$,$,(#3124),#3251);
#3269=IFCRELDEFINESBYPROPERTIES('0VMNBS_GgL_Ru6qvzmX0uj',#18,$,$,(#3124),#3253);
#3270=IFCRELDEFINESBYPROPERTIES('3weqTfBo21daS3tXfm9IpS',#18,$,$,(#3124),#3254);
#3271=IFCRELDEFINESBYPROPERTIES('1gWDIshWzG9scdLoYiRkyF',#18,$,$,(#3179),#3255);
#3272=IFCRELDEFINESBYPROPERTIES('2xCZZ6xqBKqAJEfxi3svop',#18,$,$,(#3179),#3257);
#3273=IFCRELDEFINESBYPROPERTIES('3jPJ6_EdoNvA3gwRhwEHSx',#18,$,$,(#3179),#3258);
#3274=IFCRELDEFINESBYPROPERTIES('24lSa86E6DGh7H_wBigd4E',#18,$,$,(#3238),#3259);
#3275=IFCRELDEFINESBYPROPERTIES('1Q_ajMpavDAhWxGYXklOkL',#18,$,$,(#3238),#3261);
#3276=IFCRELDEFINESBYPROPERTIES('2FsfBNFvqJrvh7zod$Z9w3',#18,$,$,(#3238),#3262);
#3277=IFCRELDEFINESBYPROPERTIES('3L2c31$DcRfxers3p3SCAM',#18,$,$,(#3243),#3263);
#3278=IFCRELDEFINESBYPROPERTIES('2OBQz5u9K3wUm5Q0IqS8h0',#18,$,$,(#3243),#3264);
#3279=IFCQUANTITYAREA('GrossArea','',$,307.41373040168554,$);
#3280=IFCQUANTITYAREA('NetArea','',$,307.41373040168554,$);
#3281=IFCQUANTITYAREA('ProjectedArea','',$,266.22810000000027,$);
#3282=IFCELEMENTQUANTITY('0tjtdMa9WRuok6CutH$zyH',#18,'Qto_RoofBaseQuantities',$,$,(#3279,#3280,#3281));
#3283=IFCRELDEFINESBYPROPERTIES('1bFwFK0Gl70S4FQ3GGYjEN',#18,$,$,(#3243),#3282);
#3284=IFCQUANTITYLENGTH('Length','',$,515.00000000000057,$);
#3285=IFCQUANTITYLENGTH('Perimeter','',$,46349.067898149857,$);
#3286=IFCQUANTITYAREA('GrossArea','',$,9.3267222773830536,$);
#3287=IFCQUANTITYAREA('NetArea','',$,307.41373040168554,$);
#3288=IFCQUANTITYVOLUME('GrossVolume','',$,4.8032619728522779,$);
#3289=IFCQUANTITYVOLUME('NetVolume','',$,158.3180711568678,$);
#3290=IFCELEMENTQUANTITY('28C4foiIP30SY3smmXjGyd',#18,'Qto_SlabBaseQuantities',$,$,(#3048,#3049,#3050,#3051,#3065,#3066,#3067,#3068,#3069,#3284,#3285));
#3291=IFCRELDEFINESBYPROPERTIES('36tgVUdkmnX3DtjwdeNWaL',#18,$,$,(#3047),#3290);
#3292=IFCQUANTITYLENGTH('Length','',$,515.00000000000023,$);
#3293=IFCQUANTITYLENGTH('Perimeter','',$,34349.067898150111,$);
#3294=IFCQUANTITYAREA('GrossArea','',$,4.953112768645453,$);
#3295=IFCQUANTITYAREA('NetArea','',$,307.41373040168554,$);
#3296=IFCQUANTITYVOLUME('GrossVolume','',$,2.5508530758524093,$);
#3297=IFCQUANTITYVOLUME('NetVolume','',$,158.3180711568678,$);
#3298=IFCELEMENTQUANTITY('3aT9yf9uDBMbWPe6H$JK8W',#18,'Qto_SlabBaseQuantities',$,$,(#3065,#3066,#3067,#3068,#3069,#3125,#3126,#3127,#3128,#3292,#3293));
#3299=IFCRELDEFINESBYPROPERTIES('3JIYeZPP$LdavT1J2pElZM',#18,$,$,(#3124),#3298);
#3300=IFCQUANTITYLENGTH('Length','',$,515.00000000000023,$);
#3301=IFCQUANTITYLENGTH('Perimeter','',$,46349.06789814982,$);
#3302=IFCQUANTITYAREA('GrossArea','',$,9.3267222773830358,$);
#3303=IFCQUANTITYAREA('NetArea','',$,307.41373040168554,$);
#3304=IFCQUANTITYVOLUME('GrossVolume','',$,4.8032619728522654,$);
#3305=IFCQUANTITYVOLUME('NetVolume','',$,158.3180711568678,$);
#3306=IFCELEMENTQUANTITY('2L8mpmAaYXdrbwgbaIZmB3',#18,'Qto_SlabBaseQuantities',$,$,(#3065,#3066,#3067,#3068,#3069,#3180,#3181,#3182,#3183,#3300,#3301));
#3307=IFCRELDEFINESBYPROPERTIES('2BZUr0TpdXNiNq93GE7_fB',#18,$,$,(#3179),#3306);
#3308=IFCQUANTITYLENGTH('Length','',$,515.0000000000008,$);
#3309=IFCQUANTITYLENGTH('Perimeter','',$,34349.067898150148,$);
#3310=IFCQUANTITYAREA('GrossArea','',$,4.9531127686454699,$);
#3311=IFCQUANTITYAREA('NetArea','',$,307.41373040168554,$);
#3312=IFCQUANTITYVOLUME('GrossVolume','',$,2.5508530758524213,$);
#3313=IFCQUANTITYVOLUME('NetVolume','',$,158.3180711568678,$);
#3314=IFCELEMENTQUANTITY('32Ag_ZvaKnuPK1jgUnnsXv',#18,'Qto_SlabBaseQuantities',$,$,(#3065,#3066,#3067,#3068,#3069,#3239,#3240,#3241,#3242,#3308,#3309));
#3315=IFCRELDEFINESBYPROPERTIES('0OMSeHsx2UKEINSx073Nav',#18,$,$,(#3238),#3314);
#3316=IFCPROPERTYSINGLEVALUE('ThermalTransmittance',$,IFCTHERMALTRANSMITTANCEMEASURE(0.15892777798224483),$);
#3317=IFCPROPERTYSET('2mRrEUNcI$BGOj5BI_NYpG',#18,'Pset_SlabCommon',$,(#3316));
#3318=IFCPROPERTYSINGLEVALUE('Reference',$,IFCIDENTIFIER('Circle Head - Project Datum'),$);
#3319=IFCPROPERTYSINGLEVALUE('AboveGround',$,IFCLOGICAL(.U.),$);
#3320=IFCPROPERTYSET('2QFFSloDKLdASEirlNrsWG',#18,'Pset_BuildingStoreyCommon',$,(#3318,#3319));
#3321=IFCRELDEFINESBYPROPERTIES('24vWbHxUvnwTMhwrnGQFQP',#18,$,$,(#37),#3320);
#3322=IFCRELCONTAINEDINSPATIALSTRUCTURE('3Zu5Bv0LOHrPC10066FoQQ',#18,$,$,(#112,#204,#264,#332,#540,#700,#767,#1517,#2202,#2337,#2489,#2524,#2581,#2614,#2648,#2770,#2815,#2847),#37);
#3323=IFCPROPERTYSET('2y6jqut2mGsxPM5c1zUPr2',#18,'Pset_BuildingStoreyCommon',$,(#3318,#3319));
#3324=IFCRELDEFINESBYPROPERTIES('03h9WtlPXy$ENv9AiS5UZC',#18,$,$,(#41),#3323);
#3325=IFCRELCONTAINEDINSPATIALSTRUCTURE('15Z0v90RiHrPC20066FoKR',#18,$,$,(#392,#452,#512,#818,#2450,#2559,#2682,#2723,#2869,#2955,#2971),#41);
#3326=IFCPROPERTYSET('1_tAw3DgkFGjNPxssqw8RR',#18,'Pset_BuildingStoreyCommon',$,(#3318,#3319));
#3327=IFCRELDEFINESBYPROPERTIES('2SlOTGLVbcJdG1k5c28xZP',#18,$,$,(#45),#3326);
#3328=IFCRELCONTAINEDINSPATIALSTRUCTURE('1$O13Gb95Bae30SuPfvUuA',#18,$,$,(#3243),#45);
#3329=IFCRELAGGREGATES('2xJjLNIBb0_wAHR9Wcw1Fx',#18,$,$,#29,(#48));
#3330=IFCRELAGGREGATES('2CpisUgjBfwPIEFJEtq0qD',#18,$,$,#48,(#34));
#3331=IFCRELAGGREGATES('2$1LAsj$T3CPRLiPj39tWH',#18,$,$,#34,(#37,#41,#45));
#3332=IFCPROPERTYSINGLEVALUE('NumberOfStoreys',$,IFCINTEGER(3),$);
#3333=IFCPROPERTYSINGLEVALUE('IsLandmarked',$,IFCLOGICAL(.U.),$);
#3334=IFCPROPERTYSET('1sCx9puRo1TPLLPReUhH1s',#18,'Pset_BuildingCommon',$,(#49,#3332,#3333));
#3335=IFCPROPERTYSET('3pdklwoIfoDt_Cbv9V8IsR',#18,'Pset_BuildingElementProxyCommon',$,(#49,#638));
#3336=IFCPROPERTYSET('3QvsQP_iAuq_V40rXkNGWk',#18,'Pset_BuildingStoreyCommon',$,(#49,#3319));
#3337=IFCPROPERTYSET('3WBEQslrGstRKnOAZJf78X',#18,'Pset_BuildingSystemCommon',$,(#49));
#3338=IFCRELDEFINESBYPROPERTIES('1g4BNoMsFHq_xe2FGyw5Lc',#18,$,$,(#34),#3334);
#3339=IFCRELDEFINESBYPROPERTIES('12cUbZUBcoMA3T5u5Sbs0G',#18,$,$,(#34),#3335);
#3340=IFCRELDEFINESBYPROPERTIES('0gQPpapl1cFmmbvXCk1Nhi',#18,$,$,(#34),#3336);
#3341=IFCRELDEFINESBYPROPERTIES('3ltneJwxTi7F5EbGIzOVhH',#18,$,$,(#34),#3337);
#3342=IFCRELASSOCIATESMATERIAL('2LNX9mwQi$4aYF_qd0qHBg',#18,$,$,(#1493),#1509);
#3343=IFCRELASSOCIATESMATERIAL('3B$D2bT5gWySlR8unFN_AT',#18,$,$,(#1517),#1521);
#3344=IFCRELASSOCIATESMATERIAL('2Kk$g4r_oleD3ZDs0rDXj8',#18,$,$,(#2182),#2195);
#3345=IFCRELASSOCIATESMATERIAL('3DrrttZ9ns6$5HCrUeVCzK',#18,$,$,(#2202),#2206);
#3346=IFCRELASSOCIATESMATERIAL('3Q94zIkzC$pcyVFHn4HM3B',#18,$,$,(#2318),#2330);
#3347=IFCRELASSOCIATESMATERIAL('36o6jpivXu9tEICD8GL8SB',#18,$,$,(#2337),#2340);
#3348=IFCRELASSOCIATESMATERIAL('0LYrEsVtLEb9ANXoqbOAay',#18,$,$,(#2436),#2443);
#3349=IFCRELASSOCIATESMATERIAL('1G5eDUJNnW99VzXLuPKLvY',#18,$,$,(#2450),#2453);
#3350=IFCRELASSOCIATESMATERIAL('2d8NIqCPogouDQFCDESy6C',#18,$,$,(#2971),#2975);
#3351=IFCRELASSOCIATESMATERIAL('2UArYIJjnizou73U5oRnvA',#18,$,$,(#2608,#2614,#2642,#2648,#2675,#2682),#116);
#3352=IFCRELASSOCIATESMATERIAL('2rBnIDN9PI2fIF$rR$uOem',#18,$,$,(#112,#139,#204,#264,#332,#392,#452,#512),#125);
#3353=IFCRELASSOCIATESMATERIAL('2u1MZ5J1ZAkRsbu$HgPiWI',#18,$,$,(#540,#602,#2869),#626);
#3354=IFCRELASSOCIATESMATERIAL('38vc0uNQPvW4IJAHBPB_pn',#18,$,$,(#700,#721,#767,#818),#708);
#3355=IFCRELASSOCIATESMATERIAL('3vbbVYPBaSZ6lsTsPS36sL',#18,$,$,(#2481,#2489,#2517,#2524,#2552,#2559,#2581,#2714,#2723),#2482);
#3356=IFCRELASSOCIATESMATERIAL('1CLGSqSE52uOnUVybGl8CD',#18,$,$,(#2770,#2815,#2847,#2955),#2776);
#3357=IFCRELASSOCIATESMATERIAL('3bUdwb8GCq42_gm7zYgyVm',#18,$,$,(#3047,#3124,#3179,#3238),#3064);
#3358=IFCRELDEFINESBYTYPE('0gcPovOn7QcR6iCsNwgUL8',#18,$,$,(#112,#204,#264,#332,#392,#452,#512),#139);
#3359=IFCRELDEFINESBYTYPE('38B08YthVKLdXB2nMRbo0l',#18,$,$,(#540,#2869),#602);
#3360=IFCRELDEFINESBYTYPE('2lc1kUj1Ak6cFo9B9UFuCM',#18,$,$,(#700,#767,#818),#721);
#3361=IFCRELDEFINESBYTYPE('0gZKY8dOZG9DY5cfhQ42qE',#18,$,$,(#1517),#1493);
#3362=IFCRELDEFINESBYTYPE('13o2XwjhWoC8njns$KCWtZ',#18,$,$,(#2202,#2971),#2182);
#3363=IFCRELDEFINESBYTYPE('11L8p_b58yvxmRovSBRi3s',#18,$,$,(#2337),#2318);
#3364=IFCRELDEFINESBYTYPE('1g8huo0qk1foYhhdSX7EVM',#18,$,$,(#2450),#2436);
#3365=IFCRELDEFINESBYTYPE('29y_CXPrYuy_XrxRPz3veV',#18,$,$,(#2489),#2481);
#3366=IFCRELDEFINESBYTYPE('248ayZGKVaeQSX4XxsqK6D',#18,$,$,(#2524,#2581),#2517);
#3367=IFCRELDEFINESBYTYPE('3DuXJA17J2hf2RBvvcyvAE',#18,$,$,(#2559),#2552);
#3368=IFCRELDEFINESBYTYPE('3crp9Lw4Bb_CkSXxgsC3QS',#18,$,$,(#2614),#2608);
#3369=IFCRELDEFINESBYTYPE('2Tl$rZ_IXcPVoZ0gg46YuC',#18,$,$,(#2648),#2642);
#3370=IFCRELDEFINESBYTYPE('269n$gmEfvWztf9$0_QJBd',#18,$,$,(#2682),#2675);
#3371=IFCRELDEFINESBYTYPE('1Ujn3ZnRkhEZfv8pdrX5pz',#18,$,$,(#2723),#2714);
#3372=IFCRELDEFINESBYTYPE('3Xc2Qcv3N2ZXyUjexyFY8i',#18,$,$,(#2770,#2815,#2847,#2955),#2780);
#3373=IFCRELDEFINESBYTYPE('3PuY$SWhFXKEtWD91fkNkd',#18,$,$,(#3047,#3124,#3179,#3238),#3052);
#3374=IFCPRESENTATIONLAYERASSIGNMENT('A-WALL-____-OTLN',$,(#57,#103,#104,#106,#108,#110,#165,#195,#196,#198,#200,#202,#225,#255,#256,#258,#260,#262,#285,#323,#324,#326,#328,#330,#353,#383,#384,#386,#388,#390,#413,#443,#444,#446,#448,#450,#473,#503,#504,#506,#508,#510),$);
#3375=IFCPRESENTATIONLAYERASSIGNMENT('A-FLOR-____-OTLN',$,(#591,#592,#594,#596,#598,#600,#2905,#2906,#2908,#2910,#2912,#2914),$);
#3376=IFCPRESENTATIONLAYERASSIGNMENT('I-WALL-____-OTLN',$,(#661,#693,#694,#696,#698,#737,#760,#761,#763,#765,#788,#811,#812,#814,#816),$);
#3377=IFCPRESENTATIONLAYERASSIGNMENT('A-DOOR-____-OTLN',$,(#1488,#1498,#1501,#1504,#1507,#1512,#2177,#2184,#2187,#2190,#2193,#2197,#2966),$);
#3378=IFCPRESENTATIONLAYERASSIGNMENT('A-GLAZ-____-OTLN',$,(#2314,#2322,#2325,#2328,#2332,#2432,#2438,#2441,#2445),$);
#3379=IFCPRESENTATIONLAYERASSIGNMENT('S-COLS-____-OTLN',$,(#2478,#2484,#2514,#2519,#2549,#2554,#2576),$);
#3380=IFCPRESENTATIONLAYERASSIGNMENT('A-COLS-____-OTLN',$,(#2605,#2610,#2639,#2644,#2672,#2677),$);
#3381=IFCPRESENTATIONLAYERASSIGNMENT('S-BEAM-____-OTLN',$,(#2706,#2709,#2716,#2718),$);
#3382=IFCPRESENTATIONLAYERASSIGNMENT('A-CLNG-____-OTLN',$,(#2765,#2766,#2768,#2810,#2811,#2813,#2842,#2843,#2845,#2950,#2951,#2953),$);
#3383=IFCPRESENTATIONLAYERASSIGNMENT('A-ROOF-____-OTLN',$,(#3035,#3037,#3039,#3041,#3043,#3112,#3114,#3116,#3118,#3120,#3167,#3169,#3171,#3173,#3175,#3226,#3228,#3230,#3232,#3234),$);
#3384=IFCCARTESIANPOINTLIST2D(((2110.,1809.9999999999973),(0.,1809.9999999999973),(0.,0.),(2110.,0.),(2110.,1809.9999999999973)));
#3385=IFCINDEXEDPOLYCURVE(#3384,$,.F.);
#3386=IFCARBITRARYCLOSEDPROFILEDEF(.AREA.,$,#3385);
#3387=IFCAXIS2PLACEMENT3D(#3,#7,#9);
#3388=IFCEXTRUDEDAREASOLID(#3386,#3387,#9,290.);
#3389=IFCSHAPEREPRESENTATION(#26,'Body','SweptSolid',(#3388));
#3390=IFCPRODUCTDEFINITIONSHAPE($,$,(#3389));
#3391=IFCCARTESIANPOINT((2190.,-145.,0.));
#3392=IFCAXIS2PLACEMENT3D(#3391,$,$);
#3393=IFCLOCALPLACEMENT(#282,#3392);
#3394=IFCOPENINGELEMENT('3Mc2vyMXivWfzFkL3NrJvb',#18,'Doors_ExtDbl_Flush:1810x2110mm:315162:1',$,$,#3393,#3390,'315162',.OPENING.);
#3395=IFCRELVOIDSELEMENT('1$O13Gb95Bae30SvDfvUhs',#18,$,$,#332,#3394);
#3396=IFCQUANTITYLENGTH('Depth',$,$,290.,$);
#3397=IFCQUANTITYLENGTH('Height',$,$,1809.9999999999973,$);
#3398=IFCQUANTITYLENGTH('Width',$,$,2110.,$);
#3399=IFCELEMENTQUANTITY('12Z4Abx4p3OGHwuHqiy8eN',#18,'Qto_OpeningElementBaseQuantities',$,$,(#3396,#3397,#3398));
#3400=IFCRELDEFINESBYPROPERTIES('0InTlQ1jSqESXfiTAX7tcM',#18,$,$,(#3394),#3399);
#3401=IFCRELFILLSELEMENT('0lilGYGGke_gMsmUkKm3Qf',#18,$,$,#3394,#1517);
#3402=IFCCARTESIANPOINT((1810.,290.,0.));
#3403=IFCAXIS2PLACEMENT3D(#3402,#9,#6);
#3404=IFCLOCALPLACEMENT(#3393,#3403);
#3405=IFCCARTESIANPOINTLIST2D(((1210.0000000000011,0.),(1210.0000000000014,1810.0000000000023),(5.4143356464919636E-013,1810.0000000000016),(1.3535839116229909E-013,0.),(1210.0000000000011,0.)));
#3406=IFCINDEXEDPOLYCURVE(#3405,$,.F.);
#3407=IFCARBITRARYCLOSEDPROFILEDEF(.AREA.,$,#3406);
#3408=IFCAXIS2PLACEMENT3D(#3,#7,#9);
#3409=IFCEXTRUDEDAREASOLID(#3407,#3408,#9,290.);
#3410=IFCSHAPEREPRESENTATION(#26,'Body','SweptSolid',(#3409));
#3411=IFCPRODUCTDEFINITIONSHAPE($,$,(#3410));
#3412=IFCCARTESIANPOINT((9290.,-145.,1764.4846705194168));
#3413=IFCAXIS2PLACEMENT3D(#3412,$,$);
#3414=IFCLOCALPLACEMENT(#282,#3413);
#3415=IFCOPENINGELEMENT('2eA6Y6X0eydpjEh3pLHR1g',#18,'Windows_Sgl_Plain:1810x1210mm:315456:1',$,$,#3414,#3411,'315456',.OPENING.);
#3416=IFCRELVOIDSELEMENT('1$O13Gb95Bae30SvDfvVMi',#18,$,$,#332,#3415);
#3417=IFCQUANTITYLENGTH('Depth',$,$,290.,$);
#3418=IFCQUANTITYLENGTH('Height',$,$,1810.0000000000023,$);
#3419=IFCQUANTITYLENGTH('Width',$,$,1210.0000000000014,$);
#3420=IFCELEMENTQUANTITY('0hGMRnTTx6cpaV61jJyBdz',#18,'Qto_OpeningElementBaseQuantities',$,$,(#3417,#3418,#3419));
#3421=IFCRELDEFINESBYPROPERTIES('1Ou6jNLBfA_s$QHJjHx4cj',#18,$,$,(#3415),#3420);
#3422=IFCRELFILLSELEMENT('3EbjNzWTjA8un3SG35F749',#18,$,$,#3415,#2337);
#3423=IFCAXIS2PLACEMENT3D(#3,$,$);
#3424=IFCLOCALPLACEMENT(#3414,#3423);
#3425=IFCCARTESIANPOINTLIST2D(((2110.,1809.9999999999973),(0.,1809.999999999998),(0.,0.),(2110.,0.),(2110.,1809.9999999999973)));
#3426=IFCINDEXEDPOLYCURVE(#3425,$,.F.);
#3427=IFCARBITRARYCLOSEDPROFILEDEF(.AREA.,$,#3426);
#3428=IFCAXIS2PLACEMENT3D(#3,#8,#9);
#3429=IFCEXTRUDEDAREASOLID(#3427,#3428,#9,94.999999999999986);
#3430=IFCSHAPEREPRESENTATION(#26,'Body','SweptSolid',(#3429));
#3431=IFCPRODUCTDEFINITIONSHAPE($,$,(#3430));
#3432=IFCCARTESIANPOINT((9633.7500000000018,47.499999999984631,0.));
#3433=IFCAXIS2PLACEMENT3D(#3432,$,$);
#3434=IFCLOCALPLACEMENT(#658,#3433);
#3435=IFCOPENINGELEMENT('1t90h6SyWIjgV7$jqFI9z_',#18,'Doors_ExtDbl_Flush:1810x2110mm:315230:1',$,$,#3434,#3431,'315230',.OPENING.);
#3436=IFCRELVOIDSELEMENT('1$O13Gb95Bae30SvDfvUgo',#18,$,$,#700,#3435);
#3437=IFCQUANTITYLENGTH('Depth',$,$,94.999999999999986,$);
#3438=IFCQUANTITYLENGTH('Height',$,$,1809.999999999998,$);
#3439=IFCQUANTITYLENGTH('Width',$,$,2110.,$);
#3440=IFCELEMENTQUANTITY('2r9LpgBNLYM3itqy$rPFCZ',#18,'Qto_OpeningElementBaseQuantities',$,$,(#3437,#3438,#3439));
#3441=IFCRELDEFINESBYPROPERTIES('39x8lPJLelV4hNieSgVSH6',#18,$,$,(#3435),#3440);
#3442=IFCRELFILLSELEMENT('1d5Lb3tHy9A0E7BLbjyR8E',#18,$,$,#3435,#2202);
#3443=IFCCARTESIANPOINT((-1810.,-95.,0.));
#3444=IFCAXIS2PLACEMENT3D(#3443,$,$);
#3445=IFCLOCALPLACEMENT(#3434,#3444);
#3446=IFCCARTESIANPOINTLIST2D(((1210.0000000000011,0.),(1210.0000000000009,1810.0000000000023),(0.,1810.0000000000016),(1.3535839116229909E-013,0.),(1210.0000000000011,0.)));
#3447=IFCINDEXEDPOLYCURVE(#3446,$,.F.);
#3448=IFCARBITRARYCLOSEDPROFILEDEF(.AREA.,$,#3447);
#3449=IFCAXIS2PLACEMENT3D(#3,#8,#9);
#3450=IFCEXTRUDEDAREASOLID(#3448,#3449,#9,94.999999999999986);
#3451=IFCSHAPEREPRESENTATION(#26,'Body','SweptSolid',(#3450));
#3452=IFCPRODUCTDEFINITIONSHAPE($,$,(#3451));
#3453=IFCCARTESIANPOINT((9910.,47.499999999984603,4900.));
#3454=IFCAXIS2PLACEMENT3D(#3453,$,$);
#3455=IFCLOCALPLACEMENT(#658,#3454);
#3456=IFCOPENINGELEMENT('0m7FKFbd2JaZX9Qg$9HMz$',#18,'Windows_Sgl_Plain:1810x1210mm:315523:1',$,$,#3455,#3452,'315523',.OPENING.);
#3457=IFCRELVOIDSELEMENT('1$O13Gb95Bae30SvDfvVLl',#18,$,$,#700,#3456);
#3458=IFCQUANTITYLENGTH('Depth',$,$,94.999999999999986,$);
#3459=IFCQUANTITYLENGTH('Height',$,$,1810.0000000000023,$);
#3460=IFCQUANTITYLENGTH('Width',$,$,1210.0000000000007,$);
#3461=IFCELEMENTQUANTITY('22Vy6QMuUKPlEjjKDP2lNE',#18,'Qto_OpeningElementBaseQuantities',$,$,(#3458,#3459,#3460));
#3462=IFCRELDEFINESBYPROPERTIES('2gw1r3e6ZQ7a8CjGMgWSe7',#18,$,$,(#3456),#3461);
#3463=IFCRELFILLSELEMENT('2DKEten3QKhRYDyI_rEqgo',#18,$,$,#3456,#2450);
#3464=IFCAXIS2PLACEMENT3D(#3,#9,#6);
#3465=IFCLOCALPLACEMENT(#3455,#3464);
#3466=IFCCARTESIANPOINTLIST2D(((2110.,1809.9999999999973),(0.,1809.999999999998),(0.,0.),(2110.,0.),(2110.,1809.9999999999973)));
#3467=IFCINDEXEDPOLYCURVE(#3466,$,.F.);
#3468=IFCARBITRARYCLOSEDPROFILEDEF(.AREA.,$,#3467);
#3469=IFCAXIS2PLACEMENT3D(#3,#8,#9);
#3470=IFCEXTRUDEDAREASOLID(#3468,#3469,#9,94.999999999999986);
#3471=IFCSHAPEREPRESENTATION(#26,'Body','SweptSolid',(#3470));
#3472=IFCPRODUCTDEFINITIONSHAPE($,$,(#3471));
#3473=IFCCARTESIANPOINT((5394.3840817997243,47.49999999998257,-0.));
#3474=IFCAXIS2PLACEMENT3D(#3473,$,$);
#3475=IFCLOCALPLACEMENT(#785,#3474);
#3476=IFCOPENINGELEMENT('3K_SvUGw4GUqVPxuyt8W9e',#18,'Doors_ExtDbl_Flush:1810x2110mm:318391:1',$,$,#3475,#3472,'318391',.OPENING.);
#3477=IFCRELVOIDSELEMENT('1$O13Gb95Bae30SvDfvVvR',#18,$,$,#818,#3476);
#3478=IFCQUANTITYLENGTH('Depth',$,$,94.999999999999986,$);
#3479=IFCQUANTITYLENGTH('Height',$,$,2110.,$);
#3480=IFCQUANTITYLENGTH('Width',$,$,1809.999999999998,$);
#3481=IFCELEMENTQUANTITY('2KWAi3vyf5foeVh0Aowhy4',#18,'Qto_OpeningElementBaseQuantities',$,$,(#3478,#3479,#3480));
#3482=IFCRELDEFINESBYPROPERTIES('231MIkOt2DcsRXLazaCdra',#18,$,$,(#3476),#3481);
#3483=IFCRELFILLSELEMENT('26LWnLGtEz7OJ6SRw4wFTW',#18,$,$,#3476,#2971);
#3484=IFCCARTESIANPOINT((-1810.,-95.,0.));
#3485=IFCAXIS2PLACEMENT3D(#3484,$,$);
#3486=IFCLOCALPLACEMENT(#3475,#3485);
#3487=IFCUNITASSIGNMENT((#19,#20,#21,#68,#157));
#3488=IFCAXIS2PLACEMENT3D(#3,$,$);
#3489=IFCAXIS2PLACEMENT3D(#3,$,$);
#3490=IFCAXIS2PLACEMENT3D(#3,$,$);
#3491=IFCAXIS2PLACEMENT3D(#3,$,$);
ENDSEC;

END-ISO-10303-21;